Customer_ID,Product_ID,score,n_events,last_event_date,actions
CUST2000,P8029,7,4,2026-06-05,"['Bought', 'Exchanged', 'Support_Contact']"
CUST2000,P8037,5,1,2025-10-25,['Bought']
CUST2000,P8038,1,1,2026-07-26,['Browsed']
CUST2000,P8042,1,1,2026-02-08,['Browsed']
CUST2000,P8056,7,2,2026-08-16,"['Bought', 'Reviewed']"
CUST2000,P8081,3,2,2026-01-05,"['Bought', 'Returned']"
CUST2000,P8097,7,2,2026-06-06,"['Bought', 'Reviewed']"
CUST2000,P8114,2,1,2026-02-24,['Wishlisted']
CUST2000,P8117,3,1,2026-04-10,['Added_to_Cart']
CUST2000,P8122,4,3,2026-08-13,"['Bought', 'Browsed', 'Returned']"
CUST2000,P8124,1,1,2025-09-05,['Browsed']
CUST2000,P8130,1,1,2026-03-06,['Browsed']
CUST2000,P8140,2,1,2026-04-18,['Wishlisted']
CUST2001,P8006,3,1,2026-05-09,['Added_to_Cart']
CUST2001,P8009,3,1,2026-07-06,['Added_to_Cart']
CUST2001,P8011,5,2,2026-05-18,"['Bought', 'Support_Contact']"
CUST2001,P8038,5,1,2025-05-30,['Bought']
CUST2001,P8042,1,1,2026-05-19,['Browsed']
CUST2001,P8051,1,1,2025-12-02,['Browsed']
CUST2001,P8061,5,1,2025-07-05,['Bought']
CUST2001,P8065,5,1,2025-04-22,['Bought']
CUST2001,P8092,5,1,2026-03-29,['Bought']
CUST2001,P8101,5,2,2026-04-03,"['Bought', 'Support_Contact']"
CUST2001,P8133,3,1,2026-05-02,['Added_to_Cart']
CUST2001,P8143,1,1,2025-10-26,['Browsed']
CUST2002,P8027,7,3,2025-12-19,"['Bought', 'Reviewed']"
CUST2002,P8031,3,2,2026-02-01,"['Bought', 'Returned']"
CUST2002,P8056,1,1,2026-07-25,['Browsed']
CUST2002,P8059,3,1,2026-07-09,['Added_to_Cart']
CUST2002,P8084,3,1,2026-03-25,['Added_to_Cart']
CUST2002,P8094,2,1,2025-11-08,['Wishlisted']
CUST2002,P8115,1,1,2026-08-23,['Exchanged']
CUST2002,P8143,1,1,2025-09-20,['Browsed']
CUST2003,P8046,2,1,2026-06-09,['Wishlisted']
CUST2003,P8047,1,1,2026-05-12,['Browsed']
CUST2003,P8052,5,1,2026-01-11,['Bought']
CUST2003,P8059,5,1,2026-01-18,['Bought']
CUST2003,P8080,2,1,2026-05-24,['Wishlisted']
CUST2003,P8083,6,2,2026-08-12,"['Bought', 'Browsed']"
CUST2003,P8085,2,1,2026-07-06,['Wishlisted']
CUST2003,P8096,2,1,2026-05-07,['Wishlisted']
CUST2003,P8097,3,2,2025-07-14,"['Bought', 'Returned']"
CUST2003,P8121,5,2,2025-10-13,"['Bought', 'Reviewed']"
CUST2003,P8137,1,1,2026-06-21,['Browsed']
CUST2003,P8144,2,1,2026-07-07,['Wishlisted']
CUST2004,P8028,2,1,2026-01-15,['Wishlisted']
CUST2004,P8030,1,1,2026-03-20,['Browsed']
CUST2004,P8052,1,1,2026-08-20,['Browsed']
CUST2004,P8060,1,1,2026-04-26,['Browsed']
CUST2004,P8061,2,1,2026-07-26,['Wishlisted']
CUST2004,P8113,2,1,2026-07-09,['Wishlisted']
CUST2004,P8116,3,1,2026-08-17,['Added_to_Cart']
CUST2004,P8117,1,1,2026-03-18,['Browsed']
CUST2004,P8133,2,7,2026-07-23,"['Bought', 'Exchanged', 'Returned', 'Reviewed']"
CUST2004,P8136,1,1,2025-09-17,['Browsed']
CUST2004,P8138,5,1,2026-05-06,['Bought']
CUST2004,P8146,5,1,2026-04-19,['Bought']
CUST2005,P8028,1,1,2026-06-15,['Browsed']
CUST2005,P8031,5,1,2025-12-08,['Bought']
CUST2005,P8038,1,1,2026-08-09,['Browsed']
CUST2005,P8048,2,1,2026-01-03,['Wishlisted']
CUST2005,P8051,1,1,2026-04-15,['Browsed']
CUST2005,P8055,5,1,2025-07-29,['Bought']
CUST2005,P8057,6,2,2025-05-18,"['Bought', 'Exchanged']"
CUST2005,P8076,1,1,2026-05-17,['Browsed']
CUST2005,P8082,3,1,2026-03-09,['Added_to_Cart']
CUST2005,P8083,1,1,2026-07-09,['Browsed']
CUST2005,P8093,1,2,2026-07-26,"['Exchanged', 'Reviewed']"
CUST2005,P8110,1,1,2026-01-03,['Browsed']
CUST2005,P8114,1,1,2025-11-14,['Browsed']
CUST2005,P8116,5,2,2025-09-21,"['Bought', 'Support_Contact']"
CUST2005,P8121,1,1,2026-05-20,['Browsed']
CUST2005,P8123,5,2,2025-09-26,"['Bought', 'Support_Contact']"
CUST2006,P8008,1,1,2026-01-27,['Browsed']
CUST2006,P8016,2,1,2026-07-11,['Wishlisted']
CUST2006,P8035,3,1,2026-05-07,['Added_to_Cart']
CUST2006,P8063,3,2,2025-09-27,"['Bought', 'Returned']"
CUST2006,P8064,3,1,2026-05-01,['Added_to_Cart']
CUST2006,P8070,1,1,2026-05-08,['Browsed']
CUST2006,P8074,3,1,2026-08-08,['Added_to_Cart']
CUST2006,P8113,1,1,2026-05-26,['Browsed']
CUST2006,P8114,2,1,2026-05-07,['Wishlisted']
CUST2006,P8115,14,6,2026-08-23,"['Bought', 'Exchanged', 'Reviewed', 'Support_Contact']"
CUST2006,P8125,1,1,2026-07-11,['Browsed']
CUST2006,P8132,1,1,2025-12-04,['Browsed']
CUST2006,P8137,3,1,2026-05-04,['Added_to_Cart']
CUST2007,P8037,3,2,2026-05-15,"['Bought', 'Returned']"
CUST2007,P8053,2,1,2026-04-29,['Wishlisted']
CUST2007,P8082,1,1,2025-10-28,['Browsed']
CUST2007,P8095,1,1,2026-04-14,['Browsed']
CUST2007,P8108,1,1,2025-09-20,['Browsed']
CUST2007,P8110,2,1,2026-04-19,['Wishlisted']
CUST2007,P8117,1,1,2025-09-23,['Browsed']
CUST2007,P8122,9,3,2026-06-30,"['Bought', 'Wishlisted']"
CUST2007,P8131,1,1,2025-11-24,['Browsed']
CUST2007,P8138,1,1,2026-06-15,['Browsed']
CUST2007,P8143,2,1,2025-11-11,['Wishlisted']
CUST2008,P8004,3,4,2026-08-22,"['Returned', 'Reviewed', 'Support_Contact']"
CUST2008,P8027,1,1,2025-09-29,['Browsed']
CUST2008,P8029,3,1,2026-04-07,['Added_to_Cart']
CUST2008,P8032,3,1,2026-08-03,['Added_to_Cart']
CUST2008,P8040,1,1,2026-01-14,['Browsed']
CUST2008,P8041,5,1,2026-06-30,['Bought']
CUST2008,P8044,1,1,2026-01-27,['Browsed']
CUST2008,P8057,1,1,2026-02-20,['Browsed']
CUST2008,P8083,1,1,2026-01-01,['Browsed']
CUST2008,P8116,5,2,2026-06-25,"['Bought', 'Reviewed']"
CUST2008,P8127,5,1,2025-09-25,['Bought']
CUST2008,P8130,1,1,2026-04-13,['Browsed']
CUST2008,P8132,9,2,2026-05-22,"['Bought', 'Reviewed']"
CUST2008,P8138,1,1,2026-07-14,['Browsed']
CUST2009,P8035,1,1,2026-03-20,['Browsed']
CUST2009,P8057,1,1,2026-05-09,['Browsed']
CUST2009,P8058,1,1,2025-11-08,['Browsed']
CUST2009,P8059,8,2,2026-08-19,"['Bought', 'Reviewed']"
CUST2009,P8082,5,1,2026-03-20,['Bought']
CUST2009,P8083,5,1,2025-06-28,['Bought']
CUST2009,P8090,3,1,2026-04-07,['Added_to_Cart']
CUST2009,P8107,1,1,2026-04-20,['Browsed']
CUST2009,P8120,5,1,2025-07-03,['Bought']
CUST2009,P8123,1,1,2026-02-14,['Browsed']
CUST2009,P8130,1,1,2026-03-31,['Browsed']
CUST2009,P8144,3,1,2026-07-20,['Added_to_Cart']
CUST2010,P8031,1,1,2026-04-03,['Browsed']
CUST2010,P8043,1,1,2026-02-14,['Browsed']
CUST2010,P8049,5,1,2025-12-16,['Bought']
CUST2010,P8083,3,1,2026-04-12,['Added_to_Cart']
CUST2010,P8088,3,1,2026-04-24,['Added_to_Cart']
CUST2010,P8092,3,2,2026-08-11,"['Browsed', 'Wishlisted']"
CUST2010,P8093,1,1,2026-03-29,['Browsed']
CUST2010,P8095,1,1,2026-07-12,['Browsed']
CUST2010,P8118,2,1,2026-01-10,['Wishlisted']
CUST2010,P8121,2,1,2025-11-27,['Wishlisted']
CUST2010,P8123,1,1,2026-05-23,['Browsed']
CUST2010,P8127,7,2,2026-01-22,"['Bought', 'Reviewed']"
CUST2011,P8030,2,1,2026-02-26,['Wishlisted']
CUST2011,P8035,1,1,2026-02-04,['Browsed']
CUST2011,P8050,0,1,2026-02-08,['Support_Contact']
CUST2011,P8055,2,2,2026-05-24,['Browsed']
CUST2011,P8087,1,1,2025-10-01,['Browsed']
CUST2011,P8091,1,1,2026-05-25,['Browsed']
CUST2011,P8093,6,2,2026-07-19,"['Bought', 'Browsed']"
CUST2011,P8097,3,1,2026-07-20,['Added_to_Cart']
CUST2011,P8110,7,2,2026-08-15,"['Bought', 'Reviewed']"
CUST2011,P8121,5,1,2025-10-17,['Bought']
CUST2011,P8124,6,2,2025-06-18,"['Bought', 'Exchanged']"
CUST2011,P8126,2,1,2025-12-18,['Wishlisted']
CUST2011,P8128,3,3,2026-01-24,"['Exchanged', 'Reviewed']"
CUST2011,P8136,3,2,2026-04-03,"['Bought', 'Returned']"
CUST2011,P8142,1,1,2026-03-19,['Browsed']
CUST2012,P8032,1,1,2026-05-10,['Browsed']
CUST2012,P8035,2,1,2025-11-27,['Wishlisted']
CUST2012,P8043,1,1,2025-11-26,['Browsed']
CUST2012,P8045,2,1,2025-12-24,['Wishlisted']
CUST2012,P8047,7,3,2026-04-13,"['Bought', 'Reviewed', 'Support_Contact']"
CUST2012,P8050,1,1,2026-05-14,['Browsed']
CUST2012,P8052,5,3,2026-05-09,"['Bought', 'Reviewed']"
CUST2012,P8087,1,1,2026-05-12,['Browsed']
CUST2012,P8095,5,1,2025-05-28,['Bought']
CUST2012,P8112,1,1,2025-10-09,['Browsed']
CUST2012,P8116,3,1,2026-05-15,['Added_to_Cart']
CUST2012,P8118,1,1,2025-09-07,['Browsed']
CUST2012,P8120,3,1,2026-02-11,['Added_to_Cart']
CUST2012,P8122,1,1,2026-08-23,['Browsed']
CUST2012,P8127,1,1,2025-10-10,['Browsed']
CUST2012,P8136,1,1,2026-04-19,['Browsed']
CUST2013,P8009,14,6,2025-12-24,"['Exchanged', 'Reviewed']"
CUST2013,P8054,1,1,2026-04-19,['Browsed']
CUST2013,P8059,5,2,2026-05-10,"['Bought', 'Support_Contact']"
CUST2013,P8115,1,1,2026-04-13,['Browsed']
CUST2013,P8116,1,1,2026-07-17,['Browsed']
CUST2013,P8133,1,1,2025-09-28,['Browsed']
CUST2013,P8134,5,1,2025-08-12,['Bought']
CUST2013,P8144,2,1,2026-06-06,['Wishlisted']
CUST2014,P8002,1,1,2026-03-17,['Browsed']
CUST2014,P8005,1,1,2025-12-03,['Browsed']
CUST2014,P8021,2,1,2026-03-16,['Wishlisted']
CUST2014,P8041,1,1,2025-09-04,['Browsed']
CUST2014,P8042,4,4,2026-08-23,"['Bought', 'Returned', 'Reviewed']"
CUST2014,P8048,5,1,2026-05-17,['Bought']
CUST2014,P8053,1,1,2025-10-27,['Browsed']
CUST2014,P8063,2,1,2026-06-28,['Wishlisted']
CUST2014,P8064,1,1,2026-02-14,['Browsed']
CUST2014,P8067,3,1,2026-04-18,['Added_to_Cart']
CUST2014,P8094,1,1,2026-02-26,['Browsed']
CUST2014,P8097,1,1,2025-12-30,['Browsed']
CUST2014,P8100,3,1,2026-08-21,['Added_to_Cart']
CUST2014,P8106,5,1,2026-02-23,['Bought']
CUST2014,P8109,1,1,2026-02-14,['Browsed']
CUST2014,P8150,1,1,2026-04-22,['Browsed']
CUST2015,P8047,1,1,2025-09-09,['Browsed']
CUST2015,P8051,5,1,2025-05-09,['Bought']
CUST2015,P8078,6,2,2026-06-20,"['Bought', 'Exchanged']"
CUST2015,P8090,8,3,2026-01-11,"['Bought', 'Reviewed']"
CUST2015,P8107,3,1,2026-04-19,['Added_to_Cart']
CUST2015,P8114,1,2,2025-12-18,"['Reviewed', 'Support_Contact']"
CUST2015,P8122,6,2,2026-05-21,"['Bought', 'Exchanged']"
CUST2015,P8127,3,1,2026-06-26,['Added_to_Cart']
CUST2015,P8140,1,1,2026-07-17,['Browsed']
CUST2016,P8029,5,2,2025-08-16,"['Bought', 'Support_Contact']"
CUST2016,P8037,5,1,2026-04-22,['Bought']
CUST2016,P8045,9,3,2026-07-23,"['Added_to_Cart', 'Bought', 'Exchanged']"
CUST2016,P8047,10,4,2026-08-22,"['Bought', 'Browsed', 'Reviewed']"
CUST2016,P8076,3,1,2026-03-15,['Added_to_Cart']
CUST2016,P8117,2,1,2026-08-15,['Wishlisted']
CUST2016,P8119,7,3,2025-11-16,"['Bought', 'Returned', 'Reviewed']"
CUST2016,P8124,3,2,2025-05-30,"['Bought', 'Returned']"
CUST2016,P8130,5,1,2026-06-10,['Bought']
CUST2016,P8140,3,1,2026-08-23,['Added_to_Cart']
CUST2017,P8004,1,1,2026-04-25,['Browsed']
CUST2017,P8010,6,2,2025-09-18,"['Bought', 'Exchanged']"
CUST2017,P8026,1,1,2026-07-13,['Browsed']
CUST2017,P8033,3,1,2026-08-10,['Added_to_Cart']
CUST2017,P8071,1,1,2025-10-17,['Browsed']
CUST2017,P8074,5,1,2025-12-19,['Bought']
CUST2017,P8099,6,2,2026-03-05,"['Bought', 'Browsed']"
CUST2017,P8100,1,1,2026-02-12,['Browsed']
CUST2017,P8103,1,1,2026-03-07,['Browsed']
CUST2017,P8112,2,1,2026-06-19,['Wishlisted']
CUST2017,P8120,1,1,2026-08-23,['Exchanged']
CUST2017,P8141,7,2,2026-05-16,"['Bought', 'Wishlisted']"
CUST2017,P8152,2,2,2025-12-10,['Browsed']
CUST2018,P8010,3,2,2026-05-18,"['Exchanged', 'Reviewed']"
CUST2018,P8020,3,1,2026-02-12,['Added_to_Cart']
CUST2018,P8023,1,1,2026-02-08,['Browsed']
CUST2018,P8032,6,2,2025-11-04,"['Bought', 'Exchanged']"
CUST2018,P8035,1,1,2026-04-08,['Browsed']
CUST2018,P8056,3,1,2026-02-24,['Added_to_Cart']
CUST2018,P8059,5,1,2026-06-01,['Bought']
CUST2018,P8066,1,1,2026-03-19,['Browsed']
CUST2018,P8072,6,7,2025-11-21,"['Bought', 'Exchanged', 'Returned', 'Reviewed']"
CUST2018,P8103,1,1,2026-04-15,['Browsed']
CUST2018,P8113,1,1,2026-03-03,['Browsed']
CUST2018,P8117,4,3,2026-05-27,"['Bought', 'Exchanged', 'Returned']"
CUST2018,P8125,9,2,2026-06-21,"['Bought', 'Reviewed']"
CUST2019,P8040,3,1,2026-06-02,['Added_to_Cart']
CUST2019,P8043,3,2,2026-08-05,"['Browsed', 'Wishlisted']"
CUST2019,P8049,1,3,2026-05-31,"['Browsed', 'Returned', 'Wishlisted']"
CUST2019,P8053,2,1,2026-08-18,['Wishlisted']
CUST2019,P8095,3,1,2026-05-11,['Added_to_Cart']
CUST2019,P8109,4,2,2026-06-09,"['Added_to_Cart', 'Browsed']"
CUST2019,P8119,1,1,2026-07-23,['Browsed']
CUST2019,P8124,3,1,2026-06-30,['Added_to_Cart']
CUST2019,P8130,1,1,2026-01-25,['Browsed']
CUST2019,P8137,1,1,2026-02-25,['Browsed']
CUST2020,P8029,1,1,2025-10-24,['Browsed']
CUST2020,P8030,5,1,2026-03-03,['Bought']
CUST2020,P8045,5,1,2025-05-08,['Bought']
CUST2020,P8050,8,2,2026-06-05,"['Bought', 'Reviewed']"
CUST2020,P8058,8,2,2026-03-29,"['Added_to_Cart', 'Bought']"
CUST2020,P8073,3,1,2026-03-25,['Added_to_Cart']
CUST2020,P8091,1,1,2026-04-05,['Browsed']
CUST2020,P8103,1,1,2026-05-01,['Browsed']
CUST2020,P8124,5,1,2025-12-05,['Bought']
CUST2020,P8127,1,1,2025-09-09,['Browsed']
CUST2020,P8131,1,1,2026-04-17,['Browsed']
CUST2021,P8031,2,1,2025-11-20,['Wishlisted']
CUST2021,P8044,1,1,2025-11-19,['Browsed']
CUST2021,P8045,5,1,2025-06-26,['Bought']
CUST2021,P8048,5,1,2025-05-13,['Bought']
CUST2021,P8050,1,1,2025-11-20,['Browsed']
CUST2021,P8067,1,1,2026-07-25,['Browsed']
CUST2021,P8069,3,1,2026-07-26,['Added_to_Cart']
CUST2021,P8071,3,1,2026-08-07,['Added_to_Cart']
CUST2021,P8101,5,1,2025-05-23,['Bought']
CUST2021,P8139,3,1,2026-03-31,['Added_to_Cart']
CUST2022,P8004,3,1,2026-03-18,['Added_to_Cart']
CUST2022,P8005,1,1,2025-10-12,['Browsed']
CUST2022,P8009,2,1,2026-07-22,['Wishlisted']
CUST2022,P8016,3,1,2026-03-27,['Added_to_Cart']
CUST2022,P8022,1,1,2026-01-07,['Browsed']
CUST2022,P8032,3,1,2026-05-20,['Added_to_Cart']
CUST2022,P8053,2,1,2026-07-03,['Wishlisted']
CUST2022,P8055,1,1,2026-01-01,['Browsed']
CUST2022,P8059,1,1,2025-10-29,['Browsed']
CUST2022,P8063,1,1,2026-04-29,['Browsed']
CUST2022,P8109,1,1,2025-12-28,['Browsed']
CUST2022,P8114,7,2,2026-08-18,"['Bought', 'Reviewed']"
CUST2022,P8119,3,1,2026-03-05,['Added_to_Cart']
CUST2022,P8124,4,2,2026-07-14,"['Added_to_Cart', 'Browsed']"
CUST2022,P8143,5,1,2026-03-26,['Bought']
CUST2023,P8003,1,1,2026-08-23,['Browsed']
CUST2023,P8009,6,11,2025-11-26,"['Bought', 'Exchanged', 'Returned', 'Reviewed', 'Support_Contact']"
CUST2023,P8017,1,1,2025-10-20,['Browsed']
CUST2023,P8027,1,1,2025-09-27,['Browsed']
CUST2023,P8045,6,3,2025-10-01,"['Bought', 'Returned', 'Reviewed']"
CUST2023,P8069,3,1,2026-07-29,['Added_to_Cart']
CUST2023,P8102,3,2,2025-08-06,"['Bought', 'Returned']"
CUST2023,P8110,1,1,2026-01-18,['Browsed']
CUST2023,P8135,1,1,2026-02-04,['Browsed']
CUST2023,P8136,1,1,2025-12-25,['Browsed']
CUST2024,P8003,2,1,2026-01-25,['Wishlisted']
CUST2024,P8027,2,1,2026-05-09,['Wishlisted']
CUST2024,P8040,9,5,2026-08-22,"['Bought', 'Browsed', 'Exchanged', 'Reviewed']"
CUST2024,P8063,3,2,2026-03-08,"['Bought', 'Returned']"
CUST2024,P8071,1,1,2026-04-22,['Browsed']
CUST2024,P8074,1,1,2025-09-18,['Browsed']
CUST2024,P8121,8,3,2025-12-04,"['Bought', 'Reviewed']"
CUST2024,P8149,1,1,2026-07-05,['Browsed']
CUST2024,P8152,3,1,2026-07-18,['Added_to_Cart']
CUST2025,P8003,9,6,2026-03-13,"['Bought', 'Exchanged', 'Returned', 'Reviewed']"
CUST2025,P8004,3,1,2026-07-04,['Added_to_Cart']
CUST2025,P8006,1,1,2026-04-15,['Browsed']
CUST2025,P8017,2,1,2025-12-25,['Wishlisted']
CUST2025,P8019,1,1,2026-07-17,['Browsed']
CUST2025,P8026,2,2,2026-08-10,['Browsed']
CUST2025,P8035,1,1,2025-10-02,['Browsed']
CUST2025,P8038,1,1,2025-10-16,['Browsed']
CUST2025,P8110,5,1,2025-11-17,['Bought']
CUST2025,P8121,9,3,2026-08-15,"['Added_to_Cart', 'Bought', 'Browsed']"
CUST2025,P8137,2,1,2026-06-08,['Wishlisted']
CUST2026,P8009,2,2,2026-02-10,"['Returned', 'Reviewed']"
CUST2026,P8032,1,1,2025-10-03,['Browsed']
CUST2026,P8033,1,1,2026-03-10,['Browsed']
CUST2026,P8050,-2,1,2025-07-05,['Returned']
CUST2026,P8052,3,1,2026-03-16,['Added_to_Cart']
CUST2026,P8059,5,1,2025-07-30,['Bought']
CUST2026,P8078,1,1,2026-07-07,['Browsed']
CUST2026,P8090,1,1,2026-07-30,['Browsed']
CUST2026,P8097,5,1,2025-11-09,['Bought']
CUST2026,P8107,1,1,2025-12-24,['Browsed']
CUST2026,P8115,1,1,2026-07-28,['Browsed']
CUST2026,P8121,7,2,2026-07-30,"['Bought', 'Wishlisted']"
CUST2026,P8125,3,1,2026-08-04,['Added_to_Cart']
CUST2026,P8129,3,1,2026-05-06,['Added_to_Cart']
CUST2026,P8130,3,1,2026-07-18,['Added_to_Cart']
CUST2027,P8001,1,1,2026-01-04,['Browsed']
CUST2027,P8007,4,3,2025-08-14,"['Bought', 'Exchanged', 'Returned']"
CUST2027,P8028,3,1,2026-04-05,['Added_to_Cart']
CUST2027,P8037,1,1,2026-04-11,['Browsed']
CUST2027,P8039,3,1,2026-08-17,['Added_to_Cart']
CUST2027,P8044,1,1,2026-06-27,['Browsed']
CUST2027,P8045,1,1,2025-11-16,['Browsed']
CUST2027,P8056,7,2,2026-08-23,"['Bought', 'Reviewed']"
CUST2027,P8067,1,1,2026-02-15,['Browsed']
CUST2027,P8068,1,1,2025-12-06,['Browsed']
CUST2027,P8102,3,1,2026-04-29,['Added_to_Cart']
CUST2027,P8104,1,1,2025-12-17,['Browsed']
CUST2027,P8109,3,2,2025-06-26,"['Bought', 'Returned']"
CUST2027,P8125,1,1,2026-06-08,['Browsed']
CUST2027,P8145,3,3,2026-04-19,"['Bought', 'Returned', 'Support_Contact']"
CUST2027,P8152,5,1,2025-06-09,['Bought']
CUST2028,P8004,14,3,2026-03-23,"['Bought', 'Reviewed']"
CUST2028,P8011,5,1,2025-08-15,['Bought']
CUST2028,P8013,1,1,2026-02-10,['Browsed']
CUST2028,P8040,1,1,2025-12-09,['Browsed']
CUST2028,P8049,1,1,2026-03-07,['Browsed']
CUST2028,P8051,2,1,2026-05-22,['Wishlisted']
CUST2028,P8058,6,2,2025-12-18,"['Bought', 'Exchanged']"
CUST2028,P8065,1,1,2026-01-26,['Browsed']
CUST2028,P8111,0,1,2026-08-23,['Reviewed']
CUST2028,P8113,1,1,2026-07-25,['Browsed']
CUST2028,P8119,5,1,2025-06-03,['Bought']
CUST2028,P8123,6,2,2025-07-27,"['Bought', 'Exchanged']"
CUST2028,P8127,1,1,2026-02-08,['Browsed']
CUST2028,P8148,1,1,2026-04-13,['Browsed']
CUST2029,P8004,3,1,2026-04-22,['Added_to_Cart']
CUST2029,P8006,1,1,2026-06-02,['Browsed']
CUST2029,P8012,3,1,2026-07-17,['Added_to_Cart']
CUST2029,P8013,1,1,2026-06-16,['Browsed']
CUST2029,P8018,3,1,2026-05-10,['Added_to_Cart']
CUST2029,P8020,3,1,2026-07-04,['Added_to_Cart']
CUST2029,P8037,1,1,2025-10-06,['Browsed']
CUST2029,P8038,2,1,2026-05-18,['Wishlisted']
CUST2029,P8043,2,1,2026-08-23,['Reviewed']
CUST2029,P8047,3,1,2026-08-03,['Added_to_Cart']
CUST2029,P8048,1,1,2025-11-18,['Browsed']
CUST2029,P8052,7,3,2025-07-07,"['Bought', 'Exchanged']"
CUST2029,P8060,3,1,2026-05-21,['Added_to_Cart']
CUST2029,P8130,3,1,2026-06-20,['Added_to_Cart']
CUST2029,P8151,1,1,2025-12-15,['Browsed']
CUST2030,P8032,5,1,2026-03-07,['Bought']
CUST2030,P8036,1,1,2025-11-21,['Browsed']
CUST2030,P8053,1,1,2026-03-23,['Browsed']
CUST2030,P8078,3,1,2026-04-26,['Added_to_Cart']
CUST2030,P8080,5,1,2025-07-22,['Bought']
CUST2030,P8087,3,1,2026-08-05,['Added_to_Cart']
CUST2030,P8090,2,1,2026-01-03,['Wishlisted']
CUST2030,P8098,1,1,2025-11-03,['Browsed']
CUST2030,P8128,6,4,2026-08-17,"['Bought', 'Exchanged', 'Reviewed', 'Support_Contact']"
CUST2030,P8142,10,2,2026-02-07,['Bought']
CUST2031,P8028,5,1,2025-09-24,['Bought']
CUST2031,P8032,8,4,2026-08-14,"['Bought', 'Reviewed', 'Support_Contact']"
CUST2031,P8033,1,1,2026-07-19,['Browsed']
CUST2031,P8045,1,1,2025-09-02,['Browsed']
CUST2031,P8050,1,1,2026-07-25,['Browsed']
CUST2031,P8053,2,1,2026-01-04,['Wishlisted']
CUST2031,P8058,1,1,2025-12-15,['Browsed']
CUST2031,P8108,9,3,2026-01-14,"['Bought', 'Exchanged', 'Reviewed']"
CUST2031,P8138,3,1,2026-05-02,['Added_to_Cart']
CUST2032,P8051,1,1,2025-09-19,['Browsed']
CUST2032,P8081,1,1,2025-10-05,['Browsed']
CUST2032,P8086,5,1,2026-03-22,['Bought']
CUST2032,P8087,1,1,2026-03-26,['Browsed']
CUST2032,P8090,5,1,2025-09-20,['Bought']
CUST2032,P8094,5,1,2025-11-17,['Bought']
CUST2032,P8110,6,3,2026-07-31,"['Bought', 'Exchanged', 'Reviewed']"
CUST2032,P8126,3,1,2026-07-08,['Added_to_Cart']
CUST2032,P8129,1,1,2026-03-10,['Browsed']
CUST2032,P8144,1,1,2026-02-04,['Browsed']
CUST2033,P8047,3,1,2026-03-12,['Added_to_Cart']
CUST2033,P8053,1,1,2026-03-01,['Browsed']
CUST2033,P8054,3,1,2026-07-06,['Added_to_Cart']
CUST2033,P8055,3,1,2026-08-03,['Added_to_Cart']
CUST2033,P8079,2,1,2026-05-10,['Wishlisted']
CUST2033,P8117,3,1,2026-04-04,['Added_to_Cart']
CUST2033,P8124,5,1,2025-11-19,['Bought']
CUST2033,P8134,1,1,2025-12-26,['Browsed']
CUST2033,P8142,4,2,2026-08-01,"['Added_to_Cart', 'Browsed']"
CUST2034,P8001,1,1,2026-05-28,['Browsed']
CUST2034,P8004,2,1,2026-06-01,['Wishlisted']
CUST2034,P8005,1,1,2026-05-10,['Browsed']
CUST2034,P8011,3,1,2026-07-23,['Added_to_Cart']
CUST2034,P8027,8,3,2025-11-14,"['Bought', 'Exchanged', 'Reviewed']"
CUST2034,P8045,3,1,2026-05-10,['Added_to_Cart']
CUST2034,P8055,3,1,2025-12-03,['Reviewed']
CUST2034,P8060,3,1,2026-07-10,['Added_to_Cart']
CUST2034,P8107,4,2,2026-08-22,"['Browsed', 'Reviewed']"
CUST2034,P8127,1,1,2025-09-09,['Browsed']
CUST2034,P8128,7,3,2026-06-15,"['Bought', 'Reviewed', 'Support_Contact']"
CUST2034,P8141,2,1,2026-01-06,['Wishlisted']
CUST2035,P8037,1,1,2026-08-15,['Browsed']
CUST2035,P8041,5,1,2026-06-13,['Bought']
CUST2035,P8057,5,1,2026-03-07,['Bought']
CUST2035,P8081,3,1,2026-06-03,['Added_to_Cart']
CUST2035,P8082,3,1,2026-05-23,['Added_to_Cart']
CUST2035,P8084,7,2,2026-03-30,"['Bought', 'Wishlisted']"
CUST2035,P8094,1,1,2026-06-24,['Browsed']
CUST2035,P8099,1,1,2026-07-02,['Browsed']
CUST2035,P8129,1,1,2026-06-08,['Browsed']
CUST2035,P8135,1,1,2026-05-06,['Browsed']
CUST2035,P8136,5,1,2026-03-08,['Bought']
CUST2035,P8143,2,1,2026-01-16,['Wishlisted']
CUST2036,P8039,1,1,2025-08-26,['Browsed']
CUST2036,P8050,3,1,2026-03-06,['Added_to_Cart']
CUST2036,P8051,5,1,2025-06-26,['Bought']
CUST2036,P8059,2,1,2026-06-16,['Wishlisted']
CUST2036,P8083,1,1,2026-04-20,['Browsed']
CUST2036,P8085,8,2,2026-08-19,"['Bought', 'Reviewed']"
CUST2036,P8110,3,1,2026-05-22,['Added_to_Cart']
CUST2036,P8120,3,1,2026-03-01,['Added_to_Cart']
CUST2036,P8122,8,4,2025-10-19,"['Bought', 'Exchanged', 'Reviewed', 'Support_Contact']"
CUST2036,P8126,5,1,2025-12-19,['Bought']
CUST2036,P8135,1,1,2026-01-07,['Browsed']
CUST2037,P8041,3,1,2026-05-27,['Added_to_Cart']
CUST2037,P8046,5,1,2025-06-29,['Bought']
CUST2037,P8047,3,1,2026-05-16,['Added_to_Cart']
CUST2037,P8056,1,1,2025-10-08,['Browsed']
CUST2037,P8059,0,1,2026-02-27,['Support_Contact']
CUST2037,P8076,5,1,2026-06-15,['Bought']
CUST2037,P8082,2,1,2026-05-01,['Wishlisted']
CUST2037,P8111,1,1,2026-05-25,['Browsed']
CUST2037,P8112,7,4,2026-02-20,"['Bought', 'Returned', 'Reviewed', 'Support_Contact']"
CUST2037,P8115,5,1,2026-01-12,['Bought']
CUST2037,P8116,3,1,2026-05-09,['Added_to_Cart']
CUST2037,P8128,1,2,2026-07-01,"['Returned', 'Reviewed']"
CUST2037,P8132,1,1,2026-07-31,['Browsed']
CUST2037,P8135,2,1,2026-08-07,['Wishlisted']
CUST2037,P8143,7,4,2026-03-29,"['Bought', 'Returned', 'Reviewed']"
CUST2037,P8144,1,1,2026-04-16,['Browsed']
CUST2038,P8016,3,1,2026-04-29,['Added_to_Cart']
CUST2038,P8025,5,1,2026-03-24,['Bought']
CUST2038,P8026,1,1,2025-10-30,['Browsed']
CUST2038,P8028,2,1,2026-02-09,['Wishlisted']
CUST2038,P8030,5,1,2026-05-22,['Bought']
CUST2038,P8033,1,1,2026-01-07,['Browsed']
CUST2038,P8037,1,1,2025-11-15,['Browsed']
CUST2038,P8042,1,1,2026-01-12,['Browsed']
CUST2038,P8055,3,1,2026-07-20,['Added_to_Cart']
CUST2038,P8063,3,1,2026-08-12,['Added_to_Cart']
CUST2038,P8101,5,1,2025-04-30,['Bought']
CUST2038,P8102,6,2,2025-12-06,"['Bought', 'Exchanged']"
CUST2038,P8145,6,2,2026-06-04,"['Bought', 'Browsed']"
CUST2039,P8030,1,1,2025-09-15,['Browsed']
CUST2039,P8036,1,1,2026-02-23,['Browsed']
CUST2039,P8057,2,1,2026-01-29,['Wishlisted']
CUST2039,P8081,2,1,2026-06-08,['Wishlisted']
CUST2039,P8085,2,1,2025-12-04,['Wishlisted']
CUST2039,P8087,5,1,2025-12-29,['Bought']
CUST2039,P8095,2,1,2025-12-23,['Wishlisted']
CUST2039,P8096,1,1,2025-12-02,['Browsed']
CUST2039,P8109,2,1,2026-04-18,['Wishlisted']
CUST2039,P8129,4,2,2026-08-02,"['Added_to_Cart', 'Browsed']"
CUST2039,P8139,1,1,2026-06-22,['Browsed']
CUST2039,P8143,5,1,2025-11-01,['Bought']
CUST2040,P8030,3,1,2026-07-10,['Added_to_Cart']
CUST2040,P8034,2,1,2026-01-14,['Wishlisted']
CUST2040,P8044,2,1,2026-06-24,['Wishlisted']
CUST2040,P8077,1,1,2026-06-27,['Browsed']
CUST2040,P8081,3,1,2026-06-23,['Added_to_Cart']
CUST2040,P8083,1,1,2026-08-11,['Browsed']
CUST2040,P8084,2,1,2026-07-31,['Wishlisted']
CUST2040,P8093,3,1,2026-05-13,['Added_to_Cart']
CUST2040,P8122,1,1,2025-10-13,['Browsed']
CUST2040,P8125,10,5,2026-08-17,"['Bought', 'Browsed', 'Returned', 'Reviewed']"
CUST2040,P8126,1,1,2026-08-16,['Browsed']
CUST2040,P8138,1,1,2026-04-15,['Browsed']
CUST2040,P8141,5,1,2025-10-08,['Bought']
CUST2041,P8001,1,1,2025-09-26,['Browsed']
CUST2041,P8048,1,1,2026-07-05,['Browsed']
CUST2041,P8058,3,1,2026-02-22,['Added_to_Cart']
CUST2041,P8066,1,1,2026-02-24,['Browsed']
CUST2041,P8067,7,2,2026-06-13,"['Bought', 'Reviewed']"
CUST2041,P8069,1,1,2026-08-07,['Browsed']
CUST2041,P8098,5,1,2025-06-26,['Bought']
CUST2041,P8119,1,1,2025-12-13,['Browsed']
CUST2041,P8123,9,4,2025-12-28,"['Bought', 'Exchanged', 'Reviewed']"
CUST2041,P8148,1,1,2026-01-03,['Browsed']
CUST2041,P8151,2,1,2026-08-20,['Wishlisted']
CUST2042,P8006,1,1,2026-01-23,['Browsed']
CUST2042,P8009,1,8,2025-12-26,"['Exchanged', 'Returned', 'Reviewed']"
CUST2042,P8024,1,1,2025-10-24,['Browsed']
CUST2042,P8043,5,1,2025-08-20,['Bought']
CUST2042,P8072,1,1,2026-05-21,['Browsed']
CUST2042,P8108,1,1,2026-08-19,['Reviewed']
CUST2042,P8120,5,3,2026-08-23,"['Bought', 'Returned', 'Reviewed']"
CUST2042,P8127,3,1,2026-05-10,['Added_to_Cart']
CUST2042,P8128,11,5,2026-02-13,"['Bought', 'Exchanged', 'Reviewed', 'Support_Contact', 'Wishlisted']"
CUST2042,P8132,1,1,2025-10-30,['Browsed']
CUST2042,P8137,3,1,2026-06-26,['Added_to_Cart']
CUST2043,P8007,2,1,2026-04-11,['Wishlisted']
CUST2043,P8014,8,3,2026-07-18,"['Bought', 'Exchanged', 'Wishlisted']"
CUST2043,P8018,5,1,2026-02-25,['Bought']
CUST2043,P8046,3,2,2026-04-24,['Reviewed']
CUST2043,P8062,1,1,2026-03-19,['Browsed']
CUST2043,P8092,8,3,2025-11-26,"['Bought', 'Reviewed', 'Support_Contact']"
CUST2043,P8106,3,1,2026-05-02,['Added_to_Cart']
CUST2043,P8111,2,1,2026-07-01,['Wishlisted']
CUST2043,P8123,3,1,2026-03-30,['Added_to_Cart']
CUST2043,P8125,1,1,2026-05-07,['Browsed']
CUST2043,P8133,5,1,2025-12-11,['Bought']
CUST2043,P8139,5,2,2025-06-24,"['Bought', 'Support_Contact']"
CUST2044,P8027,3,3,2026-07-07,"['Bought', 'Returned', 'Reviewed']"
CUST2044,P8028,1,1,2026-01-21,['Browsed']
CUST2044,P8031,5,1,2025-10-07,['Bought']
CUST2044,P8036,1,1,2025-11-14,['Browsed']
CUST2044,P8038,5,1,2026-02-13,['Bought']
CUST2044,P8042,3,1,2026-03-22,['Added_to_Cart']
CUST2044,P8044,3,1,2026-04-16,['Added_to_Cart']
CUST2044,P8045,1,1,2026-03-22,['Browsed']
CUST2044,P8046,1,1,2026-03-24,['Browsed']
CUST2044,P8047,1,1,2026-08-24,['Browsed']
CUST2044,P8049,5,1,2025-07-18,['Bought']
CUST2044,P8059,3,2,2026-08-13,"['Exchanged', 'Reviewed']"
CUST2044,P8085,1,1,2026-08-03,['Browsed']
CUST2044,P8091,1,1,2025-11-26,['Browsed']
CUST2044,P8095,1,1,2026-06-17,['Browsed']
CUST2044,P8107,1,1,2025-10-02,['Browsed']
CUST2044,P8122,3,1,2026-06-24,['Added_to_Cart']
CUST2044,P8128,1,1,2026-07-02,['Browsed']
CUST2045,P8032,6,3,2026-08-25,"['Bought', 'Reviewed', 'Support_Contact']"
CUST2045,P8033,2,1,2026-07-09,['Wishlisted']
CUST2045,P8048,1,1,2025-10-13,['Browsed']
CUST2045,P8055,5,1,2025-11-17,['Bought']
CUST2045,P8083,7,2,2026-08-19,"['Bought', 'Reviewed']"
CUST2045,P8093,2,1,2026-07-16,['Wishlisted']
CUST2045,P8113,2,1,2026-08-11,['Wishlisted']
CUST2045,P8119,2,1,2026-07-01,['Wishlisted']
CUST2045,P8136,8,8,2025-09-12,"['Bought', 'Exchanged', 'Returned', 'Reviewed', 'Support_Contact']"
CUST2046,P8036,1,1,2025-09-01,['Browsed']
CUST2046,P8043,5,1,2026-08-09,['Bought']
CUST2046,P8077,5,1,2025-04-29,['Bought']
CUST2046,P8079,7,2,2026-06-10,"['Bought', 'Wishlisted']"
CUST2046,P8086,1,1,2025-09-09,['Browsed']
CUST2046,P8093,1,1,2026-08-16,['Browsed']
CUST2046,P8096,2,1,2026-08-06,['Wishlisted']
CUST2046,P8121,1,1,2026-07-13,['Browsed']
CUST2046,P8122,1,1,2026-08-07,['Browsed']
CUST2046,P8126,5,1,2025-06-13,['Bought']
CUST2046,P8132,8,3,2026-08-17,"['Bought', 'Reviewed']"
CUST2046,P8136,3,1,2026-07-10,['Added_to_Cart']
CUST2047,P8006,5,1,2025-06-15,['Bought']
CUST2047,P8015,5,1,2026-04-11,['Bought']
CUST2047,P8094,1,1,2026-07-09,['Browsed']
CUST2047,P8107,3,1,2026-07-27,['Added_to_Cart']
CUST2047,P8111,10,3,2026-08-15,"['Bought', 'Exchanged', 'Reviewed']"
CUST2047,P8123,3,2,2026-07-23,"['Bought', 'Returned']"
CUST2047,P8130,1,1,2026-04-27,['Browsed']
CUST2047,P8132,1,1,2025-12-17,['Browsed']
CUST2047,P8150,1,1,2026-07-26,['Browsed']
CUST2047,P8152,1,1,2025-10-05,['Browsed']
CUST2048,P8027,3,1,2026-07-24,['Added_to_Cart']
CUST2048,P8029,2,1,2026-07-05,['Wishlisted']
CUST2048,P8038,2,2,2026-08-10,['Browsed']
CUST2048,P8043,7,3,2026-03-29,"['Bought', 'Browsed', 'Exchanged']"
CUST2048,P8049,3,1,2026-07-01,['Added_to_Cart']
CUST2048,P8091,3,1,2026-05-29,['Added_to_Cart']
CUST2048,P8094,2,1,2026-04-24,['Wishlisted']
CUST2048,P8097,3,1,2026-04-07,['Added_to_Cart']
CUST2048,P8118,5,1,2025-06-20,['Bought']
CUST2048,P8135,1,1,2025-09-19,['Browsed']
CUST2049,P8001,1,1,2026-03-31,['Browsed']
CUST2049,P8008,2,1,2026-01-19,['Wishlisted']
CUST2049,P8025,1,1,2025-09-05,['Browsed']
CUST2049,P8027,3,1,2026-06-06,['Added_to_Cart']
CUST2049,P8034,1,1,2026-03-23,['Browsed']
CUST2049,P8044,1,1,2026-08-01,['Browsed']
CUST2049,P8057,3,1,2026-03-07,['Added_to_Cart']
CUST2049,P8072,7,5,2026-08-23,"['Bought', 'Reviewed', 'Support_Contact']"
CUST2049,P8101,3,1,2026-04-24,['Added_to_Cart']
CUST2049,P8104,3,1,2026-07-09,['Added_to_Cart']
CUST2049,P8105,6,2,2025-10-09,"['Bought', 'Reviewed']"
CUST2049,P8115,1,1,2026-08-20,['Browsed']
CUST2049,P8119,2,1,2025-11-24,['Wishlisted']
CUST2049,P8121,3,1,2026-04-03,['Added_to_Cart']
CUST2049,P8127,3,1,2026-07-19,['Added_to_Cart']
CUST2049,P8137,2,4,2026-03-22,"['Bought', 'Browsed', 'Returned']"
CUST2049,P8142,5,1,2026-03-05,['Bought']
CUST2049,P8144,5,1,2026-03-01,['Bought']
CUST2050,P8034,5,1,2025-08-28,['Bought']
CUST2050,P8041,1,1,2025-10-21,['Browsed']
CUST2050,P8052,5,1,2026-07-29,['Bought']
CUST2050,P8059,1,1,2026-08-02,['Browsed']
CUST2050,P8076,1,1,2026-04-13,['Browsed']
CUST2050,P8080,1,1,2025-09-04,['Browsed']
CUST2050,P8093,5,1,2025-05-26,['Bought']
CUST2050,P8113,1,1,2026-01-20,['Browsed']
CUST2050,P8130,6,5,2026-08-19,"['Bought', 'Returned', 'Reviewed']"
CUST2051,P8009,1,2,2025-08-09,"['Exchanged', 'Support_Contact']"
CUST2051,P8027,1,1,2025-10-16,['Browsed']
CUST2051,P8029,1,1,2026-08-04,['Browsed']
CUST2051,P8041,5,1,2026-07-08,['Bought']
CUST2051,P8043,5,1,2025-07-05,['Bought']
CUST2051,P8046,1,1,2026-01-03,['Browsed']
CUST2051,P8075,5,1,2025-07-03,['Bought']
CUST2051,P8086,5,2,2025-12-26,"['Bought', 'Support_Contact']"
CUST2051,P8094,2,1,2026-01-02,['Wishlisted']
CUST2051,P8108,3,1,2026-06-26,['Added_to_Cart']
CUST2051,P8120,5,1,2026-06-26,['Bought']
CUST2051,P8124,5,3,2026-03-04,"['Bought', 'Returned', 'Reviewed']"
CUST2051,P8126,2,1,2026-07-16,['Wishlisted']
CUST2051,P8127,1,1,2025-10-26,['Browsed']
CUST2051,P8132,3,1,2026-05-09,['Added_to_Cart']
CUST2051,P8135,2,1,2026-04-16,['Wishlisted']
CUST2051,P8141,2,1,2025-11-23,['Wishlisted']
CUST2052,P8004,8,5,2026-06-23,"['Bought', 'Exchanged', 'Returned', 'Reviewed']"
CUST2052,P8036,5,1,2025-08-02,['Bought']
CUST2052,P8040,1,1,2026-03-23,['Browsed']
CUST2052,P8055,2,1,2026-01-30,['Wishlisted']
CUST2052,P8070,3,1,2026-06-10,['Added_to_Cart']
CUST2052,P8104,2,2,2025-10-31,['Browsed']
CUST2052,P8113,1,1,2026-03-18,['Browsed']
CUST2052,P8135,1,1,2025-12-11,['Browsed']
CUST2053,P8043,1,1,2025-12-07,['Browsed']
CUST2053,P8048,1,1,2026-07-23,['Browsed']
CUST2053,P8049,3,1,2026-08-13,['Added_to_Cart']
CUST2053,P8050,2,1,2026-02-22,['Wishlisted']
CUST2053,P8051,7,2,2026-07-24,"['Bought', 'Wishlisted']"
CUST2053,P8079,5,1,2025-09-29,['Bought']
CUST2053,P8082,3,2,2026-01-12,"['Bought', 'Returned']"
CUST2053,P8087,2,1,2026-06-22,['Wishlisted']
CUST2053,P8109,5,1,2026-01-03,['Bought']
CUST2053,P8112,1,1,2025-11-04,['Browsed']
CUST2053,P8121,2,2,2026-06-17,['Browsed']
CUST2053,P8127,1,1,2025-12-13,['Browsed']
CUST2053,P8130,1,1,2026-08-20,['Browsed']
CUST2053,P8134,1,1,2026-02-25,['Browsed']
CUST2053,P8136,2,1,2026-06-10,['Wishlisted']
CUST2053,P8141,2,1,2026-07-12,['Wishlisted']
CUST2054,P8050,1,1,2026-07-01,['Browsed']
CUST2054,P8085,1,1,2026-07-03,['Browsed']
CUST2054,P8098,3,1,2026-05-24,['Added_to_Cart']
CUST2054,P8115,1,1,2026-08-16,['Browsed']
CUST2054,P8133,1,1,2026-01-27,['Browsed']
CUST2054,P8141,1,1,2026-04-13,['Browsed']
CUST2054,P8142,5,1,2026-03-19,['Bought']
CUST2054,P8144,1,1,2026-05-06,['Browsed']
CUST2055,P8004,1,1,2026-05-12,['Browsed']
CUST2055,P8005,5,1,2025-08-08,['Bought']
CUST2055,P8018,1,1,2026-04-12,['Browsed']
CUST2055,P8024,2,1,2026-02-18,['Wishlisted']
CUST2055,P8028,1,1,2026-02-06,['Browsed']
CUST2055,P8035,1,1,2026-05-10,['Browsed']
CUST2055,P8054,1,1,2026-06-10,['Browsed']
CUST2055,P8070,2,1,2026-03-01,['Wishlisted']
CUST2056,P8006,2,1,2026-05-01,['Wishlisted']
CUST2056,P8017,2,1,2026-01-15,['Wishlisted']
CUST2056,P8023,5,1,2026-05-22,['Bought']
CUST2056,P8025,8,2,2026-08-18,"['Bought', 'Reviewed']"
CUST2056,P8029,3,1,2026-02-12,['Added_to_Cart']
CUST2056,P8043,1,1,2026-02-04,['Browsed']
CUST2056,P8053,5,1,2025-07-28,['Bought']
CUST2056,P8056,5,1,2025-06-30,['Bought']
CUST2056,P8058,5,1,2025-08-31,['Bought']
CUST2056,P8063,5,1,2026-07-10,['Bought']
CUST2056,P8070,1,1,2026-02-05,['Browsed']
CUST2056,P8094,2,1,2025-12-28,['Wishlisted']
CUST2056,P8095,4,2,2026-08-19,"['Added_to_Cart', 'Browsed']"
CUST2056,P8099,1,1,2026-06-30,['Browsed']
CUST2056,P8132,5,1,2026-05-23,['Bought']
CUST2056,P8134,1,1,2026-08-19,['Browsed']
CUST2056,P8146,5,1,2025-08-17,['Bought']
CUST2057,P8027,3,1,2026-08-20,['Added_to_Cart']
CUST2057,P8055,1,3,2026-03-12,"['Bought', 'Returned']"
CUST2057,P8075,2,1,2026-06-29,['Wishlisted']
CUST2057,P8091,2,1,2026-01-19,['Wishlisted']
CUST2057,P8092,1,1,2026-08-23,['Browsed']
CUST2057,P8099,1,1,2026-01-20,['Browsed']
CUST2057,P8110,1,1,2026-03-26,['Browsed']
CUST2057,P8116,2,1,2026-05-07,['Wishlisted']
CUST2057,P8119,1,1,2025-11-02,['Browsed']
CUST2057,P8134,1,1,2026-07-16,['Browsed']
CUST2057,P8137,1,1,2026-01-10,['Browsed']
CUST2057,P8142,5,1,2025-11-30,['Bought']
CUST2057,P8144,1,1,2025-12-24,['Browsed']
CUST2058,P8015,1,1,2026-04-11,['Browsed']
CUST2058,P8019,1,1,2026-08-17,['Browsed']
CUST2058,P8020,3,1,2026-04-01,['Added_to_Cart']
CUST2058,P8021,5,1,2026-02-19,['Bought']
CUST2058,P8029,1,1,2026-04-06,['Browsed']
CUST2058,P8036,3,1,2026-03-21,['Added_to_Cart']
CUST2058,P8049,5,1,2025-06-21,['Bought']
CUST2058,P8052,3,1,2026-03-26,['Added_to_Cart']
CUST2058,P8063,1,1,2026-08-18,['Browsed']
CUST2058,P8065,1,1,2026-05-28,['Browsed']
CUST2058,P8102,3,1,2026-04-07,['Added_to_Cart']
CUST2058,P8130,5,1,2025-10-15,['Bought']
CUST2058,P8144,6,2,2025-10-04,"['Bought', 'Exchanged']"
CUST2059,P8031,5,1,2026-04-20,['Bought']
CUST2059,P8039,4,2,2026-04-16,"['Added_to_Cart', 'Browsed']"
CUST2059,P8046,2,2,2026-02-17,['Browsed']
CUST2059,P8059,3,1,2026-05-12,['Added_to_Cart']
CUST2059,P8060,1,1,2026-05-27,['Browsed']
CUST2059,P8061,1,1,2026-03-01,['Browsed']
CUST2059,P8074,2,1,2025-11-23,['Wishlisted']
CUST2059,P8108,1,1,2025-11-14,['Browsed']
CUST2059,P8122,3,1,2026-04-08,['Added_to_Cart']
CUST2059,P8129,5,1,2025-05-26,['Bought']
CUST2060,P8003,1,1,2025-10-02,['Browsed']
CUST2060,P8007,1,1,2025-08-28,['Browsed']
CUST2060,P8014,5,1,2025-07-30,['Bought']
CUST2060,P8029,1,1,2026-04-02,['Browsed']
CUST2060,P8030,2,1,2026-04-04,['Wishlisted']
CUST2060,P8032,1,1,2025-12-17,['Browsed']
CUST2060,P8054,5,1,2025-06-14,['Bought']
CUST2060,P8070,3,1,2026-04-16,['Added_to_Cart']
CUST2060,P8095,1,1,2026-02-27,['Browsed']
CUST2060,P8112,5,1,2026-05-21,['Bought']
CUST2060,P8113,1,1,2025-12-07,['Browsed']
CUST2060,P8139,1,1,2025-10-31,['Browsed']
CUST2061,P8001,8,2,2025-12-26,"['Bought', 'Reviewed']"
CUST2061,P8004,2,1,2025-12-04,['Wishlisted']
CUST2061,P8022,3,1,2026-02-24,['Added_to_Cart']
CUST2061,P8030,3,1,2026-07-25,['Added_to_Cart']
CUST2061,P8031,5,1,2025-12-17,['Bought']
CUST2061,P8040,1,1,2026-02-06,['Browsed']
CUST2061,P8041,1,1,2025-11-14,['Browsed']
CUST2061,P8042,1,1,2026-08-20,['Browsed']
CUST2061,P8072,1,1,2026-08-22,['Browsed']
CUST2061,P8107,1,1,2026-08-05,['Browsed']
CUST2061,P8109,1,1,2026-06-12,['Browsed']
CUST2061,P8111,5,2,2026-03-09,"['Bought', 'Reviewed']"
CUST2061,P8116,1,1,2026-05-05,['Browsed']
CUST2062,P8007,1,1,2026-04-24,['Browsed']
CUST2062,P8011,3,1,2026-05-17,['Added_to_Cart']
CUST2062,P8013,5,1,2025-10-03,['Bought']
CUST2062,P8033,5,1,2026-01-19,['Bought']
CUST2062,P8045,1,1,2026-01-19,['Browsed']
CUST2062,P8053,6,3,2026-07-26,"['Bought', 'Reviewed', 'Support_Contact']"
CUST2062,P8061,6,2,2026-04-13,"['Bought', 'Exchanged']"
CUST2062,P8065,3,1,2026-07-08,['Added_to_Cart']
CUST2062,P8067,2,1,2026-03-01,['Wishlisted']
CUST2062,P8108,6,2,2026-07-25,"['Bought', 'Browsed']"
CUST2062,P8129,3,1,2026-06-01,['Added_to_Cart']
CUST2062,P8142,1,1,2025-09-20,['Browsed']
CUST2062,P8147,2,1,2026-04-25,['Wishlisted']
CUST2062,P8151,5,1,2026-03-16,['Bought']
CUST2063,P8029,5,1,2025-09-23,['Bought']
CUST2063,P8036,1,1,2026-07-22,['Browsed']
CUST2063,P8041,11,3,2026-07-03,"['Bought', 'Reviewed']"
CUST2063,P8048,6,2,2026-03-11,"['Bought', 'Browsed']"
CUST2063,P8055,1,1,2025-09-30,['Browsed']
CUST2063,P8076,1,1,2026-06-13,['Browsed']
CUST2063,P8086,3,1,2026-06-06,['Added_to_Cart']
CUST2063,P8092,2,1,2026-08-07,['Wishlisted']
CUST2063,P8108,3,1,2026-05-15,['Added_to_Cart']
CUST2063,P8109,5,1,2025-08-26,['Bought']
CUST2063,P8137,3,4,2026-08-15,"['Bought', 'Returned', 'Reviewed']"
CUST2063,P8144,1,1,2026-05-08,['Browsed']
CUST2064,P8009,5,8,2025-12-17,"['Exchanged', 'Returned', 'Reviewed', 'Support_Contact']"
CUST2064,P8031,2,1,2026-08-09,['Wishlisted']
CUST2064,P8033,7,2,2026-08-17,"['Bought', 'Reviewed']"
CUST2064,P8043,3,1,2026-07-19,['Added_to_Cart']
CUST2064,P8046,1,1,2025-09-25,['Browsed']
CUST2064,P8050,1,1,2026-05-18,['Browsed']
CUST2064,P8107,5,1,2025-09-30,['Bought']
CUST2064,P8109,2,1,2026-06-08,['Wishlisted']
CUST2064,P8114,1,1,2025-12-08,['Browsed']
CUST2064,P8115,5,1,2025-11-12,['Bought']
CUST2064,P8118,3,1,2026-08-01,['Added_to_Cart']
CUST2064,P8126,1,1,2025-12-08,['Browsed']
CUST2064,P8135,3,1,2026-07-18,['Added_to_Cart']
CUST2065,P8030,5,1,2025-05-13,['Bought']
CUST2065,P8035,1,1,2026-02-07,['Browsed']
CUST2065,P8043,5,1,2026-02-23,['Bought']
CUST2065,P8056,11,3,2025-12-28,"['Bought', 'Reviewed']"
CUST2065,P8087,3,1,2026-07-24,['Added_to_Cart']
CUST2065,P8091,1,1,2026-04-23,['Browsed']
CUST2065,P8095,5,3,2026-08-19,"['Bought', 'Returned', 'Reviewed']"
CUST2065,P8113,8,2,2026-07-28,"['Added_to_Cart', 'Bought']"
CUST2065,P8119,2,1,2026-03-25,['Wishlisted']
CUST2065,P8121,1,1,2026-04-03,['Browsed']
CUST2065,P8127,1,1,2026-07-10,['Browsed']
CUST2065,P8142,2,1,2026-04-13,['Wishlisted']
CUST2066,P8003,1,1,2026-03-29,['Browsed']
CUST2066,P8004,1,1,2026-04-23,['Browsed']
CUST2066,P8006,3,1,2026-03-11,['Added_to_Cart']
CUST2066,P8008,8,3,2026-01-09,"['Bought', 'Reviewed', 'Support_Contact']"
CUST2066,P8009,1,1,2025-12-01,['Browsed']
CUST2066,P8011,2,1,2026-07-24,['Wishlisted']
CUST2066,P8012,8,2,2026-08-14,"['Bought', 'Reviewed']"
CUST2066,P8016,3,1,2026-04-10,['Added_to_Cart']
CUST2066,P8034,1,1,2026-01-09,['Browsed']
CUST2066,P8062,2,1,2026-04-11,['Wishlisted']
CUST2066,P8066,1,1,2025-12-28,['Browsed']
CUST2066,P8072,3,1,2026-06-07,['Added_to_Cart']
CUST2066,P8109,5,1,2025-05-11,['Bought']
CUST2066,P8130,5,1,2026-03-19,['Bought']
CUST2066,P8135,-2,2,2026-07-24,"['Returned', 'Support_Contact']"
CUST2066,P8136,1,1,2026-03-03,['Browsed']
CUST2066,P8137,1,1,2025-09-22,['Browsed']
CUST2066,P8140,1,1,2026-05-17,['Browsed']
CUST2067,P8016,2,1,2026-01-26,['Wishlisted']
CUST2067,P8020,2,1,2026-07-19,['Wishlisted']
CUST2067,P8042,2,1,2026-03-05,['Wishlisted']
CUST2067,P8057,1,1,2026-02-23,['Browsed']
CUST2067,P8066,3,1,2026-02-14,['Added_to_Cart']
CUST2067,P8070,1,1,2026-05-02,['Browsed']
CUST2067,P8109,1,1,2026-07-03,['Browsed']
CUST2067,P8121,1,1,2025-09-19,['Browsed']
CUST2067,P8123,3,1,2026-04-02,['Added_to_Cart']
CUST2067,P8146,2,1,2025-11-13,['Wishlisted']
CUST2068,P8027,3,1,2026-03-19,['Added_to_Cart']
CUST2068,P8029,1,1,2026-06-14,['Browsed']
CUST2068,P8048,1,1,2026-01-15,['Browsed']
CUST2068,P8050,1,1,2025-12-05,['Browsed']
CUST2068,P8084,3,1,2026-02-14,['Added_to_Cart']
CUST2068,P8093,2,1,2026-08-16,['Wishlisted']
CUST2068,P8121,6,2,2026-06-14,"['Bought', 'Browsed']"
CUST2068,P8140,3,1,2026-04-20,['Added_to_Cart']
CUST2068,P8141,3,2,2026-03-10,"['Browsed', 'Wishlisted']"
CUST2069,P8003,5,1,2026-07-26,['Bought']
CUST2069,P8006,1,1,2026-06-26,['Browsed']
CUST2069,P8010,2,1,2026-03-08,['Wishlisted']
CUST2069,P8016,1,1,2026-03-20,['Browsed']
CUST2069,P8017,1,1,2026-07-21,['Browsed']
CUST2069,P8022,3,1,2026-07-05,['Added_to_Cart']
CUST2069,P8028,6,2,2026-01-04,"['Bought', 'Browsed']"
CUST2069,P8046,3,1,2026-08-13,['Added_to_Cart']
CUST2069,P8056,1,1,2025-10-20,['Browsed']
CUST2069,P8064,1,1,2026-01-14,['Browsed']
CUST2069,P8069,3,1,2026-06-25,['Added_to_Cart']
CUST2069,P8094,2,1,2026-05-14,['Wishlisted']
CUST2069,P8097,2,1,2026-03-06,['Wishlisted']
CUST2069,P8123,3,1,2026-07-14,['Added_to_Cart']
CUST2069,P8150,7,2,2025-09-29,"['Bought', 'Reviewed']"
CUST2070,P8037,1,1,2026-01-11,['Browsed']
CUST2070,P8040,3,1,2026-06-01,['Added_to_Cart']
CUST2070,P8043,1,1,2026-07-16,['Browsed']
CUST2070,P8059,9,2,2025-12-14,"['Bought', 'Reviewed']"
CUST2070,P8061,1,1,2026-03-07,['Browsed']
CUST2070,P8102,1,1,2026-03-08,['Browsed']
CUST2070,P8112,2,1,2026-01-17,['Wishlisted']
CUST2070,P8130,2,1,2026-03-04,['Wishlisted']
CUST2070,P8132,1,1,2026-02-15,['Browsed']
CUST2070,P8140,3,1,2026-02-18,['Added_to_Cart']
CUST2070,P8143,1,1,2026-08-13,['Browsed']
CUST2070,P8147,12,3,2026-08-22,"['Added_to_Cart', 'Bought', 'Reviewed']"
CUST2071,P8029,2,1,2026-03-30,['Wishlisted']
CUST2071,P8038,1,1,2025-11-25,['Browsed']
CUST2071,P8042,7,2,2026-08-20,"['Bought', 'Reviewed']"
CUST2071,P8051,1,1,2025-09-26,['Browsed']
CUST2071,P8054,6,2,2025-08-17,"['Bought', 'Exchanged']"
CUST2071,P8082,5,1,2026-03-13,['Bought']
CUST2071,P8083,1,1,2026-06-06,['Browsed']
CUST2071,P8096,5,1,2026-03-17,['Bought']
CUST2071,P8098,5,2,2026-08-19,"['Bought', 'Reviewed']"
CUST2071,P8114,5,1,2026-01-27,['Bought']
CUST2071,P8118,1,1,2026-07-03,['Browsed']
CUST2071,P8126,1,1,2026-06-27,['Browsed']
CUST2071,P8127,4,2,2026-07-30,"['Added_to_Cart', 'Browsed']"
CUST2071,P8140,10,3,2026-07-28,"['Bought', 'Exchanged', 'Reviewed']"
CUST2071,P8144,5,1,2025-07-07,['Bought']
CUST2072,P8038,6,2,2026-08-02,"['Bought', 'Reviewed']"
CUST2072,P8046,2,1,2026-03-07,['Wishlisted']
CUST2072,P8054,1,1,2026-03-18,['Browsed']
CUST2072,P8076,6,2,2026-07-29,"['Bought', 'Exchanged']"
CUST2072,P8078,1,1,2026-02-24,['Browsed']
CUST2072,P8081,1,3,2026-07-01,"['Bought', 'Returned']"
CUST2072,P8083,1,1,2025-10-13,['Browsed']
CUST2072,P8084,1,1,2026-01-01,['Browsed']
CUST2072,P8089,3,2,2026-02-14,"['Bought', 'Returned']"
CUST2072,P8098,1,1,2026-05-29,['Browsed']
CUST2072,P8107,1,1,2026-02-18,['Browsed']
CUST2072,P8110,2,1,2026-05-11,['Wishlisted']
CUST2072,P8118,3,1,2026-02-25,['Added_to_Cart']
CUST2072,P8124,1,1,2026-07-19,['Browsed']
CUST2072,P8139,5,1,2025-12-03,['Bought']
CUST2073,P8030,1,1,2025-11-17,['Browsed']
CUST2073,P8044,1,1,2026-05-28,['Browsed']
CUST2073,P8081,5,1,2026-02-17,['Bought']
CUST2073,P8084,2,2,2026-02-25,['Browsed']
CUST2073,P8111,1,1,2026-08-06,['Browsed']
CUST2073,P8119,2,1,2025-11-22,['Wishlisted']
CUST2073,P8130,3,1,2026-04-05,['Added_to_Cart']
CUST2073,P8136,2,1,2026-08-10,['Wishlisted']
CUST2074,P8037,2,1,2025-10-30,['Wishlisted']
CUST2074,P8056,3,1,2026-07-30,['Added_to_Cart']
CUST2074,P8058,5,1,2025-05-19,['Bought']
CUST2074,P8089,4,2,2026-03-24,"['Added_to_Cart', 'Browsed']"
CUST2074,P8107,5,1,2026-02-19,['Bought']
CUST2074,P8108,1,1,2026-04-28,['Browsed']
CUST2074,P8128,3,1,2026-04-29,['Added_to_Cart']
CUST2074,P8136,6,2,2025-12-26,"['Bought', 'Browsed']"
CUST2074,P8138,9,3,2026-08-21,"['Bought', 'Reviewed']"
CUST2074,P8141,1,1,2026-01-18,['Browsed']
CUST2075,P8002,7,2,2026-01-09,"['Bought', 'Reviewed']"
CUST2075,P8047,5,1,2025-10-28,['Bought']
CUST2075,P8052,2,1,2026-05-08,['Wishlisted']
CUST2075,P8056,3,1,2026-06-01,['Added_to_Cart']
CUST2075,P8065,5,1,2025-06-20,['Bought']
CUST2075,P8070,1,1,2025-09-13,['Browsed']
CUST2075,P8118,3,1,2026-07-15,['Added_to_Cart']
CUST2075,P8132,3,1,2026-05-29,['Added_to_Cart']
CUST2075,P8137,1,1,2026-06-15,['Browsed']
CUST2075,P8139,3,2,2026-03-20,"['Browsed', 'Wishlisted']"
CUST2076,P8004,1,1,2025-10-05,['Browsed']
CUST2076,P8035,1,1,2026-06-21,['Browsed']
CUST2076,P8039,3,1,2026-05-20,['Added_to_Cart']
CUST2076,P8041,3,1,2026-05-19,['Added_to_Cart']
CUST2076,P8048,1,1,2026-02-17,['Browsed']
CUST2076,P8092,1,1,2026-07-26,['Browsed']
CUST2076,P8102,1,1,2025-12-17,['Browsed']
CUST2076,P8107,7,2,2026-08-14,"['Bought', 'Reviewed']"
CUST2076,P8119,5,1,2026-01-16,['Bought']
CUST2076,P8145,1,1,2026-06-03,['Browsed']
CUST2077,P8038,1,1,2026-05-18,['Exchanged']
CUST2077,P8039,1,1,2026-07-05,['Browsed']
CUST2077,P8046,1,1,2026-02-04,['Browsed']
CUST2077,P8048,1,1,2026-03-31,['Browsed']
CUST2077,P8049,5,1,2026-02-17,['Bought']
CUST2077,P8055,5,1,2025-11-30,['Bought']
CUST2077,P8057,5,1,2025-10-25,['Bought']
CUST2077,P8058,3,1,2026-08-20,['Added_to_Cart']
CUST2077,P8079,3,2,2026-01-13,"['Bought', 'Returned']"
CUST2077,P8098,7,3,2026-07-18,"['Bought', 'Returned', 'Reviewed']"
CUST2077,P8108,1,1,2025-10-08,['Browsed']
CUST2077,P8117,-2,1,2026-06-15,['Returned']
CUST2077,P8120,1,1,2026-01-01,['Browsed']
CUST2077,P8128,1,1,2026-02-12,['Browsed']
CUST2077,P8132,5,1,2026-06-26,['Bought']
CUST2077,P8136,1,1,2026-02-08,['Browsed']
CUST2077,P8137,6,2,2025-12-23,"['Bought', 'Exchanged']"
CUST2077,P8144,3,1,2026-04-28,['Added_to_Cart']
CUST2078,P8027,14,5,2025-10-19,"['Bought', 'Exchanged', 'Reviewed']"
CUST2078,P8036,3,1,2026-03-27,['Added_to_Cart']
CUST2078,P8039,1,1,2026-06-18,['Reviewed']
CUST2078,P8052,2,1,2025-12-29,['Wishlisted']
CUST2078,P8056,3,1,2026-06-08,['Added_to_Cart']
CUST2078,P8075,5,1,2026-06-15,['Bought']
CUST2078,P8083,9,2,2026-04-30,"['Bought', 'Reviewed']"
CUST2078,P8095,3,1,2026-05-29,['Added_to_Cart']
CUST2078,P8114,1,1,2026-08-18,['Browsed']
CUST2078,P8118,3,1,2026-08-22,['Reviewed']
CUST2078,P8120,3,1,2026-02-07,['Added_to_Cart']
CUST2078,P8128,5,2,2025-09-28,"['Bought', 'Reviewed']"
CUST2078,P8130,8,2,2026-07-19,"['Added_to_Cart', 'Bought']"
CUST2078,P8133,1,1,2025-12-25,['Browsed']
CUST2078,P8139,1,3,2026-07-18,"['Browsed', 'Reviewed']"
CUST2079,P8017,1,1,2026-02-27,['Exchanged']
CUST2079,P8037,1,1,2025-09-30,['Browsed']
CUST2079,P8041,4,3,2026-03-05,"['Bought', 'Exchanged', 'Returned']"
CUST2079,P8044,4,3,2025-11-15,"['Bought', 'Exchanged', 'Returned']"
CUST2079,P8052,3,1,2026-06-12,['Added_to_Cart']
CUST2079,P8057,1,1,2026-03-21,['Browsed']
CUST2079,P8075,6,2,2025-11-16,"['Bought', 'Browsed']"
CUST2079,P8077,5,1,2025-10-09,['Bought']
CUST2079,P8089,5,1,2026-05-02,['Bought']
CUST2079,P8111,5,1,2025-09-06,['Bought']
CUST2079,P8124,5,1,2026-05-03,['Bought']
CUST2079,P8143,1,1,2026-07-30,['Browsed']
CUST2080,P8032,1,1,2026-04-11,['Browsed']
CUST2080,P8046,1,1,2026-07-04,['Browsed']
CUST2080,P8058,2,1,2026-02-23,['Wishlisted']
CUST2080,P8109,3,2,2026-07-12,"['Bought', 'Returned']"
CUST2080,P8112,2,1,2026-03-22,['Wishlisted']
CUST2080,P8114,2,1,2026-06-20,['Wishlisted']
CUST2080,P8118,5,1,2025-10-05,['Bought']
CUST2080,P8134,1,1,2026-05-25,['Browsed']
CUST2081,P8032,2,1,2026-05-06,['Wishlisted']
CUST2081,P8039,3,1,2026-03-29,['Added_to_Cart']
CUST2081,P8040,1,1,2026-08-03,['Exchanged']
CUST2081,P8044,3,1,2026-06-26,['Added_to_Cart']
CUST2081,P8056,3,1,2026-04-16,['Added_to_Cart']
CUST2081,P8079,1,1,2025-08-27,['Browsed']
CUST2081,P8092,11,4,2026-08-21,"['Bought', 'Reviewed', 'Support_Contact']"
CUST2081,P8111,2,1,2026-01-07,['Wishlisted']
CUST2081,P8113,2,1,2025-12-20,['Wishlisted']
CUST2081,P8124,1,1,2026-06-18,['Browsed']
CUST2081,P8136,3,1,2026-07-27,['Added_to_Cart']
CUST2081,P8137,1,1,2026-08-17,['Browsed']
CUST2081,P8141,2,1,2025-11-21,['Wishlisted']
CUST2082,P8025,1,1,2025-11-18,['Browsed']
CUST2082,P8030,5,2,2026-08-09,"['Bought', 'Support_Contact']"
CUST2082,P8032,1,1,2025-10-29,['Browsed']
CUST2082,P8038,1,1,2025-12-10,['Browsed']
CUST2082,P8091,5,1,2026-05-15,['Bought']
CUST2082,P8099,1,1,2026-07-31,['Browsed']
CUST2082,P8109,2,1,2025-12-11,['Wishlisted']
CUST2082,P8116,1,1,2026-07-26,['Browsed']
CUST2082,P8117,3,1,2026-03-26,['Added_to_Cart']
CUST2082,P8139,5,1,2025-05-30,['Bought']
CUST2083,P8027,1,1,2026-03-07,['Browsed']
CUST2083,P8082,5,1,2026-05-28,['Bought']
CUST2083,P8084,2,1,2026-03-25,['Wishlisted']
CUST2083,P8089,5,1,2025-11-27,['Bought']
CUST2083,P8093,1,1,2026-07-05,['Browsed']
CUST2083,P8094,1,1,2026-07-11,['Browsed']
CUST2083,P8098,5,1,2026-04-13,['Bought']
CUST2083,P8120,1,1,2026-06-07,['Browsed']
CUST2083,P8121,5,1,2025-11-12,['Bought']
CUST2083,P8131,3,2,2026-06-05,"['Bought', 'Returned']"
CUST2083,P8140,3,2,2026-05-09,"['Bought', 'Returned']"
CUST2083,P8142,3,1,2026-03-02,['Added_to_Cart']
CUST2084,P8041,5,1,2025-09-05,['Bought']
CUST2084,P8051,3,1,2026-08-19,['Added_to_Cart']
CUST2084,P8054,5,1,2025-09-15,['Bought']
CUST2084,P8055,2,1,2025-11-16,['Wishlisted']
CUST2084,P8056,1,1,2025-05-10,['Exchanged']
CUST2084,P8078,5,1,2025-07-02,['Bought']
CUST2084,P8079,1,1,2025-11-29,['Browsed']
CUST2084,P8080,3,3,2026-04-23,"['Bought', 'Returned', 'Support_Contact']"
CUST2084,P8088,6,2,2025-06-21,"['Bought', 'Exchanged']"
CUST2084,P8089,1,1,2026-02-09,['Browsed']
CUST2084,P8097,7,4,2026-06-24,"['Bought', 'Returned', 'Reviewed', 'Support_Contact']"
CUST2084,P8129,5,1,2026-03-07,['Bought']
CUST2085,P8031,1,1,2025-12-29,['Browsed']
CUST2085,P8037,1,1,2026-07-27,['Browsed']
CUST2085,P8039,1,1,2026-01-13,['Browsed']
CUST2085,P8051,2,1,2026-06-26,['Wishlisted']
CUST2085,P8077,2,1,2026-07-15,['Wishlisted']
CUST2085,P8079,1,1,2026-07-08,['Browsed']
CUST2085,P8084,6,2,2026-07-02,"['Bought', 'Exchanged']"
CUST2085,P8096,3,1,2026-06-09,['Added_to_Cart']
CUST2085,P8107,2,1,2026-02-27,['Wishlisted']
CUST2085,P8114,3,3,2025-09-19,"['Bought', 'Returned', 'Support_Contact']"
CUST2085,P8140,3,1,2026-06-30,['Added_to_Cart']
CUST2085,P8142,5,1,2025-10-01,['Bought']
CUST2086,P8030,4,4,2025-11-21,"['Bought', 'Exchanged', 'Returned', 'Support_Contact']"
CUST2086,P8036,5,1,2025-09-24,['Bought']
CUST2086,P8040,1,1,2025-12-03,['Browsed']
CUST2086,P8046,5,1,2025-05-11,['Bought']
CUST2086,P8057,3,1,2026-05-31,['Added_to_Cart']
CUST2086,P8079,1,1,2026-03-29,['Browsed']
CUST2086,P8081,1,1,2026-05-12,['Browsed']
CUST2086,P8096,3,1,2026-05-20,['Added_to_Cart']
CUST2086,P8122,3,1,2026-06-25,['Added_to_Cart']
CUST2086,P8123,1,1,2025-08-25,['Browsed']
CUST2086,P8129,5,2,2026-07-29,"['Bought', 'Support_Contact']"
CUST2086,P8140,1,1,2025-10-06,['Browsed']
CUST2087,P8013,2,1,2026-07-11,['Wishlisted']
CUST2087,P8024,3,3,2025-09-06,"['Bought', 'Returned', 'Support_Contact']"
CUST2087,P8031,5,1,2025-08-16,['Bought']
CUST2087,P8039,5,1,2025-09-18,['Bought']
CUST2087,P8040,3,3,2026-01-28,['Browsed']
CUST2087,P8065,1,1,2025-10-16,['Browsed']
CUST2087,P8067,1,1,2026-02-02,['Browsed']
CUST2087,P8101,3,1,2026-03-19,['Added_to_Cart']
CUST2087,P8103,2,1,2026-03-23,['Wishlisted']
CUST2087,P8127,3,1,2026-07-02,['Added_to_Cart']
CUST2087,P8129,3,1,2026-03-21,['Added_to_Cart']
CUST2087,P8138,1,1,2026-04-17,['Browsed']
CUST2088,P8003,5,2,2026-07-16,"['Bought', 'Support_Contact']"
CUST2088,P8007,3,1,2026-05-23,['Added_to_Cart']
CUST2088,P8011,8,2,2026-03-09,"['Bought', 'Reviewed']"
CUST2088,P8014,2,1,2026-03-24,['Wishlisted']
CUST2088,P8036,11,3,2025-09-14,"['Bought', 'Reviewed']"
CUST2088,P8043,5,2,2025-07-16,"['Bought', 'Support_Contact']"
CUST2088,P8049,1,1,2026-05-16,['Browsed']
CUST2088,P8057,5,1,2026-07-23,['Bought']
CUST2088,P8061,1,1,2026-03-23,['Browsed']
CUST2088,P8067,1,1,2025-12-13,['Browsed']
CUST2088,P8109,2,1,2026-07-11,['Wishlisted']
CUST2088,P8115,3,1,2026-07-08,['Added_to_Cart']
CUST2088,P8120,2,6,2026-08-22,"['Exchanged', 'Returned', 'Reviewed', 'Support_Contact']"
CUST2088,P8136,1,1,2026-01-01,['Browsed']
CUST2088,P8138,2,1,2026-03-22,['Wishlisted']
CUST2089,P8001,1,1,2025-09-01,['Browsed']
CUST2089,P8047,3,1,2026-06-21,['Added_to_Cart']
CUST2089,P8065,2,1,2026-03-29,['Wishlisted']
CUST2089,P8093,3,1,2026-05-16,['Added_to_Cart']
CUST2089,P8094,1,1,2026-08-14,['Browsed']
CUST2089,P8111,3,1,2026-04-08,['Added_to_Cart']
CUST2089,P8130,2,1,2026-03-10,['Wishlisted']
CUST2089,P8148,3,1,2026-07-25,['Added_to_Cart']
CUST2090,P8026,5,1,2026-08-03,['Bought']
CUST2090,P8044,3,1,2026-02-06,['Added_to_Cart']
CUST2090,P8059,5,1,2025-11-18,['Bought']
CUST2090,P8101,3,1,2026-05-30,['Added_to_Cart']
CUST2090,P8103,6,2,2026-05-07,"['Bought', 'Browsed']"
CUST2090,P8108,3,1,2026-03-27,['Added_to_Cart']
CUST2090,P8116,3,2,2025-07-21,"['Bought', 'Returned']"
CUST2090,P8121,5,3,2026-04-28,"['Bought', 'Returned', 'Reviewed']"
CUST2090,P8123,3,1,2026-04-05,['Added_to_Cart']
CUST2090,P8126,1,1,2025-09-06,['Browsed']
CUST2090,P8128,2,1,2026-04-05,['Wishlisted']
CUST2090,P8130,6,2,2026-03-27,"['Bought', 'Reviewed']"
CUST2090,P8132,3,1,2026-05-19,['Added_to_Cart']
CUST2090,P8137,1,1,2026-03-04,['Browsed']
CUST2090,P8150,5,1,2026-05-17,['Bought']
CUST2091,P8030,5,1,2025-08-09,['Bought']
CUST2091,P8032,1,1,2025-11-01,['Browsed']
CUST2091,P8038,1,1,2026-05-03,['Browsed']
CUST2091,P8056,1,1,2025-11-21,['Browsed']
CUST2091,P8077,5,1,2026-03-20,['Bought']
CUST2091,P8096,1,1,2026-02-18,['Browsed']
CUST2091,P8122,1,1,2026-02-22,['Browsed']
CUST2091,P8123,2,1,2026-08-20,['Wishlisted']
CUST2091,P8134,1,1,2026-02-09,['Browsed']
CUST2091,P8137,3,2,2025-05-15,"['Bought', 'Returned']"
CUST2092,P8041,2,1,2026-05-29,['Wishlisted']
CUST2092,P8043,1,1,2026-02-19,['Browsed']
CUST2092,P8050,1,1,2026-03-28,['Browsed']
CUST2092,P8054,3,1,2026-07-17,['Added_to_Cart']
CUST2092,P8055,7,2,2026-01-04,"['Bought', 'Reviewed']"
CUST2092,P8058,0,1,2026-08-02,['Support_Contact']
CUST2092,P8059,6,2,2025-08-13,"['Bought', 'Exchanged']"
CUST2092,P8099,1,1,2025-10-14,['Browsed']
CUST2092,P8110,6,3,2026-08-19,"['Bought', 'Returned', 'Reviewed']"
CUST2092,P8120,1,1,2025-10-24,['Browsed']
CUST2092,P8126,1,1,2026-04-15,['Browsed']
CUST2092,P8129,5,1,2025-09-12,['Bought']
CUST2092,P8133,5,1,2025-06-19,['Bought']
CUST2093,P8009,2,1,2026-08-18,['Wishlisted']
CUST2093,P8022,1,1,2026-03-09,['Browsed']
CUST2093,P8023,1,1,2025-10-01,['Browsed']
CUST2093,P8027,3,1,2026-07-02,['Added_to_Cart']
CUST2093,P8030,3,1,2026-07-28,['Added_to_Cart']
CUST2093,P8039,1,1,2026-07-31,['Browsed']
CUST2093,P8045,5,1,2025-12-23,['Bought']
CUST2093,P8054,3,1,2026-04-23,['Added_to_Cart']
CUST2093,P8055,1,1,2026-06-11,['Browsed']
CUST2093,P8057,1,1,2026-06-26,['Browsed']
CUST2093,P8072,3,1,2026-06-29,['Added_to_Cart']
CUST2093,P8094,3,1,2026-05-16,['Added_to_Cart']
CUST2093,P8095,1,1,2026-01-28,['Browsed']
CUST2093,P8097,2,1,2026-05-14,['Wishlisted']
CUST2093,P8106,3,2,2026-01-12,"['Browsed', 'Wishlisted']"
CUST2093,P8130,1,1,2026-03-24,['Browsed']
CUST2093,P8147,5,1,2026-01-05,['Bought']
CUST2093,P8148,1,1,2025-12-17,['Browsed']
CUST2094,P8042,1,1,2026-01-29,['Browsed']
CUST2094,P8046,1,1,2026-04-15,['Browsed']
CUST2094,P8047,2,1,2026-08-23,['Wishlisted']
CUST2094,P8049,3,1,2026-04-19,['Added_to_Cart']
CUST2094,P8051,10,3,2026-07-23,"['Bought', 'Exchanged', 'Reviewed']"
CUST2094,P8055,10,3,2025-12-03,"['Bought', 'Exchanged', 'Reviewed']"
CUST2094,P8077,1,1,2026-05-03,['Browsed']
CUST2094,P8078,2,1,2026-02-14,['Wishlisted']
CUST2094,P8084,8,2,2026-05-21,"['Added_to_Cart', 'Bought']"
CUST2094,P8085,5,1,2025-10-01,['Bought']
CUST2094,P8089,3,1,2026-02-28,['Added_to_Cart']
CUST2094,P8091,3,1,2026-05-08,['Added_to_Cart']
CUST2094,P8096,3,1,2026-05-19,['Added_to_Cart']
CUST2094,P8097,5,1,2026-03-22,['Bought']
CUST2094,P8111,3,1,2026-02-13,['Added_to_Cart']
CUST2094,P8116,1,1,2026-07-20,['Browsed']
CUST2094,P8122,1,1,2026-07-29,['Browsed']
CUST2095,P8031,5,1,2025-09-21,['Bought']
CUST2095,P8032,1,1,2025-12-23,['Browsed']
CUST2095,P8036,5,1,2026-02-14,['Bought']
CUST2095,P8046,9,3,2026-02-04,"['Bought', 'Exchanged', 'Reviewed']"
CUST2095,P8052,1,1,2026-06-10,['Browsed']
CUST2095,P8076,5,1,2025-08-28,['Bought']
CUST2095,P8078,2,1,2026-06-13,['Wishlisted']
CUST2095,P8090,3,2,2026-03-27,"['Browsed', 'Wishlisted']"
CUST2095,P8093,3,1,2026-04-05,['Added_to_Cart']
CUST2095,P8096,2,1,2026-06-08,['Wishlisted']
CUST2095,P8099,3,1,2026-02-09,['Added_to_Cart']
CUST2095,P8108,4,2,2026-01-28,"['Exchanged', 'Reviewed']"
CUST2095,P8110,1,1,2025-09-01,['Browsed']
CUST2095,P8113,2,1,2025-11-04,['Wishlisted']
CUST2095,P8124,2,1,2026-05-04,['Wishlisted']
CUST2095,P8126,3,1,2026-04-02,['Added_to_Cart']
CUST2095,P8130,1,1,2026-03-20,['Browsed']
CUST2095,P8141,3,1,2026-05-15,['Added_to_Cart']
CUST2096,P8009,1,1,2026-07-03,['Browsed']
CUST2096,P8015,5,1,2026-02-20,['Bought']
CUST2096,P8027,1,1,2026-05-15,['Browsed']
CUST2096,P8042,1,1,2026-01-01,['Browsed']
CUST2096,P8044,1,1,2026-03-09,['Browsed']
CUST2096,P8050,1,1,2026-08-12,['Browsed']
CUST2096,P8057,5,2,2026-05-03,"['Bought', 'Reviewed']"
CUST2096,P8069,3,2,2026-03-11,"['Bought', 'Returned']"
CUST2096,P8096,1,1,2025-10-04,['Browsed']
CUST2096,P8109,1,1,2026-02-24,['Browsed']
CUST2096,P8111,1,1,2026-03-01,['Browsed']
CUST2096,P8122,1,1,2026-03-31,['Browsed']
CUST2096,P8128,5,1,2026-03-10,['Bought']
CUST2096,P8130,5,1,2026-08-07,['Bought']
CUST2096,P8137,10,4,2026-04-12,"['Bought', 'Reviewed', 'Support_Contact']"
CUST2097,P8033,3,1,2026-03-01,['Added_to_Cart']
CUST2097,P8047,5,1,2026-03-25,['Bought']
CUST2097,P8049,3,1,2026-03-19,['Added_to_Cart']
CUST2097,P8054,5,1,2026-06-02,['Bought']
CUST2097,P8055,1,1,2025-11-26,['Browsed']
CUST2097,P8064,2,1,2026-02-08,['Wishlisted']
CUST2097,P8097,1,1,2026-06-23,['Browsed']
CUST2097,P8100,3,1,2026-04-29,['Added_to_Cart']
CUST2097,P8124,10,3,2026-08-21,"['Bought', 'Browsed', 'Reviewed']"
CUST2097,P8130,1,1,2026-01-16,['Browsed']
CUST2097,P8132,1,1,2026-03-13,['Browsed']
CUST2097,P8150,5,1,2026-03-25,['Bought']
CUST2097,P8152,3,1,2026-02-08,['Added_to_Cart']
CUST2098,P8014,3,1,2026-03-16,['Added_to_Cart']
CUST2098,P8017,1,1,2026-07-31,['Browsed']
CUST2098,P8020,1,1,2025-10-31,['Browsed']
CUST2098,P8040,3,1,2026-08-08,['Added_to_Cart']
CUST2098,P8041,3,1,2026-02-16,['Added_to_Cart']
CUST2098,P8054,1,1,2026-07-15,['Browsed']
CUST2098,P8098,1,1,2026-05-05,['Browsed']
CUST2098,P8109,1,1,2025-08-27,['Browsed']
CUST2098,P8123,1,1,2025-12-28,['Browsed']
CUST2098,P8130,1,1,2026-06-18,['Browsed']
CUST2098,P8135,1,1,2025-08-29,['Browsed']
CUST2098,P8149,3,2,2026-08-07,"['Bought', 'Returned']"
CUST2099,P8031,3,1,2026-04-18,['Added_to_Cart']
CUST2099,P8040,3,1,2026-02-14,['Added_to_Cart']
CUST2099,P8049,2,1,2026-01-15,['Wishlisted']
CUST2099,P8050,5,1,2025-11-26,['Bought']
CUST2099,P8082,5,2,2026-08-20,"['Bought', 'Reviewed']"
CUST2099,P8085,1,1,2026-03-15,['Browsed']
CUST2099,P8127,3,1,2026-07-27,['Added_to_Cart']
CUST2099,P8137,1,1,2026-03-18,['Browsed']
CUST2099,P8142,2,1,2026-06-15,['Wishlisted']
CUST2100,P8018,2,1,2025-12-21,['Wishlisted']
CUST2100,P8024,2,1,2026-03-21,['Wishlisted']
CUST2100,P8028,1,1,2025-12-28,['Browsed']
CUST2100,P8056,1,1,2026-01-31,['Browsed']
CUST2100,P8062,1,1,2026-05-02,['Browsed']
CUST2100,P8091,1,1,2025-09-26,['Browsed']
CUST2100,P8115,1,1,2025-09-27,['Browsed']
CUST2100,P8122,8,7,2026-08-14,"['Bought', 'Returned', 'Reviewed']"
CUST2100,P8125,2,1,2026-03-08,['Wishlisted']
CUST2100,P8128,3,1,2026-06-09,['Added_to_Cart']
CUST2100,P8152,1,1,2026-06-05,['Browsed']
CUST2101,P8044,3,2,2026-05-30,"['Exchanged', 'Reviewed']"
CUST2101,P8046,3,1,2026-03-20,['Added_to_Cart']
CUST2101,P8048,5,1,2025-08-23,['Bought']
CUST2101,P8054,9,5,2025-11-21,"['Bought', 'Exchanged', 'Returned', 'Reviewed']"
CUST2101,P8077,3,2,2026-07-13,"['Browsed', 'Wishlisted']"
CUST2101,P8079,1,1,2026-01-23,['Browsed']
CUST2101,P8085,1,1,2026-07-05,['Browsed']
CUST2101,P8088,2,1,2026-05-03,['Wishlisted']
CUST2101,P8091,3,1,2026-07-04,['Added_to_Cart']
CUST2101,P8110,1,1,2025-09-20,['Browsed']
CUST2101,P8115,1,1,2026-02-16,['Browsed']
CUST2101,P8116,1,1,2026-03-13,['Browsed']
CUST2101,P8120,9,3,2026-07-18,"['Bought', 'Exchanged', 'Reviewed']"
CUST2101,P8142,7,3,2025-07-03,"['Bought', 'Exchanged']"
CUST2102,P8031,5,2,2026-08-18,"['Bought', 'Reviewed']"
CUST2102,P8040,1,1,2025-08-31,['Browsed']
CUST2102,P8041,6,2,2026-02-25,"['Bought', 'Exchanged']"
CUST2102,P8052,3,1,2026-05-17,['Added_to_Cart']
CUST2102,P8055,3,1,2026-04-11,['Added_to_Cart']
CUST2102,P8083,2,1,2026-05-19,['Wishlisted']
CUST2102,P8090,3,1,2026-06-21,['Added_to_Cart']
CUST2102,P8092,1,1,2026-01-15,['Browsed']
CUST2102,P8109,1,1,2026-07-04,['Browsed']
CUST2102,P8125,3,1,2026-07-08,['Added_to_Cart']
CUST2102,P8129,1,1,2026-01-26,['Browsed']
CUST2102,P8137,1,3,2026-03-23,"['Bought', 'Returned']"
CUST2102,P8140,5,1,2025-09-16,['Bought']
CUST2103,P8030,3,1,2026-03-11,['Added_to_Cart']
CUST2103,P8036,1,1,2026-01-06,['Browsed']
CUST2103,P8038,1,1,2025-09-17,['Browsed']
CUST2103,P8040,1,1,2025-11-15,['Browsed']
CUST2103,P8042,1,1,2026-06-25,['Browsed']
CUST2103,P8043,1,1,2026-03-08,['Browsed']
CUST2103,P8046,2,1,2026-05-22,['Reviewed']
CUST2103,P8049,3,1,2026-03-31,['Added_to_Cart']
CUST2103,P8075,5,1,2025-10-31,['Bought']
CUST2103,P8085,6,5,2026-05-31,"['Bought', 'Browsed', 'Exchanged', 'Returned']"
CUST2103,P8094,2,1,2026-02-16,['Wishlisted']
CUST2103,P8095,5,2,2026-06-21,"['Added_to_Cart', 'Wishlisted']"
CUST2103,P8108,3,1,2026-04-26,['Added_to_Cart']
CUST2103,P8109,2,1,2026-03-06,['Wishlisted']
CUST2103,P8111,2,1,2026-03-04,['Wishlisted']
CUST2103,P8129,2,1,2026-05-26,['Wishlisted']
CUST2103,P8132,8,2,2026-06-26,"['Added_to_Cart', 'Bought']"
CUST2103,P8137,1,1,2026-06-16,['Browsed']
CUST2103,P8139,5,1,2025-10-11,['Bought']
CUST2104,P8033,3,1,2026-04-30,['Added_to_Cart']
CUST2104,P8041,1,1,2026-05-22,['Browsed']
CUST2104,P8076,3,1,2026-06-09,['Added_to_Cart']
CUST2104,P8087,3,1,2026-05-10,['Added_to_Cart']
CUST2104,P8093,2,1,2026-02-17,['Wishlisted']
CUST2104,P8094,1,1,2026-05-13,['Browsed']
CUST2104,P8097,11,5,2026-08-23,"['Added_to_Cart', 'Bought', 'Exchanged', 'Reviewed']"
CUST2104,P8099,5,1,2025-10-11,['Bought']
CUST2104,P8115,1,1,2025-09-04,['Browsed']
CUST2105,P8009,1,1,2026-05-18,['Browsed']
CUST2105,P8021,7,2,2025-12-01,"['Bought', 'Reviewed']"
CUST2105,P8038,1,1,2025-11-01,['Browsed']
CUST2105,P8046,1,1,2026-06-24,['Browsed']
CUST2105,P8055,1,1,2026-03-26,['Browsed']
CUST2105,P8069,3,1,2026-02-21,['Added_to_Cart']
CUST2105,P8094,6,2,2026-06-26,"['Bought', 'Reviewed']"
CUST2105,P8097,5,1,2025-10-22,['Bought']
CUST2105,P8099,5,1,2025-11-17,['Bought']
CUST2105,P8115,2,1,2026-02-12,['Wishlisted']
CUST2105,P8122,1,1,2026-05-02,['Browsed']
CUST2105,P8128,3,1,2026-05-01,['Added_to_Cart']
CUST2105,P8144,1,1,2026-08-07,['Browsed']
CUST2105,P8151,5,1,2025-11-16,['Bought']
CUST2106,P8035,1,1,2026-04-27,['Browsed']
CUST2106,P8040,3,2,2026-08-14,"['Reviewed', 'Support_Contact']"
CUST2106,P8046,5,1,2026-05-31,['Bought']
CUST2106,P8053,2,1,2026-01-06,['Wishlisted']
CUST2106,P8054,2,1,2025-11-09,['Wishlisted']
CUST2106,P8082,5,1,2026-02-04,['Bought']
CUST2106,P8089,3,1,2026-02-19,['Added_to_Cart']
CUST2106,P8093,1,1,2026-06-08,['Browsed']
CUST2106,P8114,1,1,2026-06-21,['Browsed']
CUST2106,P8115,1,1,2026-08-13,['Browsed']
CUST2106,P8120,1,1,2026-04-21,['Browsed']
CUST2106,P8126,7,2,2025-09-23,"['Bought', 'Reviewed']"
CUST2106,P8128,5,1,2026-05-31,['Bought']
CUST2106,P8129,-2,1,2026-02-05,['Returned']
CUST2106,P8130,5,1,2026-07-01,['Bought']
CUST2106,P8135,3,1,2026-07-18,['Added_to_Cart']
CUST2106,P8136,1,1,2026-05-20,['Browsed']
CUST2106,P8142,5,1,2026-02-02,['Bought']
CUST2107,P8044,3,1,2026-05-22,['Added_to_Cart']
CUST2107,P8050,1,1,2026-01-06,['Browsed']
CUST2107,P8054,1,1,2025-08-25,['Browsed']
CUST2107,P8096,3,2,2026-06-11,"['Browsed', 'Wishlisted']"
CUST2107,P8113,1,1,2026-01-29,['Browsed']
CUST2107,P8122,6,2,2026-05-14,"['Bought', 'Browsed']"
CUST2107,P8127,4,2,2026-02-25,"['Added_to_Cart', 'Browsed']"
CUST2108,P8010,5,1,2025-09-13,['Bought']
CUST2108,P8021,3,1,2026-03-01,['Added_to_Cart']
CUST2108,P8024,2,1,2026-07-10,['Wishlisted']
CUST2108,P8032,1,1,2025-11-13,['Browsed']
CUST2108,P8033,5,1,2025-11-27,['Bought']
CUST2108,P8039,2,1,2026-04-30,['Wishlisted']
CUST2108,P8051,5,1,2026-02-16,['Bought']
CUST2108,P8052,5,1,2026-05-14,['Bought']
CUST2108,P8092,1,1,2026-06-09,['Browsed']
CUST2108,P8093,1,1,2026-02-27,['Browsed']
CUST2108,P8101,2,1,2025-10-31,['Wishlisted']
CUST2108,P8109,3,1,2026-04-21,['Added_to_Cart']
CUST2108,P8135,1,4,2025-11-11,"['Bought', 'Returned', 'Reviewed']"
CUST2108,P8152,3,1,2026-06-18,['Added_to_Cart']
CUST2109,P8001,1,1,2026-01-31,['Browsed']
CUST2109,P8003,1,1,2025-09-13,['Browsed']
CUST2109,P8005,5,1,2025-10-08,['Bought']
CUST2109,P8006,2,1,2026-06-03,['Wishlisted']
CUST2109,P8012,5,1,2025-07-27,['Bought']
CUST2109,P8014,2,1,2026-07-31,['Wishlisted']
CUST2109,P8037,1,1,2026-03-05,['Browsed']
CUST2109,P8060,5,4,2026-02-17,"['Bought', 'Exchanged', 'Returned']"
CUST2109,P8066,5,1,2025-09-08,['Bought']
CUST2109,P8115,1,1,2025-12-03,['Browsed']
CUST2109,P8117,2,1,2026-08-24,['Wishlisted']
CUST2109,P8127,1,1,2025-09-11,['Browsed']
CUST2109,P8139,3,1,2026-03-03,['Added_to_Cart']
CUST2109,P8142,3,1,2026-05-14,['Added_to_Cart']
CUST2109,P8148,1,1,2026-07-22,['Browsed']
CUST2110,P8012,1,1,2026-05-11,['Browsed']
CUST2110,P8036,1,1,2026-01-03,['Browsed']
CUST2110,P8037,1,1,2026-07-31,['Browsed']
CUST2110,P8048,3,2,2026-04-22,"['Bought', 'Returned']"
CUST2110,P8092,1,1,2025-09-09,['Browsed']
CUST2110,P8105,5,1,2026-01-21,['Bought']
CUST2110,P8106,5,2,2026-08-07,"['Added_to_Cart', 'Wishlisted']"
CUST2110,P8122,3,1,2026-06-06,['Added_to_Cart']
CUST2110,P8125,1,1,2025-10-19,['Browsed']
CUST2110,P8130,1,1,2026-02-18,['Browsed']
CUST2111,P8030,3,2,2026-01-24,"['Browsed', 'Wishlisted']"
CUST2111,P8042,1,1,2026-02-21,['Browsed']
CUST2111,P8078,3,1,2026-03-24,['Added_to_Cart']
CUST2111,P8079,1,1,2025-08-31,['Browsed']
CUST2111,P8081,1,1,2026-05-20,['Browsed']
CUST2111,P8088,5,1,2025-06-04,['Bought']
CUST2111,P8090,1,1,2025-11-22,['Browsed']
CUST2111,P8093,1,1,2025-09-26,['Browsed']
CUST2111,P8098,3,1,2026-05-09,['Added_to_Cart']
CUST2111,P8107,1,1,2025-11-19,['Exchanged']
CUST2111,P8113,1,1,2026-02-26,['Browsed']
CUST2111,P8114,1,1,2026-04-30,['Browsed']
CUST2111,P8115,3,1,2026-05-20,['Added_to_Cart']
CUST2111,P8129,1,1,2026-03-30,['Browsed']
CUST2112,P8032,1,1,2026-01-17,['Browsed']
CUST2112,P8077,12,4,2026-08-18,"['Bought', 'Exchanged', 'Reviewed', 'Wishlisted']"
CUST2112,P8079,5,1,2025-10-22,['Bought']
CUST2112,P8085,3,1,2026-04-14,['Added_to_Cart']
CUST2112,P8111,3,2,2026-08-23,"['Bought', 'Returned']"
CUST2112,P8115,3,2,2026-05-22,"['Bought', 'Returned']"
CUST2112,P8117,3,1,2026-08-20,['Added_to_Cart']
CUST2112,P8130,2,1,2026-05-15,['Wishlisted']
CUST2112,P8137,1,1,2026-02-07,['Browsed']
CUST2113,P8043,1,1,2025-10-25,['Browsed']
CUST2113,P8052,3,2,2026-06-01,"['Bought', 'Returned']"
CUST2113,P8056,5,1,2025-10-03,['Bought']
CUST2113,P8057,1,1,2026-03-28,['Browsed']
CUST2113,P8059,1,1,2026-04-24,['Browsed']
CUST2113,P8070,1,1,2026-02-15,['Browsed']
CUST2113,P8073,3,1,2026-07-18,['Added_to_Cart']
CUST2113,P8099,1,1,2025-09-03,['Browsed']
CUST2113,P8102,3,1,2026-02-16,['Added_to_Cart']
CUST2113,P8108,8,3,2025-12-05,"['Bought', 'Exchanged', 'Reviewed']"
CUST2113,P8129,1,1,2026-04-13,['Browsed']
CUST2113,P8133,2,1,2026-07-13,['Reviewed']
CUST2113,P8141,3,1,2026-06-10,['Added_to_Cart']
CUST2114,P8001,3,1,2026-04-12,['Added_to_Cart']
CUST2114,P8024,2,1,2025-12-15,['Wishlisted']
CUST2114,P8035,3,1,2026-07-14,['Added_to_Cart']
CUST2114,P8044,3,1,2026-06-04,['Added_to_Cart']
CUST2114,P8059,1,1,2026-08-18,['Browsed']
CUST2114,P8066,1,1,2025-09-05,['Browsed']
CUST2114,P8070,9,2,2026-08-21,"['Bought', 'Reviewed']"
CUST2114,P8091,9,5,2026-08-23,"['Bought', 'Exchanged', 'Reviewed', 'Support_Contact']"
CUST2114,P8098,5,1,2025-10-18,['Bought']
CUST2114,P8101,1,1,2026-04-26,['Browsed']
CUST2114,P8111,5,1,2026-07-25,['Bought']
CUST2114,P8132,2,1,2025-11-22,['Wishlisted']
CUST2114,P8133,2,1,2025-11-16,['Wishlisted']
CUST2114,P8138,1,1,2026-06-04,['Browsed']
CUST2114,P8147,1,1,2025-09-21,['Browsed']
CUST2115,P8013,7,3,2026-08-05,"['Reviewed', 'Support_Contact']"
CUST2115,P8025,6,6,2026-08-23,"['Bought', 'Returned', 'Reviewed', 'Wishlisted']"
CUST2115,P8045,3,1,2026-04-13,['Added_to_Cart']
CUST2115,P8064,2,1,2026-02-16,['Wishlisted']
CUST2115,P8068,1,1,2026-08-22,['Browsed']
CUST2115,P8096,4,2,2026-07-25,"['Added_to_Cart', 'Browsed']"
CUST2115,P8100,2,1,2026-01-19,['Wishlisted']
CUST2115,P8126,3,1,2026-08-13,['Added_to_Cart']
CUST2115,P8132,1,1,2026-02-09,['Browsed']
CUST2116,P8039,5,1,2026-06-17,['Bought']
CUST2116,P8040,5,1,2026-08-06,['Bought']
CUST2116,P8055,1,1,2026-02-18,['Browsed']
CUST2116,P8075,1,1,2026-04-21,['Browsed']
CUST2116,P8076,1,1,2025-09-23,['Browsed']
CUST2116,P8087,8,3,2026-08-24,"['Added_to_Cart', 'Bought', 'Support_Contact']"
CUST2116,P8093,1,1,2026-01-13,['Browsed']
CUST2116,P8096,2,1,2026-01-12,['Wishlisted']
CUST2116,P8097,1,1,2026-06-15,['Reviewed']
CUST2116,P8114,9,5,2025-10-06,"['Bought', 'Exchanged', 'Returned', 'Reviewed']"
CUST2116,P8125,5,1,2026-02-20,['Bought']
CUST2117,P8009,3,1,2026-06-28,['Added_to_Cart']
CUST2117,P8012,1,1,2025-10-03,['Browsed']
CUST2117,P8019,3,1,2026-02-21,['Added_to_Cart']
CUST2117,P8027,1,1,2026-07-28,['Browsed']
CUST2117,P8028,6,2,2025-10-31,"['Bought', 'Reviewed']"
CUST2117,P8033,3,2,2026-01-13,"['Bought', 'Returned']"
CUST2117,P8050,1,1,2026-08-06,['Browsed']
CUST2117,P8056,1,1,2026-04-22,['Browsed']
CUST2117,P8062,3,1,2026-08-01,['Added_to_Cart']
CUST2117,P8110,3,1,2026-05-16,['Added_to_Cart']
CUST2117,P8117,5,1,2025-09-05,['Bought']
CUST2117,P8123,9,4,2026-08-22,"['Bought', 'Exchanged', 'Reviewed']"
CUST2117,P8145,1,1,2026-08-01,['Browsed']
CUST2117,P8147,2,1,2026-01-04,['Wishlisted']
CUST2118,P8005,1,1,2026-01-06,['Browsed']
CUST2118,P8010,2,1,2025-10-28,['Wishlisted']
CUST2118,P8013,1,1,2025-11-20,['Browsed']
CUST2118,P8016,2,1,2026-01-09,['Wishlisted']
CUST2118,P8053,1,1,2026-01-19,['Browsed']
CUST2118,P8056,2,1,2025-12-23,['Wishlisted']
CUST2118,P8094,2,1,2026-02-10,['Wishlisted']
CUST2118,P8119,1,1,2026-05-11,['Browsed']
CUST2118,P8131,1,1,2026-02-20,['Browsed']
CUST2118,P8145,1,1,2025-11-01,['Browsed']
CUST2118,P8149,1,1,2025-10-20,['Browsed']
CUST2119,P8004,1,1,2026-07-12,['Browsed']
CUST2119,P8022,1,1,2026-03-19,['Browsed']
CUST2119,P8031,1,1,2025-10-17,['Browsed']
CUST2119,P8043,1,1,2026-08-21,['Browsed']
CUST2119,P8044,5,1,2025-11-09,['Bought']
CUST2119,P8057,6,2,2026-05-16,"['Bought', 'Browsed']"
CUST2119,P8060,2,1,2026-06-28,['Wishlisted']
CUST2119,P8096,1,1,2026-07-26,['Browsed']
CUST2119,P8109,1,1,2026-02-25,['Browsed']
CUST2119,P8112,1,1,2026-07-19,['Browsed']
CUST2119,P8117,1,1,2026-07-22,['Browsed']
CUST2119,P8121,7,6,2026-05-03,"['Bought', 'Browsed', 'Exchanged', 'Returned', 'Reviewed']"
CUST2119,P8122,5,1,2025-09-24,['Bought']
CUST2119,P8148,1,1,2026-05-16,['Browsed']
CUST2120,P8002,1,1,2026-06-17,['Browsed']
CUST2120,P8019,5,1,2025-07-03,['Bought']
CUST2120,P8023,1,1,2026-07-31,['Exchanged']
CUST2120,P8027,5,1,2025-11-24,['Bought']
CUST2120,P8042,3,1,2026-04-02,['Added_to_Cart']
CUST2120,P8048,2,1,2025-10-29,['Wishlisted']
CUST2120,P8062,12,4,2025-09-20,"['Bought', 'Exchanged', 'Reviewed']"
CUST2120,P8066,5,2,2025-05-25,"['Bought', 'Support_Contact']"
CUST2120,P8094,3,1,2026-08-13,['Added_to_Cart']
CUST2120,P8097,3,1,2026-05-02,['Added_to_Cart']
CUST2120,P8113,5,2,2026-07-04,"['Added_to_Cart', 'Wishlisted']"
CUST2120,P8135,3,2,2026-05-03,"['Bought', 'Returned']"
CUST2120,P8151,5,1,2026-05-17,['Bought']
CUST2121,P8026,2,1,2026-01-12,['Wishlisted']
CUST2121,P8034,2,1,2026-07-31,['Wishlisted']
CUST2121,P8037,5,1,2025-08-24,['Bought']
CUST2121,P8053,1,1,2026-01-03,['Browsed']
CUST2121,P8056,9,4,2025-11-05,"['Bought', 'Exchanged', 'Reviewed', 'Support_Contact']"
CUST2121,P8062,5,1,2025-08-25,['Bought']
CUST2121,P8072,6,3,2026-02-12,"['Bought', 'Returned', 'Reviewed']"
CUST2121,P8108,2,1,2025-12-19,['Wishlisted']
CUST2121,P8110,5,1,2025-08-05,['Bought']
CUST2121,P8125,2,1,2025-11-07,['Wishlisted']
CUST2121,P8140,2,1,2026-02-20,['Wishlisted']
CUST2122,P8029,1,1,2025-11-30,['Browsed']
CUST2122,P8038,6,2,2025-08-18,"['Bought', 'Exchanged']"
CUST2122,P8039,1,1,2026-08-16,['Browsed']
CUST2122,P8048,3,1,2026-03-18,['Added_to_Cart']
CUST2122,P8052,5,1,2025-10-03,['Bought']
CUST2122,P8059,2,1,2025-10-29,['Wishlisted']
CUST2122,P8076,2,1,2026-03-17,['Wishlisted']
CUST2122,P8079,9,4,2026-08-20,"['Bought', 'Reviewed']"
CUST2122,P8087,3,1,2026-05-08,['Added_to_Cart']
CUST2122,P8090,3,1,2026-02-21,['Added_to_Cart']
CUST2122,P8091,5,1,2025-08-01,['Bought']
CUST2122,P8096,8,2,2025-11-18,"['Bought', 'Reviewed']"
CUST2122,P8107,5,2,2025-12-07,"['Bought', 'Support_Contact']"
CUST2122,P8114,2,1,2026-08-16,['Wishlisted']
CUST2122,P8118,3,2,2025-07-30,"['Bought', 'Returned']"
CUST2122,P8121,3,1,2026-07-22,['Added_to_Cart']
CUST2122,P8129,1,1,2026-03-02,['Browsed']
CUST2122,P8131,5,1,2026-08-05,['Bought']
CUST2122,P8144,1,1,2026-07-25,['Browsed']
CUST2123,P8094,2,1,2025-12-16,['Wishlisted']
CUST2123,P8114,1,1,2025-11-16,['Browsed']
CUST2123,P8116,1,1,2026-07-07,['Browsed']
CUST2123,P8127,1,1,2026-03-20,['Browsed']
CUST2124,P8004,3,1,2026-05-14,['Added_to_Cart']
CUST2124,P8021,5,1,2025-08-19,['Bought']
CUST2124,P8030,1,1,2025-10-30,['Browsed']
CUST2124,P8043,5,1,2026-06-27,['Bought']
CUST2124,P8063,2,1,2026-03-20,['Wishlisted']
CUST2124,P8067,1,1,2026-06-29,['Browsed']
CUST2124,P8068,5,1,2025-05-23,['Bought']
CUST2124,P8095,2,1,2026-02-20,['Wishlisted']
CUST2124,P8107,5,1,2025-06-01,['Bought']
CUST2124,P8112,3,1,2026-06-11,['Added_to_Cart']
CUST2124,P8134,5,1,2026-01-18,['Bought']
CUST2124,P8135,2,1,2026-07-27,['Wishlisted']
CUST2125,P8001,4,1,2026-05-27,['Reviewed']
CUST2125,P8003,1,1,2025-11-12,['Browsed']
CUST2125,P8013,5,1,2026-03-29,['Bought']
CUST2125,P8015,5,1,2025-11-21,['Bought']
CUST2125,P8018,5,1,2025-05-28,['Bought']
CUST2125,P8029,10,4,2026-05-27,"['Bought', 'Reviewed']"
CUST2125,P8031,4,2,2026-06-22,"['Added_to_Cart', 'Browsed']"
CUST2125,P8039,3,1,2026-05-27,['Added_to_Cart']
CUST2125,P8045,1,1,2026-08-06,['Browsed']
CUST2125,P8058,2,1,2026-04-04,['Wishlisted']
CUST2125,P8102,1,1,2026-04-01,['Browsed']
CUST2125,P8113,5,1,2025-04-29,['Bought']
CUST2125,P8118,3,1,2026-08-19,['Added_to_Cart']
CUST2125,P8122,3,1,2026-04-09,['Added_to_Cart']
CUST2125,P8147,3,1,2026-06-09,['Added_to_Cart']
CUST2126,P8009,8,2,2025-12-13,['Reviewed']
CUST2126,P8029,1,1,2026-02-20,['Browsed']
CUST2126,P8081,5,1,2025-11-20,['Bought']
CUST2126,P8082,2,1,2025-12-20,['Wishlisted']
CUST2126,P8088,1,1,2026-07-10,['Browsed']
CUST2126,P8091,3,1,2026-04-02,['Added_to_Cart']
CUST2126,P8093,5,1,2025-07-04,['Bought']
CUST2126,P8114,5,1,2026-07-11,['Bought']
CUST2126,P8116,3,1,2026-05-21,['Added_to_Cart']
CUST2126,P8133,1,1,2026-03-17,['Browsed']
CUST2126,P8137,3,1,2026-03-27,['Added_to_Cart']
CUST2126,P8139,3,1,2026-08-04,['Added_to_Cart']
CUST2127,P8005,5,1,2025-10-13,['Bought']
CUST2127,P8011,1,1,2026-08-17,['Browsed']
CUST2127,P8027,1,1,2025-12-30,['Browsed']
CUST2127,P8056,6,2,2026-05-27,"['Bought', 'Exchanged']"
CUST2127,P8062,1,1,2026-01-23,['Browsed']
CUST2127,P8067,3,1,2026-02-10,['Added_to_Cart']
CUST2127,P8070,1,1,2026-05-14,['Browsed']
CUST2127,P8073,3,2,2025-10-08,"['Bought', 'Returned']"
CUST2127,P8096,1,1,2026-06-04,['Browsed']
CUST2127,P8118,1,1,2025-08-26,['Browsed']
CUST2127,P8130,2,1,2026-04-30,['Wishlisted']
CUST2127,P8145,1,1,2025-08-31,['Browsed']
CUST2128,P8016,5,1,2025-09-05,['Bought']
CUST2128,P8020,2,1,2026-03-08,['Wishlisted']
CUST2128,P8048,1,1,2026-02-17,['Browsed']
CUST2128,P8052,5,2,2026-07-26,"['Bought', 'Support_Contact']"
CUST2128,P8102,3,1,2026-04-11,['Added_to_Cart']
CUST2128,P8148,1,1,2025-10-23,['Browsed']
CUST2128,P8150,1,1,2026-06-22,['Browsed']
CUST2129,P8032,12,6,2025-10-27,"['Bought', 'Returned', 'Reviewed', 'Support_Contact']"
CUST2129,P8045,1,1,2026-05-10,['Browsed']
CUST2129,P8059,5,1,2025-06-24,['Bought']
CUST2129,P8080,3,1,2026-05-24,['Added_to_Cart']
CUST2129,P8081,3,1,2026-05-24,['Added_to_Cart']
CUST2129,P8087,5,1,2026-01-05,['Bought']
CUST2129,P8088,5,1,2025-04-20,['Bought']
CUST2129,P8091,3,1,2026-02-27,['Added_to_Cart']
CUST2129,P8107,1,1,2025-11-19,['Browsed']
CUST2129,P8108,1,1,2026-01-25,['Browsed']
CUST2129,P8110,5,1,2026-02-27,['Bought']
CUST2129,P8111,1,1,2025-10-11,['Browsed']
CUST2129,P8114,3,2,2026-04-03,"['Browsed', 'Wishlisted']"
CUST2129,P8118,3,1,2026-05-02,['Added_to_Cart']
CUST2129,P8125,2,1,2026-08-02,['Wishlisted']
CUST2129,P8138,1,1,2026-03-28,['Browsed']
CUST2130,P8028,2,1,2026-03-22,['Wishlisted']
CUST2130,P8036,2,1,2026-01-04,['Wishlisted']
CUST2130,P8044,7,5,2026-06-13,"['Bought', 'Returned', 'Reviewed', 'Support_Contact']"
CUST2130,P8057,1,1,2026-02-26,['Browsed']
CUST2130,P8077,1,1,2026-02-07,['Browsed']
CUST2130,P8081,1,1,2025-11-02,['Browsed']
CUST2130,P8085,1,1,2026-05-25,['Browsed']
CUST2130,P8086,1,1,2026-06-12,['Browsed']
CUST2130,P8089,3,1,2026-05-25,['Added_to_Cart']
CUST2130,P8107,1,1,2025-11-17,['Browsed']
CUST2130,P8143,1,1,2026-03-24,['Browsed']
CUST2131,P8016,1,1,2025-09-04,['Browsed']
CUST2131,P8034,1,1,2026-04-17,['Browsed']
CUST2131,P8045,5,1,2026-03-11,['Bought']
CUST2131,P8048,2,1,2026-07-25,['Wishlisted']
CUST2131,P8059,1,1,2026-02-23,['Browsed']
CUST2131,P8096,1,1,2025-09-25,['Browsed']
CUST2131,P8103,5,2,2025-11-10,"['Bought', 'Support_Contact']"
CUST2131,P8106,1,1,2026-01-02,['Browsed']
CUST2132,P8034,1,1,2025-12-28,['Browsed']
CUST2132,P8036,6,2,2026-07-10,['Added_to_Cart']
CUST2132,P8055,6,2,2026-01-19,"['Bought', 'Reviewed']"
CUST2132,P8059,1,1,2025-12-26,['Browsed']
CUST2132,P8094,4,2,2026-03-13,"['Added_to_Cart', 'Browsed']"
CUST2132,P8097,1,1,2026-02-13,['Browsed']
CUST2132,P8098,1,1,2026-04-06,['Browsed']
CUST2132,P8119,8,2,2026-06-14,"['Added_to_Cart', 'Bought']"
CUST2132,P8131,3,1,2026-04-07,['Added_to_Cart']
CUST2132,P8142,7,3,2026-06-30,"['Bought', 'Exchanged']"
CUST2132,P8144,1,1,2026-02-05,['Browsed']
CUST2133,P8035,2,1,2026-01-13,['Wishlisted']
CUST2133,P8041,1,1,2026-03-22,['Browsed']
CUST2133,P8044,1,1,2026-01-11,['Browsed']
CUST2133,P8050,3,1,2026-03-07,['Added_to_Cart']
CUST2133,P8057,1,1,2026-01-07,['Browsed']
CUST2133,P8059,0,2,2025-12-13,"['Returned', 'Reviewed']"
CUST2133,P8082,1,1,2026-06-22,['Browsed']
CUST2133,P8085,1,1,2025-12-20,['Browsed']
CUST2133,P8093,10,2,2025-08-27,['Bought']
CUST2133,P8119,5,1,2025-05-13,['Bought']
CUST2133,P8130,3,1,2026-07-19,['Added_to_Cart']
CUST2134,P8029,3,1,2026-05-17,['Added_to_Cart']
CUST2134,P8038,3,1,2026-04-12,['Added_to_Cart']
CUST2134,P8041,6,2,2026-04-03,"['Bought', 'Exchanged']"
CUST2134,P8052,5,1,2026-04-10,['Bought']
CUST2134,P8082,3,1,2026-08-04,['Added_to_Cart']
CUST2134,P8086,1,1,2026-05-07,['Browsed']
CUST2134,P8111,3,1,2026-03-18,['Added_to_Cart']
CUST2134,P8114,1,1,2026-07-01,['Browsed']
CUST2134,P8115,10,6,2026-08-19,"['Bought', 'Exchanged', 'Reviewed', 'Support_Contact']"
CUST2134,P8120,1,1,2026-07-18,['Browsed']
CUST2134,P8127,9,2,2026-06-15,"['Bought', 'Reviewed']"
CUST2134,P8128,7,4,2026-05-11,"['Added_to_Cart', 'Bought', 'Browsed', 'Returned']"
CUST2135,P8015,2,1,2026-03-15,['Wishlisted']
CUST2135,P8028,5,2,2026-08-01,"['Bought', 'Support_Contact']"
CUST2135,P8031,8,3,2026-04-01,"['Bought', 'Exchanged', 'Reviewed']"
CUST2135,P8032,1,1,2025-10-05,['Browsed']
CUST2135,P8061,2,1,2026-08-07,['Wishlisted']
CUST2135,P8100,1,1,2025-10-01,['Browsed']
CUST2135,P8109,1,1,2026-02-25,['Browsed']
CUST2135,P8114,1,4,2025-07-15,"['Bought', 'Returned', 'Support_Contact']"
CUST2135,P8123,2,1,2026-03-26,['Wishlisted']
CUST2136,P8055,3,1,2026-04-04,['Added_to_Cart']
CUST2136,P8056,5,2,2025-10-19,"['Bought', 'Support_Contact']"
CUST2136,P8058,1,1,2025-10-04,['Browsed']
CUST2136,P8078,1,1,2026-01-09,['Browsed']
CUST2136,P8084,5,1,2025-06-18,['Bought']
CUST2136,P8107,2,1,2026-05-14,['Wishlisted']
CUST2136,P8115,2,1,2026-02-07,['Wishlisted']
CUST2136,P8116,1,1,2026-05-21,['Browsed']
CUST2136,P8124,1,1,2025-11-28,['Browsed']
CUST2136,P8133,5,1,2025-11-22,['Bought']
CUST2136,P8134,6,4,2026-08-25,"['Bought', 'Returned', 'Reviewed', 'Support_Contact']"
CUST2136,P8137,3,1,2026-03-23,['Added_to_Cart']
CUST2136,P8141,1,1,2025-10-24,['Browsed']
CUST2137,P8001,3,1,2026-08-18,['Added_to_Cart']
CUST2137,P8007,2,2,2026-06-11,['Browsed']
CUST2137,P8011,1,1,2025-11-24,['Browsed']
CUST2137,P8019,6,3,2026-07-08,"['Bought', 'Exchanged', 'Reviewed']"
CUST2137,P8032,1,3,2026-02-09,"['Bought', 'Returned']"
CUST2137,P8037,1,1,2026-03-02,['Browsed']
CUST2137,P8041,5,1,2026-03-04,['Bought']
CUST2137,P8093,1,1,2026-08-22,['Browsed']
CUST2137,P8098,5,1,2025-11-29,['Bought']
CUST2137,P8103,8,3,2026-02-03,"['Bought', 'Reviewed']"
CUST2137,P8149,5,8,2026-07-22,"['Bought', 'Returned', 'Reviewed']"
CUST2138,P8030,2,1,2025-12-07,['Wishlisted']
CUST2138,P8034,1,1,2025-11-16,['Browsed']
CUST2138,P8039,2,1,2026-08-20,['Wishlisted']
CUST2138,P8087,3,1,2026-03-31,['Added_to_Cart']
CUST2138,P8097,1,1,2026-03-27,['Browsed']
CUST2138,P8110,3,1,2026-07-03,['Added_to_Cart']
CUST2138,P8118,5,1,2025-08-08,['Bought']
CUST2138,P8120,7,4,2025-04-29,"['Bought', 'Exchanged', 'Support_Contact']"
CUST2138,P8123,1,1,2026-03-26,['Browsed']
CUST2139,P8035,1,1,2026-07-28,['Browsed']
CUST2139,P8040,1,1,2026-08-22,['Browsed']
CUST2139,P8085,5,2,2025-08-15,"['Bought', 'Support_Contact']"
CUST2139,P8093,3,1,2026-07-16,['Added_to_Cart']
CUST2139,P8099,1,1,2026-01-12,['Browsed']
CUST2139,P8110,1,1,2025-11-09,['Browsed']
CUST2139,P8111,1,1,2026-03-25,['Browsed']
CUST2139,P8117,2,1,2026-01-30,['Wishlisted']
CUST2139,P8118,9,2,2026-04-20,"['Bought', 'Reviewed']"
CUST2139,P8123,2,1,2026-07-16,['Wishlisted']
CUST2140,P8003,2,1,2026-02-05,['Reviewed']
CUST2140,P8027,-2,1,2025-06-03,['Returned']
CUST2140,P8033,1,1,2026-06-27,['Browsed']
CUST2140,P8045,5,1,2026-07-29,['Bought']
CUST2140,P8085,1,1,2026-08-05,['Browsed']
CUST2140,P8099,3,1,2026-03-29,['Added_to_Cart']
CUST2140,P8117,1,1,2025-09-11,['Browsed']
CUST2140,P8119,1,1,2026-05-24,['Browsed']
CUST2140,P8140,1,1,2025-12-26,['Browsed']
CUST2141,P8033,1,1,2026-06-18,['Browsed']
CUST2141,P8038,1,1,2026-03-31,['Browsed']
CUST2141,P8052,1,1,2026-05-20,['Browsed']
CUST2141,P8055,8,2,2026-08-23,"['Bought', 'Reviewed']"
CUST2141,P8059,3,1,2026-07-23,['Added_to_Cart']
CUST2141,P8081,5,1,2026-06-17,['Bought']
CUST2141,P8092,3,2,2026-03-21,"['Reviewed', 'Support_Contact']"
CUST2141,P8095,15,5,2026-02-13,"['Bought', 'Reviewed']"
CUST2141,P8098,5,2,2026-03-27,"['Added_to_Cart', 'Wishlisted']"
CUST2141,P8133,4,2,2026-07-03,"['Added_to_Cart', 'Browsed']"
CUST2141,P8140,5,2,2026-03-08,"['Added_to_Cart', 'Wishlisted']"
CUST2142,P8034,4,2,2026-04-02,['Wishlisted']
CUST2142,P8037,1,1,2026-02-04,['Browsed']
CUST2142,P8041,1,1,2026-03-24,['Browsed']
CUST2142,P8075,1,1,2026-06-19,['Browsed']
CUST2142,P8108,2,1,2026-06-08,['Wishlisted']
CUST2142,P8124,3,1,2026-08-12,['Added_to_Cart']
CUST2142,P8131,3,1,2026-05-27,['Added_to_Cart']
CUST2142,P8136,1,1,2026-07-11,['Browsed']
CUST2143,P8030,2,1,2026-02-11,['Wishlisted']
CUST2143,P8040,1,1,2026-07-13,['Browsed']
CUST2143,P8051,1,1,2025-10-24,['Browsed']
CUST2143,P8082,2,2,2025-09-29,['Browsed']
CUST2143,P8094,3,1,2026-08-03,['Added_to_Cart']
CUST2143,P8096,3,1,2026-07-06,['Added_to_Cart']
CUST2143,P8102,1,1,2025-12-30,['Exchanged']
CUST2143,P8125,5,1,2025-11-21,['Bought']
CUST2144,P8009,3,1,2026-01-28,['Reviewed']
CUST2144,P8042,1,1,2026-03-15,['Browsed']
CUST2144,P8048,3,1,2026-07-06,['Added_to_Cart']
CUST2144,P8053,1,1,2026-02-21,['Browsed']
CUST2144,P8082,3,1,2026-03-16,['Added_to_Cart']
CUST2144,P8083,1,1,2026-01-24,['Browsed']
CUST2144,P8087,1,1,2025-10-30,['Browsed']
CUST2144,P8089,5,1,2025-12-03,['Bought']
CUST2144,P8094,1,1,2025-11-17,['Browsed']
CUST2144,P8098,6,2,2025-12-01,"['Bought', 'Exchanged']"
CUST2144,P8099,3,1,2026-06-29,['Added_to_Cart']
CUST2144,P8124,3,1,2026-05-23,['Added_to_Cart']
CUST2144,P8138,2,1,2026-03-26,['Wishlisted']
CUST2144,P8141,1,1,2026-05-20,['Browsed']
CUST2145,P8009,5,1,2026-07-23,['Bought']
CUST2145,P8011,1,1,2026-05-24,['Browsed']
CUST2145,P8028,1,1,2026-06-24,['Browsed']
CUST2145,P8029,5,1,2025-04-24,['Bought']
CUST2145,P8038,5,1,2025-09-04,['Bought']
CUST2145,P8062,2,1,2025-11-20,['Wishlisted']
CUST2145,P8066,3,1,2026-07-07,['Added_to_Cart']
CUST2145,P8103,2,1,2026-01-23,['Wishlisted']
CUST2145,P8115,3,1,2026-04-27,['Added_to_Cart']
CUST2145,P8116,3,1,2026-07-03,['Added_to_Cart']
CUST2145,P8140,1,1,2026-07-25,['Browsed']
CUST2145,P8141,1,1,2025-09-04,['Browsed']
CUST2146,P8001,1,1,2026-04-03,['Browsed']
CUST2146,P8018,1,1,2025-10-29,['Browsed']
CUST2146,P8033,6,2,2026-06-29,"['Bought', 'Exchanged']"
CUST2146,P8034,5,1,2026-03-26,['Bought']
CUST2146,P8050,4,3,2025-07-09,"['Bought', 'Exchanged', 'Returned']"
CUST2146,P8051,3,1,2026-06-30,['Added_to_Cart']
CUST2146,P8056,6,2,2026-04-30,"['Bought', 'Browsed']"
CUST2146,P8064,1,1,2026-05-07,['Browsed']
CUST2146,P8067,3,1,2026-06-25,['Added_to_Cart']
CUST2146,P8092,10,5,2026-08-09,"['Added_to_Cart', 'Bought', 'Browsed', 'Exchanged', 'Support_Contact']"
CUST2146,P8105,3,1,2026-08-03,['Added_to_Cart']
CUST2146,P8106,1,1,2025-10-13,['Browsed']
CUST2146,P8110,3,2,2026-05-08,"['Bought', 'Returned']"
CUST2146,P8118,3,1,2026-06-24,['Added_to_Cart']
CUST2146,P8127,1,1,2026-07-03,['Browsed']
CUST2146,P8131,4,3,2026-08-21,"['Bought', 'Exchanged', 'Returned']"
CUST2146,P8141,1,1,2026-06-11,['Browsed']
CUST2147,P8013,1,1,2025-09-16,['Browsed']
CUST2147,P8034,5,1,2026-06-01,['Bought']
CUST2147,P8038,3,1,2026-02-25,['Added_to_Cart']
CUST2147,P8051,3,1,2026-08-14,['Added_to_Cart']
CUST2147,P8056,1,1,2026-06-05,['Browsed']
CUST2147,P8058,1,1,2026-07-07,['Browsed']
CUST2147,P8064,2,1,2026-04-16,['Wishlisted']
CUST2147,P8107,5,1,2025-12-10,['Bought']
CUST2147,P8125,11,4,2026-05-01,"['Bought', 'Browsed', 'Exchanged', 'Reviewed']"
CUST2147,P8130,1,1,2026-07-10,['Browsed']
CUST2147,P8136,1,1,2025-11-07,['Browsed']
CUST2147,P8151,5,1,2025-09-22,['Bought']
CUST2148,P8012,1,1,2026-05-04,['Browsed']
CUST2148,P8013,3,1,2026-07-12,['Added_to_Cart']
CUST2148,P8015,1,1,2026-04-09,['Browsed']
CUST2148,P8042,4,2,2026-06-30,"['Added_to_Cart', 'Browsed']"
CUST2148,P8043,1,1,2026-05-03,['Browsed']
CUST2148,P8044,6,2,2025-06-13,"['Bought', 'Exchanged']"
CUST2148,P8046,6,4,2026-03-03,"['Exchanged', 'Reviewed', 'Support_Contact']"
CUST2148,P8060,5,1,2026-04-02,['Bought']
CUST2148,P8061,1,1,2025-10-22,['Browsed']
CUST2148,P8065,1,1,2026-05-26,['Browsed']
CUST2148,P8067,2,1,2026-07-07,['Wishlisted']
CUST2148,P8071,5,1,2026-02-07,['Bought']
CUST2148,P8091,3,1,2026-07-10,['Added_to_Cart']
CUST2148,P8092,2,1,2026-04-12,['Wishlisted']
CUST2148,P8093,5,1,2025-07-15,['Bought']
CUST2148,P8110,1,1,2026-06-24,['Browsed']
CUST2148,P8116,1,1,2025-12-12,['Browsed']
CUST2148,P8117,1,1,2026-06-13,['Browsed']
CUST2148,P8129,2,1,2026-02-07,['Wishlisted']
CUST2148,P8147,5,1,2026-05-12,['Bought']
CUST2149,P8031,1,1,2025-12-11,['Browsed']
CUST2149,P8053,2,1,2026-06-17,['Wishlisted']
CUST2149,P8082,5,2,2026-05-21,"['Bought', 'Support_Contact']"
CUST2149,P8088,1,1,2026-05-22,['Browsed']
CUST2149,P8091,3,1,2026-04-07,['Added_to_Cart']
CUST2149,P8107,1,1,2025-10-10,['Browsed']
CUST2149,P8109,1,1,2026-06-22,['Browsed']
CUST2149,P8111,2,1,2026-02-21,['Wishlisted']
CUST2149,P8132,1,1,2026-03-15,['Browsed']
CUST2149,P8142,1,1,2025-12-26,['Browsed']
CUST2150,P8014,2,1,2025-11-14,['Wishlisted']
CUST2150,P8015,5,1,2025-07-26,['Bought']
CUST2150,P8023,3,1,2026-05-31,['Added_to_Cart']
CUST2150,P8047,1,1,2026-06-27,['Browsed']
CUST2150,P8059,1,1,2025-11-06,['Browsed']
CUST2150,P8062,1,1,2026-02-04,['Browsed']
CUST2150,P8066,1,1,2025-09-11,['Browsed']
CUST2150,P8092,8,2,2025-11-24,"['Bought', 'Reviewed']"
CUST2150,P8123,0,1,2025-07-31,['Support_Contact']
CUST2151,P8033,3,2,2025-12-10,"['Bought', 'Returned']"
CUST2151,P8038,1,1,2025-11-30,['Browsed']
CUST2151,P8041,2,1,2026-07-23,['Wishlisted']
CUST2151,P8045,6,2,2026-08-16,"['Bought', 'Reviewed']"
CUST2151,P8048,3,1,2026-05-22,['Added_to_Cart']
CUST2151,P8054,3,1,2026-05-05,['Added_to_Cart']
CUST2151,P8056,2,1,2026-05-26,['Wishlisted']
CUST2151,P8057,3,3,2025-09-07,"['Bought', 'Returned', 'Support_Contact']"
CUST2151,P8078,1,1,2026-02-07,['Browsed']
CUST2151,P8085,6,2,2026-06-15,"['Bought', 'Browsed']"
CUST2151,P8093,7,2,2026-08-23,"['Bought', 'Reviewed']"
CUST2151,P8108,1,1,2026-03-26,['Browsed']
CUST2151,P8129,7,2,2026-07-19,"['Bought', 'Wishlisted']"
CUST2151,P8139,1,1,2026-03-05,['Browsed']
CUST2151,P8141,3,1,2026-06-29,['Added_to_Cart']
CUST2151,P8142,3,1,2026-03-07,['Added_to_Cart']
CUST2151,P8143,2,1,2025-11-30,['Wishlisted']
CUST2152,P8002,5,1,2026-04-01,['Bought']
CUST2152,P8010,5,1,2025-06-25,['Bought']
CUST2152,P8027,5,3,2025-12-03,"['Bought', 'Returned', 'Reviewed']"
CUST2152,P8048,5,1,2026-03-02,['Bought']
CUST2152,P8054,2,1,2026-07-07,['Wishlisted']
CUST2152,P8056,7,3,2026-02-03,"['Bought', 'Reviewed', 'Support_Contact']"
CUST2152,P8064,2,1,2026-06-08,['Wishlisted']
CUST2152,P8099,1,1,2026-02-05,['Browsed']
CUST2152,P8102,2,1,2026-03-09,['Wishlisted']
CUST2152,P8107,1,1,2025-10-18,['Browsed']
CUST2152,P8121,2,1,2026-02-16,['Wishlisted']
CUST2152,P8123,4,3,2025-12-05,"['Exchanged', 'Reviewed', 'Support_Contact']"
CUST2152,P8131,4,2,2026-04-14,['Wishlisted']
CUST2153,P8006,3,1,2026-06-01,['Added_to_Cart']
CUST2153,P8011,1,1,2026-03-17,['Browsed']
CUST2153,P8069,3,1,2026-07-25,['Added_to_Cart']
CUST2153,P8070,1,1,2025-12-23,['Browsed']
CUST2153,P8099,6,2,2026-03-26,"['Bought', 'Browsed']"
CUST2153,P8101,1,1,2026-02-19,['Browsed']
CUST2153,P8108,6,2,2025-09-21,"['Bought', 'Exchanged']"
CUST2153,P8119,1,1,2025-08-30,['Browsed']
CUST2153,P8121,4,2,2026-04-05,['Wishlisted']
CUST2153,P8129,3,1,2026-03-18,['Added_to_Cart']
CUST2153,P8133,3,1,2026-07-31,['Added_to_Cart']
CUST2154,P8002,1,1,2026-03-09,['Browsed']
CUST2154,P8050,1,1,2026-04-16,['Browsed']
CUST2154,P8052,2,1,2026-03-10,['Wishlisted']
CUST2154,P8101,5,1,2026-08-05,['Bought']
CUST2154,P8108,5,1,2025-12-06,['Bought']
CUST2154,P8114,1,1,2026-05-03,['Browsed']
CUST2154,P8121,3,1,2026-08-09,['Added_to_Cart']
CUST2154,P8132,5,1,2025-07-06,['Bought']
CUST2154,P8135,1,1,2026-02-23,['Browsed']
CUST2154,P8138,3,1,2026-08-15,['Added_to_Cart']
CUST2154,P8140,1,1,2026-02-14,['Browsed']
CUST2155,P8032,6,2,2026-04-15,"['Bought', 'Browsed']"
CUST2155,P8040,1,1,2025-11-06,['Browsed']
CUST2155,P8045,3,1,2026-06-22,['Added_to_Cart']
CUST2155,P8046,1,1,2026-04-14,['Browsed']
CUST2155,P8079,1,1,2025-10-20,['Browsed']
CUST2155,P8081,1,1,2026-01-04,['Browsed']
CUST2155,P8085,5,1,2026-03-21,['Bought']
CUST2155,P8095,2,1,2026-02-12,['Wishlisted']
CUST2155,P8096,6,2,2026-02-20,['Added_to_Cart']
CUST2155,P8097,1,1,2026-03-12,['Browsed']
CUST2155,P8115,1,1,2026-01-07,['Browsed']
CUST2155,P8121,1,1,2025-11-12,['Browsed']
CUST2155,P8127,3,1,2026-05-02,['Added_to_Cart']
CUST2155,P8130,3,1,2026-05-07,['Added_to_Cart']
CUST2155,P8144,1,1,2026-07-01,['Browsed']
CUST2156,P8001,1,1,2025-11-02,['Browsed']
CUST2156,P8006,1,1,2025-10-17,['Browsed']
CUST2156,P8009,3,1,2026-08-24,['Added_to_Cart']
CUST2156,P8044,1,1,2025-09-01,['Browsed']
CUST2156,P8057,1,1,2026-06-30,['Browsed']
CUST2156,P8092,5,1,2026-07-06,['Bought']
CUST2156,P8104,1,1,2026-06-12,['Browsed']
CUST2156,P8109,10,4,2026-07-26,"['Bought', 'Exchanged', 'Reviewed']"
CUST2156,P8114,3,1,2026-02-15,['Added_to_Cart']
CUST2156,P8118,2,1,2025-12-05,['Wishlisted']
CUST2156,P8120,6,2,2026-06-16,['Added_to_Cart']
CUST2157,P8003,1,1,2025-11-19,['Browsed']
CUST2157,P8013,1,1,2025-11-17,['Browsed']
CUST2157,P8016,1,1,2025-12-11,['Browsed']
CUST2157,P8021,1,1,2026-08-13,['Browsed']
CUST2157,P8035,2,1,2026-08-09,['Wishlisted']
CUST2157,P8037,2,1,2025-12-12,['Wishlisted']
CUST2157,P8043,3,1,2026-02-13,['Added_to_Cart']
CUST2157,P8046,5,1,2025-10-29,['Bought']
CUST2157,P8049,1,1,2026-06-29,['Browsed']
CUST2157,P8050,9,2,2026-08-22,"['Bought', 'Reviewed']"
CUST2157,P8055,3,1,2026-04-21,['Added_to_Cart']
CUST2157,P8095,2,1,2026-07-12,['Wishlisted']
CUST2157,P8096,1,1,2025-10-03,['Browsed']
CUST2157,P8098,1,1,2026-07-25,['Browsed']
CUST2157,P8101,5,1,2026-06-13,['Bought']
CUST2157,P8102,1,1,2026-07-13,['Browsed']
CUST2157,P8103,3,1,2026-07-10,['Added_to_Cart']
CUST2157,P8119,5,1,2025-05-08,['Bought']
CUST2157,P8127,5,1,2025-04-14,['Bought']
CUST2157,P8136,2,1,2025-11-28,['Wishlisted']
CUST2158,P8030,1,1,2026-08-18,['Browsed']
CUST2158,P8046,1,1,2026-06-07,['Browsed']
CUST2158,P8052,1,1,2025-11-28,['Browsed']
CUST2158,P8058,3,1,2026-07-05,['Added_to_Cart']
CUST2158,P8094,1,1,2026-03-21,['Browsed']
CUST2158,P8095,2,1,2026-08-05,['Wishlisted']
CUST2158,P8112,3,1,2026-08-10,['Added_to_Cart']
CUST2158,P8124,3,1,2026-08-23,['Added_to_Cart']
CUST2158,P8128,1,1,2026-03-19,['Browsed']
CUST2158,P8130,1,1,2025-11-23,['Browsed']
CUST2158,P8131,1,1,2026-02-25,['Browsed']
CUST2158,P8141,2,1,2026-03-24,['Wishlisted']
CUST2159,P8010,5,1,2026-05-04,['Bought']
CUST2159,P8023,5,1,2025-09-30,['Bought']
CUST2159,P8037,5,1,2026-05-08,['Bought']
CUST2159,P8094,1,1,2025-12-15,['Browsed']
CUST2159,P8100,2,1,2026-07-10,['Wishlisted']
CUST2159,P8102,1,1,2026-06-19,['Browsed']
CUST2159,P8104,5,1,2025-08-03,['Bought']
CUST2159,P8111,3,1,2026-07-01,['Added_to_Cart']
CUST2159,P8119,1,1,2026-05-10,['Browsed']
CUST2159,P8126,3,1,2026-07-23,['Added_to_Cart']
CUST2159,P8127,3,1,2026-07-21,['Added_to_Cart']
CUST2159,P8138,3,1,2026-05-09,['Added_to_Cart']
CUST2159,P8151,5,2,2026-06-20,"['Bought', 'Reviewed']"
CUST2160,P8029,5,1,2025-10-17,['Bought']
CUST2160,P8031,1,1,2026-02-03,['Browsed']
CUST2160,P8037,3,1,2026-06-28,['Added_to_Cart']
CUST2160,P8046,6,2,2026-01-02,"['Bought', 'Exchanged']"
CUST2160,P8047,3,1,2026-05-20,['Added_to_Cart']
CUST2160,P8076,1,1,2025-10-27,['Browsed']
CUST2160,P8082,2,1,2026-05-31,['Wishlisted']
CUST2160,P8089,3,1,2026-06-12,['Added_to_Cart']
CUST2160,P8091,2,2,2026-04-25,"['Browsed', 'Exchanged']"
CUST2160,P8094,3,1,2026-02-07,['Added_to_Cart']
CUST2160,P8095,1,1,2026-02-18,['Browsed']
CUST2160,P8109,3,1,2026-05-10,['Added_to_Cart']
CUST2160,P8111,1,1,2026-02-28,['Browsed']
CUST2160,P8119,5,1,2025-11-30,['Bought']
CUST2160,P8123,1,1,2025-10-08,['Browsed']
CUST2160,P8135,5,2,2026-06-19,"['Bought', 'Support_Contact']"
CUST2161,P8007,3,1,2026-07-14,['Added_to_Cart']
CUST2161,P8040,3,1,2026-03-20,['Added_to_Cart']
CUST2161,P8045,7,4,2025-07-05,"['Bought', 'Exchanged', 'Support_Contact']"
CUST2161,P8054,5,1,2025-05-16,['Bought']
CUST2161,P8115,1,1,2026-06-28,['Browsed']
CUST2161,P8116,1,1,2025-12-26,['Browsed']
CUST2161,P8143,16,6,2026-08-22,"['Bought', 'Exchanged', 'Reviewed', 'Support_Contact']"
CUST2161,P8147,2,1,2026-04-22,['Wishlisted']
CUST2161,P8150,1,1,2026-06-16,['Browsed']
CUST2162,P8012,6,2,2025-07-17,"['Bought', 'Exchanged']"
CUST2162,P8013,2,1,2026-01-09,['Wishlisted']
CUST2162,P8017,3,1,2026-08-24,['Added_to_Cart']
CUST2162,P8019,1,1,2026-06-16,['Browsed']
CUST2162,P8025,1,1,2026-07-19,['Browsed']
CUST2162,P8035,1,1,2025-11-24,['Browsed']
CUST2162,P8039,6,2,2025-12-31,"['Bought', 'Exchanged']"
CUST2162,P8040,1,1,2026-06-16,['Browsed']
CUST2162,P8055,9,2,2026-08-14,"['Bought', 'Reviewed']"
CUST2162,P8066,6,2,2025-08-07,"['Bought', 'Exchanged']"
CUST2162,P8067,2,1,2026-06-27,['Wishlisted']
CUST2162,P8092,3,1,2026-05-21,['Added_to_Cart']
CUST2162,P8104,1,1,2025-10-20,['Browsed']
CUST2162,P8109,1,1,2025-12-14,['Browsed']
CUST2162,P8126,7,4,2026-08-15,"['Bought', 'Reviewed', 'Support_Contact']"
CUST2162,P8134,3,2,2025-05-18,"['Bought', 'Returned']"
CUST2162,P8140,5,1,2025-12-07,['Bought']
CUST2162,P8148,1,1,2025-09-29,['Browsed']
CUST2162,P8152,5,1,2025-07-05,['Bought']
CUST2163,P8032,3,1,2026-06-17,['Added_to_Cart']
CUST2163,P8040,1,1,2026-02-12,['Browsed']
CUST2163,P8077,1,1,2026-08-05,['Browsed']
CUST2163,P8095,5,2,2026-07-10,"['Added_to_Cart', 'Wishlisted']"
CUST2163,P8098,5,4,2026-05-11,"['Bought', 'Returned', 'Reviewed']"
CUST2163,P8114,5,1,2026-03-05,['Bought']
CUST2163,P8122,1,1,2026-04-18,['Browsed']
CUST2163,P8125,2,1,2026-06-16,['Wishlisted']
CUST2163,P8127,9,2,2026-04-11,"['Bought', 'Reviewed']"
CUST2163,P8132,2,1,2026-07-15,['Wishlisted']
CUST2163,P8134,3,1,2026-06-19,['Added_to_Cart']
CUST2164,P8030,2,1,2026-07-17,['Wishlisted']
CUST2164,P8040,1,1,2026-06-10,['Browsed']
CUST2164,P8077,1,1,2026-02-13,['Browsed']
CUST2164,P8084,5,1,2025-07-14,['Bought']
CUST2164,P8086,1,1,2026-05-05,['Browsed']
CUST2164,P8097,1,1,2026-07-21,['Browsed']
CUST2164,P8113,10,5,2026-02-12,"['Bought', 'Exchanged', 'Reviewed', 'Support_Contact']"
CUST2164,P8121,3,2,2026-01-21,"['Browsed', 'Wishlisted']"
CUST2164,P8142,2,1,2026-08-03,['Wishlisted']
CUST2165,P8011,1,1,2026-01-25,['Browsed']
CUST2165,P8027,5,1,2025-04-23,['Bought']
CUST2165,P8042,1,3,2026-08-23,"['Returned', 'Reviewed']"
CUST2165,P8047,1,1,2026-06-08,['Browsed']
CUST2165,P8064,2,1,2026-03-12,['Wishlisted']
CUST2165,P8065,1,1,2026-04-09,['Browsed']
CUST2165,P8101,1,1,2026-04-18,['Browsed']
CUST2165,P8102,1,1,2025-11-23,['Browsed']
CUST2165,P8104,3,1,2026-08-17,['Added_to_Cart']
CUST2165,P8105,3,1,2026-06-19,['Added_to_Cart']
CUST2165,P8127,1,1,2026-02-24,['Browsed']
CUST2165,P8128,1,1,2025-09-02,['Browsed']
CUST2165,P8130,1,1,2025-09-11,['Browsed']
CUST2165,P8147,3,1,2026-07-21,['Added_to_Cart']
CUST2166,P8031,1,1,2026-04-02,['Browsed']
CUST2166,P8052,1,1,2026-07-07,['Browsed']
CUST2166,P8056,3,1,2026-03-22,['Added_to_Cart']
CUST2166,P8086,1,1,2026-08-24,['Browsed']
CUST2166,P8093,8,3,2026-08-15,"['Bought', 'Browsed', 'Reviewed']"
CUST2166,P8098,1,1,2025-12-14,['Browsed']
CUST2166,P8118,7,4,2026-08-14,"['Bought', 'Returned', 'Reviewed', 'Support_Contact']"
CUST2166,P8129,9,6,2026-08-16,"['Bought', 'Reviewed', 'Support_Contact']"
CUST2166,P8132,3,1,2026-08-03,['Added_to_Cart']
CUST2166,P8138,1,1,2026-03-12,['Browsed']
CUST2167,P8098,1,1,2025-11-21,['Browsed']
CUST2167,P8109,5,1,2025-05-30,['Bought']
CUST2167,P8131,3,1,2026-05-23,['Added_to_Cart']
CUST2167,P8133,1,1,2026-02-03,['Browsed']
CUST2167,P8134,3,1,2026-05-21,['Added_to_Cart']
CUST2167,P8135,4,2,2026-05-29,"['Added_to_Cart', 'Browsed']"
CUST2168,P8040,5,1,2025-11-05,['Bought']
CUST2168,P8041,1,1,2026-02-12,['Browsed']
CUST2168,P8056,2,1,2026-08-14,['Wishlisted']
CUST2168,P8063,2,1,2026-01-21,['Wishlisted']
CUST2168,P8110,2,1,2026-03-11,['Wishlisted']
CUST2168,P8131,1,1,2026-03-11,['Browsed']
CUST2169,P8032,1,1,2025-11-17,['Browsed']
CUST2169,P8092,5,1,2025-04-27,['Bought']
CUST2169,P8093,1,1,2025-12-29,['Browsed']
CUST2169,P8094,1,1,2026-06-14,['Browsed']
CUST2169,P8109,1,1,2026-08-16,['Browsed']
CUST2169,P8120,1,1,2026-05-31,['Browsed']
CUST2169,P8122,3,1,2026-07-30,['Added_to_Cart']
CUST2169,P8135,1,1,2026-05-18,['Browsed']
CUST2169,P8139,1,1,2026-04-17,['Exchanged']
CUST2169,P8140,1,1,2025-10-18,['Browsed']
CUST2169,P8142,8,2,2026-02-06,"['Added_to_Cart', 'Bought']"
CUST2170,P8002,1,1,2026-01-29,['Browsed']
CUST2170,P8038,1,1,2026-01-24,['Browsed']
CUST2170,P8052,2,1,2025-11-13,['Wishlisted']
CUST2170,P8100,1,1,2026-05-19,['Browsed']
CUST2170,P8105,1,1,2025-11-24,['Browsed']
CUST2170,P8112,2,1,2025-12-21,['Wishlisted']
CUST2170,P8130,5,1,2026-04-13,['Bought']
CUST2170,P8135,2,1,2025-11-27,['Wishlisted']
CUST2170,P8146,1,1,2025-11-17,['Browsed']
CUST2171,P8007,1,1,2026-07-12,['Browsed']
CUST2171,P8014,3,1,2026-08-23,['Added_to_Cart']
CUST2171,P8017,1,1,2025-09-03,['Browsed']
CUST2171,P8030,1,1,2025-10-11,['Browsed']
CUST2171,P8038,3,1,2026-04-09,['Added_to_Cart']
CUST2171,P8050,6,2,2026-07-08,"['Bought', 'Browsed']"
CUST2171,P8110,1,1,2026-06-01,['Browsed']
CUST2171,P8122,1,1,2025-11-30,['Browsed']
CUST2171,P8133,1,1,2026-03-16,['Browsed']
CUST2171,P8134,5,1,2026-03-07,['Bought']
CUST2171,P8144,1,1,2026-02-15,['Browsed']
CUST2171,P8145,3,1,2026-04-12,['Added_to_Cart']
CUST2171,P8151,2,1,2025-12-16,['Wishlisted']
CUST2172,P8002,13,6,2026-04-08,"['Bought', 'Exchanged', 'Reviewed']"
CUST2172,P8012,3,1,2026-07-09,['Added_to_Cart']
CUST2172,P8053,1,1,2026-01-27,['Browsed']
CUST2172,P8068,3,1,2026-02-28,['Added_to_Cart']
CUST2172,P8113,5,1,2025-08-16,['Bought']
CUST2172,P8120,2,1,2026-02-03,['Wishlisted']
CUST2172,P8129,1,1,2025-11-21,['Browsed']
CUST2173,P8001,1,1,2026-07-25,['Browsed']
CUST2173,P8002,3,1,2026-03-29,['Added_to_Cart']
CUST2173,P8008,1,1,2025-11-12,['Browsed']
CUST2173,P8014,1,1,2025-10-21,['Browsed']
CUST2173,P8026,1,1,2025-10-10,['Browsed']
CUST2173,P8035,3,1,2026-02-27,['Added_to_Cart']
CUST2173,P8045,1,1,2026-02-07,['Browsed']
CUST2173,P8058,7,4,2026-08-17,"['Bought', 'Browsed', 'Exchanged', 'Reviewed']"
CUST2173,P8093,3,1,2026-05-12,['Added_to_Cart']
CUST2173,P8099,9,4,2025-12-24,"['Bought', 'Reviewed']"
CUST2173,P8109,2,1,2026-04-15,['Wishlisted']
CUST2173,P8119,1,1,2026-01-16,['Browsed']
CUST2173,P8126,1,1,2025-12-18,['Browsed']
CUST2173,P8139,5,1,2025-09-23,['Bought']
CUST2173,P8146,5,1,2025-08-13,['Bought']
CUST2173,P8150,3,1,2026-03-29,['Added_to_Cart']
CUST2174,P8044,3,1,2026-02-15,['Added_to_Cart']
CUST2174,P8047,2,1,2025-10-31,['Wishlisted']
CUST2174,P8054,2,1,2026-04-23,['Wishlisted']
CUST2174,P8086,3,1,2026-07-13,['Added_to_Cart']
CUST2174,P8112,1,1,2025-10-17,['Browsed']
CUST2174,P8114,2,1,2025-11-09,['Wishlisted']
CUST2174,P8126,1,1,2025-10-18,['Browsed']
CUST2174,P8127,8,2,2025-08-24,"['Bought', 'Reviewed']"
CUST2174,P8142,3,1,2026-04-30,['Added_to_Cart']
CUST2174,P8143,5,1,2026-06-25,['Bought']
CUST2175,P8030,1,1,2026-02-08,['Browsed']
CUST2175,P8031,5,2,2025-10-11,"['Bought', 'Support_Contact']"
CUST2175,P8034,2,1,2026-04-23,['Wishlisted']
CUST2175,P8044,5,1,2026-07-29,['Bought']
CUST2175,P8048,3,1,2026-05-19,['Added_to_Cart']
CUST2175,P8056,1,1,2025-09-28,['Browsed']
CUST2175,P8058,1,1,2025-09-06,['Browsed']
CUST2175,P8089,3,1,2026-04-13,['Added_to_Cart']
CUST2175,P8091,1,1,2026-07-08,['Browsed']
CUST2175,P8135,8,3,2026-08-19,"['Bought', 'Exchanged', 'Reviewed']"
CUST2175,P8142,3,1,2026-03-23,['Added_to_Cart']
CUST2176,P8002,5,2,2026-06-29,['Reviewed']
CUST2176,P8038,1,1,2025-11-30,['Browsed']
CUST2176,P8045,8,2,2026-05-19,"['Bought', 'Reviewed']"
CUST2176,P8058,2,1,2025-12-02,['Wishlisted']
CUST2176,P8059,3,2,2025-07-14,"['Bought', 'Returned']"
CUST2176,P8076,7,3,2026-08-04,"['Bought', 'Exchanged']"
CUST2176,P8133,1,1,2025-08-29,['Browsed']
CUST2177,P8006,3,1,2026-07-04,['Added_to_Cart']
CUST2177,P8021,1,1,2026-08-01,['Browsed']
CUST2177,P8042,1,1,2025-12-09,['Browsed']
CUST2177,P8047,5,1,2026-02-15,['Bought']
CUST2177,P8051,5,1,2025-10-20,['Bought']
CUST2177,P8052,3,1,2026-04-08,['Added_to_Cart']
CUST2177,P8061,0,1,2026-08-17,['Reviewed']
CUST2177,P8070,5,1,2026-08-01,['Bought']
CUST2177,P8093,9,2,2025-11-18,"['Bought', 'Reviewed']"
CUST2177,P8101,10,2,2026-04-09,['Bought']
CUST2177,P8110,1,1,2026-06-13,['Browsed']
CUST2177,P8118,5,1,2025-09-13,['Bought']
CUST2177,P8139,9,3,2026-06-17,"['Bought', 'Reviewed']"
CUST2177,P8144,1,1,2026-05-12,['Browsed']
CUST2178,P8006,2,1,2026-05-23,['Wishlisted']
CUST2178,P8008,1,1,2026-05-24,['Browsed']
CUST2178,P8031,1,1,2026-08-18,['Browsed']
CUST2178,P8047,3,1,2026-07-21,['Added_to_Cart']
CUST2178,P8061,3,1,2026-04-10,['Added_to_Cart']
CUST2178,P8073,2,1,2026-05-06,['Wishlisted']
CUST2178,P8093,1,1,2025-12-18,['Browsed']
CUST2178,P8095,1,1,2026-02-17,['Browsed']
CUST2178,P8099,6,2,2026-07-02,"['Bought', 'Exchanged']"
CUST2178,P8115,1,1,2026-06-19,['Browsed']
CUST2178,P8118,3,1,2026-03-29,['Added_to_Cart']
CUST2178,P8121,3,1,2026-06-03,['Added_to_Cart']
CUST2178,P8123,6,2,2025-06-22,"['Bought', 'Exchanged']"
CUST2178,P8138,5,2,2026-08-14,"['Bought', 'Reviewed']"
CUST2178,P8143,5,1,2025-10-30,['Bought']
CUST2179,P8015,3,1,2026-07-27,['Added_to_Cart']
CUST2179,P8023,3,1,2026-02-12,['Added_to_Cart']
CUST2179,P8033,5,1,2025-06-28,['Bought']
CUST2179,P8054,-2,1,2025-07-20,['Returned']
CUST2179,P8055,5,2,2025-10-28,"['Bought', 'Support_Contact']"
CUST2179,P8062,1,1,2026-02-24,['Browsed']
CUST2179,P8098,5,1,2025-05-15,['Bought']
CUST2179,P8109,5,3,2026-08-18,"['Bought', 'Returned', 'Reviewed']"
CUST2179,P8128,1,1,2026-05-07,['Browsed']
CUST2179,P8131,5,3,2026-03-31,"['Bought', 'Reviewed', 'Support_Contact']"
CUST2180,P8027,1,1,2025-08-31,['Browsed']
CUST2180,P8051,1,1,2026-07-06,['Browsed']
CUST2180,P8114,5,1,2025-06-05,['Bought']
CUST2180,P8118,1,1,2025-11-13,['Browsed']
CUST2180,P8121,1,1,2026-08-13,['Browsed']
CUST2180,P8130,3,1,2026-03-15,['Added_to_Cart']
CUST2180,P8135,3,1,2026-06-05,['Added_to_Cart']
CUST2180,P8137,1,1,2025-09-23,['Browsed']
CUST2180,P8140,2,1,2026-01-31,['Wishlisted']
CUST2180,P8143,1,1,2026-05-05,['Browsed']
CUST2181,P8002,5,1,2026-04-30,['Bought']
CUST2181,P8009,1,1,2026-03-14,['Browsed']
CUST2181,P8012,1,1,2025-10-15,['Browsed']
CUST2181,P8017,1,1,2026-08-19,['Reviewed']
CUST2181,P8021,3,2,2025-06-19,"['Bought', 'Returned']"
CUST2181,P8034,1,1,2025-12-30,['Browsed']
CUST2181,P8040,5,1,2026-02-19,['Bought']
CUST2181,P8053,2,1,2026-03-07,['Wishlisted']
CUST2181,P8057,1,1,2026-05-02,['Browsed']
CUST2181,P8058,1,1,2026-03-13,['Browsed']
CUST2181,P8063,1,1,2025-10-08,['Browsed']
CUST2181,P8068,7,2,2026-07-24,"['Bought', 'Wishlisted']"
CUST2181,P8109,2,1,2026-03-07,['Wishlisted']
CUST2181,P8110,1,1,2025-12-19,['Browsed']
CUST2181,P8127,3,1,2026-03-24,['Added_to_Cart']
CUST2181,P8130,1,1,2026-04-28,['Browsed']
CUST2181,P8138,1,1,2026-07-06,['Browsed']
CUST2181,P8139,1,1,2025-09-28,['Browsed']
CUST2181,P8144,1,1,2026-03-20,['Browsed']
CUST2182,P8007,2,1,2026-03-24,['Wishlisted']
CUST2182,P8041,4,3,2026-04-24,"['Bought', 'Exchanged', 'Returned']"
CUST2182,P8045,5,1,2025-12-21,['Bought']
CUST2182,P8052,12,3,2025-11-12,"['Bought', 'Reviewed']"
CUST2182,P8070,1,1,2026-05-18,['Browsed']
CUST2182,P8073,5,1,2025-12-15,['Bought']
CUST2182,P8094,1,1,2026-03-13,['Browsed']
CUST2182,P8105,1,1,2025-08-31,['Browsed']
CUST2182,P8109,1,1,2026-06-12,['Browsed']
CUST2182,P8136,1,1,2026-07-02,['Browsed']
CUST2182,P8143,1,1,2025-11-11,['Browsed']
CUST2182,P8150,1,1,2026-03-12,['Browsed']
CUST2183,P8028,2,1,2025-12-15,['Wishlisted']
CUST2183,P8041,1,1,2025-12-21,['Browsed']
CUST2183,P8049,5,1,2025-06-24,['Bought']
CUST2183,P8083,1,1,2026-02-17,['Browsed']
CUST2183,P8089,1,1,2026-05-20,['Browsed']
CUST2183,P8098,1,1,2025-11-07,['Browsed']
CUST2183,P8114,3,1,2026-02-27,['Added_to_Cart']
CUST2183,P8122,-2,6,2025-06-25,"['Exchanged', 'Returned', 'Support_Contact']"
CUST2183,P8130,2,1,2026-08-16,['Wishlisted']
CUST2183,P8134,1,1,2025-09-29,['Browsed']
CUST2183,P8135,3,1,2026-06-10,['Added_to_Cart']
CUST2183,P8139,2,1,2026-06-01,['Wishlisted']
CUST2184,P8034,3,1,2026-06-06,['Added_to_Cart']
CUST2184,P8035,5,1,2025-07-03,['Bought']
CUST2184,P8053,1,1,2026-05-24,['Browsed']
CUST2184,P8077,2,1,2026-07-25,['Wishlisted']
CUST2184,P8085,3,1,2026-08-01,['Added_to_Cart']
CUST2184,P8090,6,2,2026-05-06,['Added_to_Cart']
CUST2184,P8096,3,1,2026-07-20,['Added_to_Cart']
CUST2184,P8107,1,1,2026-08-07,['Browsed']
CUST2184,P8112,1,1,2026-02-10,['Browsed']
CUST2184,P8118,6,2,2025-10-22,"['Bought', 'Reviewed']"
CUST2184,P8122,1,1,2025-06-24,['Exchanged']
CUST2185,P8031,3,2,2026-04-29,"['Browsed', 'Wishlisted']"
CUST2185,P8041,-1,2,2026-08-19,"['Returned', 'Reviewed']"
CUST2185,P8090,3,1,2026-07-01,['Added_to_Cart']
CUST2185,P8113,1,1,2026-04-19,['Browsed']
CUST2185,P8120,1,1,2026-06-12,['Browsed']
CUST2185,P8129,1,1,2025-10-10,['Browsed']
CUST2185,P8137,1,1,2025-11-03,['Browsed']
CUST2186,P8005,3,1,2026-06-29,['Added_to_Cart']
CUST2186,P8019,3,1,2026-05-10,['Added_to_Cart']
CUST2186,P8052,3,1,2026-04-27,['Added_to_Cart']
CUST2186,P8073,1,1,2026-04-21,['Browsed']
CUST2186,P8076,-2,1,2026-08-23,['Returned']
CUST2186,P8099,5,2,2026-05-21,"['Bought', 'Support_Contact']"
CUST2186,P8121,3,1,2026-03-08,['Added_to_Cart']
CUST2186,P8129,1,1,2025-11-27,['Browsed']
CUST2187,P8002,1,1,2025-09-04,['Browsed']
CUST2187,P8009,1,6,2025-12-26,"['Exchanged', 'Returned', 'Reviewed']"
CUST2187,P8011,1,1,2026-01-21,['Browsed']
CUST2187,P8022,1,1,2025-09-19,['Browsed']
CUST2187,P8038,1,1,2026-05-08,['Browsed']
CUST2187,P8041,2,1,2026-01-12,['Wishlisted']
CUST2187,P8121,2,1,2026-01-08,['Wishlisted']
CUST2187,P8122,3,2,2026-07-13,"['Browsed', 'Wishlisted']"
CUST2187,P8128,3,1,2026-04-20,['Added_to_Cart']
CUST2187,P8131,5,2,2026-02-25,"['Bought', 'Support_Contact']"
CUST2187,P8145,3,1,2026-05-14,['Added_to_Cart']
CUST2188,P8013,3,3,2026-02-23,"['Bought', 'Returned', 'Support_Contact']"
CUST2188,P8032,1,1,2025-11-14,['Browsed']
CUST2188,P8034,5,1,2025-10-02,['Bought']
CUST2188,P8056,3,1,2026-04-17,['Added_to_Cart']
CUST2188,P8057,3,2,2026-03-13,"['Bought', 'Returned']"
CUST2188,P8059,1,2,2026-03-08,"['Browsed', 'Support_Contact']"
CUST2188,P8068,9,2,2026-07-18,"['Bought', 'Reviewed']"
CUST2188,P8109,2,1,2026-05-10,['Wishlisted']
CUST2188,P8110,1,1,2026-06-20,['Browsed']
CUST2188,P8114,1,1,2026-04-04,['Browsed']
CUST2188,P8125,6,2,2026-02-18,"['Bought', 'Exchanged']"
CUST2188,P8128,2,1,2026-02-11,['Wishlisted']
CUST2188,P8132,3,1,2026-02-16,['Added_to_Cart']
CUST2188,P8135,2,1,2026-06-26,['Wishlisted']
CUST2188,P8148,3,1,2026-07-28,['Added_to_Cart']
CUST2189,P8027,3,1,2026-04-26,['Added_to_Cart']
CUST2189,P8028,5,1,2025-07-10,['Bought']
CUST2189,P8030,3,1,2026-06-25,['Added_to_Cart']
CUST2189,P8032,1,1,2026-06-18,['Browsed']
CUST2189,P8043,1,1,2026-06-06,['Browsed']
CUST2189,P8054,2,1,2026-03-03,['Wishlisted']
CUST2189,P8056,1,1,2026-06-05,['Browsed']
CUST2189,P8071,1,1,2025-05-19,['Exchanged']
CUST2189,P8089,1,1,2026-08-01,['Browsed']
CUST2189,P8110,-1,4,2026-08-23,"['Bought', 'Returned']"
CUST2189,P8125,2,1,2026-01-25,['Wishlisted']
CUST2189,P8126,1,1,2025-11-19,['Browsed']
CUST2189,P8127,3,1,2026-04-23,['Added_to_Cart']
CUST2189,P8130,3,1,2026-03-05,['Added_to_Cart']
CUST2189,P8137,2,1,2025-11-15,['Wishlisted']
CUST2190,P8005,3,1,2026-03-26,['Added_to_Cart']
CUST2190,P8007,1,1,2025-10-25,['Browsed']
CUST2190,P8013,2,2,2026-04-24,['Browsed']
CUST2190,P8023,8,5,2026-02-01,"['Bought', 'Exchanged', 'Returned', 'Reviewed', 'Support_Contact']"
CUST2190,P8035,3,1,2026-07-31,['Added_to_Cart']
CUST2190,P8040,1,1,2025-12-22,['Browsed']
CUST2190,P8043,5,4,2026-04-22,"['Bought', 'Exchanged', 'Returned']"
CUST2190,P8047,3,1,2026-03-26,['Added_to_Cart']
CUST2190,P8053,5,1,2025-08-18,['Bought']
CUST2190,P8070,2,1,2026-03-29,['Wishlisted']
CUST2190,P8072,7,3,2025-11-10,"['Reviewed', 'Support_Contact']"
CUST2190,P8112,1,1,2026-06-05,['Browsed']
CUST2190,P8113,1,1,2026-08-19,['Browsed']
CUST2190,P8114,5,1,2025-11-02,['Bought']
CUST2190,P8145,1,1,2026-05-17,['Browsed']
CUST2190,P8147,2,1,2026-01-04,['Wishlisted']
CUST2190,P8148,5,1,2026-04-02,['Bought']
CUST2191,P8017,3,1,2026-04-28,['Added_to_Cart']
CUST2191,P8038,1,1,2025-11-22,['Browsed']
CUST2191,P8045,7,3,2026-08-19,"['Bought', 'Reviewed']"
CUST2191,P8053,1,1,2025-11-17,['Browsed']
CUST2191,P8069,1,1,2026-01-26,['Browsed']
CUST2191,P8099,5,2,2026-08-17,"['Bought', 'Reviewed']"
CUST2191,P8107,5,1,2026-06-26,['Bought']
CUST2191,P8116,3,1,2026-06-13,['Added_to_Cart']
CUST2191,P8121,1,1,2026-07-06,['Browsed']
CUST2191,P8124,3,1,2026-03-21,['Added_to_Cart']
CUST2191,P8140,5,1,2026-02-27,['Bought']
CUST2191,P8141,5,3,2025-12-06,"['Bought', 'Support_Contact']"
CUST2191,P8143,5,1,2026-07-15,['Bought']
CUST2192,P8001,1,1,2026-05-19,['Browsed']
CUST2192,P8015,1,1,2026-02-27,['Browsed']
CUST2192,P8017,5,1,2025-05-14,['Bought']
CUST2192,P8035,1,1,2025-12-31,['Browsed']
CUST2192,P8046,1,1,2026-08-13,['Browsed']
CUST2192,P8050,3,1,2026-03-29,['Added_to_Cart']
CUST2192,P8065,2,1,2026-08-08,['Wishlisted']
CUST2192,P8091,5,1,2025-09-23,['Bought']
CUST2192,P8110,1,1,2026-08-05,['Browsed']
CUST2192,P8119,8,2,2026-08-03,"['Added_to_Cart', 'Bought']"
CUST2192,P8131,5,1,2026-01-12,['Bought']
CUST2192,P8141,5,1,2025-12-02,['Bought']
CUST2192,P8150,3,1,2026-08-07,['Added_to_Cart']
CUST2193,P8020,1,1,2026-06-28,['Browsed']
CUST2193,P8021,3,1,2026-04-18,['Added_to_Cart']
CUST2193,P8032,5,1,2025-09-16,['Bought']
CUST2193,P8047,2,1,2026-06-01,['Wishlisted']
CUST2193,P8049,2,3,2026-08-23,"['Exchanged', 'Support_Contact']"
CUST2193,P8052,6,2,2026-04-07,"['Bought', 'Exchanged']"
CUST2193,P8063,2,1,2026-04-14,['Wishlisted']
CUST2193,P8071,1,1,2026-06-03,['Browsed']
CUST2193,P8074,3,1,2026-05-12,['Added_to_Cart']
CUST2193,P8098,1,1,2026-03-18,['Browsed']
CUST2193,P8102,1,1,2025-12-27,['Browsed']
CUST2193,P8112,5,1,2026-06-09,['Bought']
CUST2193,P8114,5,1,2026-03-09,['Bought']
CUST2193,P8123,1,1,2026-01-10,['Browsed']
CUST2193,P8137,1,1,2026-03-19,['Browsed']
CUST2193,P8149,5,1,2026-03-21,['Bought']
CUST2194,P8004,5,1,2025-09-16,['Bought']
CUST2194,P8005,3,1,2026-05-09,['Added_to_Cart']
CUST2194,P8045,2,1,2025-11-11,['Wishlisted']
CUST2194,P8057,1,1,2026-03-06,['Browsed']
CUST2194,P8061,1,1,2026-04-06,['Browsed']
CUST2194,P8068,3,1,2026-04-09,['Added_to_Cart']
CUST2194,P8093,5,1,2025-10-02,['Bought']
CUST2194,P8103,5,1,2025-04-22,['Bought']
CUST2194,P8108,1,1,2025-09-08,['Browsed']
CUST2194,P8112,5,1,2026-05-04,['Bought']
CUST2194,P8131,1,1,2026-04-18,['Browsed']
CUST2194,P8139,4,1,2026-08-20,['Reviewed']
CUST2194,P8146,5,1,2026-01-02,['Bought']
CUST2194,P8148,1,1,2025-09-01,['Browsed']
CUST2195,P8038,12,5,2026-08-22,"['Bought', 'Browsed', 'Exchanged', 'Reviewed']"
CUST2195,P8050,1,1,2025-11-02,['Browsed']
CUST2195,P8077,1,1,2025-11-17,['Browsed']
CUST2195,P8081,1,1,2025-09-16,['Browsed']
CUST2195,P8089,4,2,2026-07-10,"['Added_to_Cart', 'Browsed']"
CUST2195,P8099,3,1,2026-07-14,['Added_to_Cart']
CUST2195,P8108,3,1,2026-02-27,['Added_to_Cart']
CUST2195,P8110,2,1,2026-08-14,['Wishlisted']
CUST2195,P8125,1,1,2026-01-07,['Browsed']
CUST2196,P8002,2,1,2026-06-03,['Wishlisted']
CUST2196,P8011,5,1,2026-03-21,['Bought']
CUST2196,P8040,3,1,2026-06-29,['Added_to_Cart']
CUST2196,P8055,2,1,2026-02-14,['Wishlisted']
CUST2196,P8068,1,1,2026-04-01,['Browsed']
CUST2196,P8094,1,1,2026-05-24,['Browsed']
CUST2196,P8097,13,4,2026-07-15,"['Added_to_Cart', 'Bought', 'Exchanged', 'Reviewed']"
CUST2196,P8098,1,1,2026-08-18,['Browsed']
CUST2196,P8108,2,1,2026-02-05,['Wishlisted']
CUST2196,P8125,2,1,2026-05-17,['Wishlisted']
CUST2196,P8135,1,1,2026-08-02,['Browsed']
CUST2196,P8148,5,1,2026-06-05,['Bought']
CUST2197,P8027,2,1,2025-11-02,['Wishlisted']
CUST2197,P8036,1,1,2026-05-09,['Browsed']
CUST2197,P8037,1,1,2026-04-04,['Browsed']
CUST2197,P8050,3,1,2026-05-15,['Added_to_Cart']
CUST2197,P8076,5,1,2025-04-30,['Bought']
CUST2197,P8080,3,1,2026-05-20,['Added_to_Cart']
CUST2197,P8120,2,1,2026-04-18,['Wishlisted']
CUST2197,P8130,5,1,2026-04-08,['Bought']
CUST2197,P8135,1,1,2026-06-05,['Browsed']
CUST2197,P8138,8,4,2026-07-10,"['Bought', 'Exchanged', 'Reviewed']"
CUST2198,P8002,1,1,2026-07-27,['Browsed']
CUST2198,P8014,2,1,2026-06-28,['Wishlisted']
CUST2198,P8020,3,1,2026-03-23,['Added_to_Cart']
CUST2198,P8033,7,2,2026-01-14,"['Bought', 'Reviewed']"
CUST2198,P8034,2,1,2026-04-01,['Wishlisted']
CUST2198,P8051,2,1,2025-11-15,['Wishlisted']
CUST2198,P8102,3,1,2026-07-28,['Added_to_Cart']
CUST2198,P8104,1,1,2025-11-26,['Browsed']
CUST2198,P8119,3,1,2026-03-23,['Added_to_Cart']
CUST2198,P8131,1,1,2025-09-26,['Browsed']
CUST2198,P8144,3,1,2026-06-24,['Added_to_Cart']
CUST2199,P8012,3,1,2026-08-01,['Added_to_Cart']
CUST2199,P8013,1,1,2026-01-01,['Browsed']
CUST2199,P8019,2,1,2026-07-26,['Wishlisted']
CUST2199,P8033,1,1,2025-12-02,['Browsed']
CUST2199,P8055,3,1,2026-05-05,['Added_to_Cart']
CUST2199,P8067,3,1,2026-07-19,['Added_to_Cart']
CUST2199,P8093,5,1,2025-09-21,['Bought']
CUST2199,P8118,3,1,2026-04-26,['Added_to_Cart']
CUST2199,P8123,1,1,2025-11-07,['Browsed']
CUST2199,P8135,2,1,2025-11-20,['Wishlisted']
CUST2199,P8151,5,1,2026-01-21,['Bought']
CUST2200,P8031,2,2,2026-05-12,['Browsed']
CUST2200,P8033,3,1,2026-03-10,['Added_to_Cart']
CUST2200,P8035,1,1,2026-07-21,['Browsed']
CUST2200,P8077,1,1,2026-01-06,['Browsed']
CUST2200,P8082,3,1,2026-02-25,['Added_to_Cart']
CUST2200,P8084,1,1,2026-01-27,['Browsed']
CUST2200,P8087,1,1,2025-08-25,['Browsed']
CUST2200,P8095,1,1,2026-02-23,['Browsed']
CUST2200,P8112,1,1,2026-08-15,['Browsed']
CUST2200,P8123,3,1,2026-03-21,['Added_to_Cart']
CUST2200,P8136,5,1,2026-01-20,['Bought']
CUST2201,P8001,3,1,2026-02-07,['Added_to_Cart']
CUST2201,P8029,1,1,2025-10-05,['Browsed']
CUST2201,P8030,1,1,2025-08-25,['Browsed']
CUST2201,P8035,3,1,2026-06-18,['Added_to_Cart']
CUST2201,P8045,2,1,2026-02-26,['Wishlisted']
CUST2201,P8058,2,1,2026-04-16,['Wishlisted']
CUST2201,P8062,2,1,2025-11-16,['Wishlisted']
CUST2201,P8067,2,1,2026-07-15,['Wishlisted']
CUST2201,P8100,9,2,2026-06-23,"['Bought', 'Reviewed']"
CUST2201,P8111,2,1,2026-07-16,['Wishlisted']
CUST2201,P8113,5,1,2025-04-24,['Bought']
CUST2201,P8121,5,1,2026-05-23,['Bought']
CUST2201,P8122,3,5,2026-05-10,"['Exchanged', 'Returned', 'Reviewed', 'Support_Contact']"
CUST2201,P8127,1,1,2025-10-09,['Browsed']
CUST2201,P8141,2,1,2026-08-07,['Wishlisted']
CUST2201,P8142,1,1,2026-06-22,['Browsed']
CUST2202,P8002,6,2,2025-12-09,"['Bought', 'Browsed']"
CUST2202,P8004,10,4,2026-08-23,"['Bought', 'Reviewed']"
CUST2202,P8030,2,1,2026-02-19,['Wishlisted']
CUST2202,P8036,3,1,2026-04-07,['Added_to_Cart']
CUST2202,P8042,5,1,2026-01-17,['Bought']
CUST2202,P8045,1,1,2026-02-21,['Browsed']
CUST2202,P8053,2,4,2026-01-04,"['Bought', 'Exchanged', 'Returned']"
CUST2202,P8057,3,1,2026-03-31,['Added_to_Cart']
CUST2202,P8061,1,1,2026-03-06,['Browsed']
CUST2202,P8106,1,1,2025-09-24,['Browsed']
CUST2202,P8125,1,3,2026-04-03,"['Exchanged', 'Returned', 'Reviewed']"
CUST2202,P8128,1,1,2025-12-20,['Browsed']
CUST2202,P8145,3,1,2026-02-28,['Added_to_Cart']
CUST2203,P8028,6,2,2026-04-23,"['Bought', 'Reviewed']"
CUST2203,P8036,1,1,2025-12-31,['Browsed']
CUST2203,P8043,1,1,2026-08-24,['Browsed']
CUST2203,P8044,3,1,2026-04-15,['Added_to_Cart']
CUST2203,P8047,4,2,2026-03-18,"['Added_to_Cart', 'Browsed']"
CUST2203,P8051,1,1,2026-07-23,['Browsed']
CUST2203,P8052,6,2,2026-01-22,"['Bought', 'Exchanged']"
CUST2203,P8053,1,1,2025-09-28,['Browsed']
CUST2203,P8087,1,1,2025-11-24,['Browsed']
CUST2203,P8094,1,1,2026-08-05,['Browsed']
CUST2203,P8096,2,1,2026-07-11,['Wishlisted']
CUST2203,P8097,2,2,2026-06-09,['Browsed']
CUST2203,P8116,6,2,2025-07-26,"['Bought', 'Exchanged']"
CUST2203,P8123,1,1,2025-12-29,['Browsed']
CUST2203,P8126,1,1,2026-01-14,['Browsed']
CUST2203,P8143,14,6,2026-08-19,"['Added_to_Cart', 'Bought', 'Exchanged', 'Returned', 'Reviewed']"
CUST2204,P8027,1,1,2026-01-29,['Browsed']
CUST2204,P8036,5,1,2025-10-05,['Bought']
CUST2204,P8089,5,1,2026-04-03,['Bought']
CUST2204,P8090,5,1,2025-07-04,['Bought']
CUST2204,P8097,1,1,2026-03-29,['Browsed']
CUST2204,P8108,3,1,2026-03-31,['Added_to_Cart']
CUST2204,P8111,2,1,2026-03-18,['Wishlisted']
CUST2204,P8115,1,1,2026-05-09,['Browsed']
CUST2204,P8116,1,1,2026-07-18,['Browsed']
CUST2204,P8122,8,4,2026-06-01,"['Bought', 'Exchanged', 'Reviewed', 'Support_Contact']"
CUST2204,P8125,5,1,2025-10-25,['Bought']
CUST2204,P8136,3,1,2026-04-11,['Added_to_Cart']
CUST2204,P8144,5,1,2025-11-18,['Bought']
CUST2205,P8055,1,1,2025-09-23,['Browsed']
CUST2205,P8059,3,1,2026-03-06,['Added_to_Cart']
CUST2205,P8088,3,1,2026-06-28,['Added_to_Cart']
CUST2205,P8089,1,1,2025-09-26,['Browsed']
CUST2205,P8093,5,3,2026-04-29,"['Bought', 'Returned', 'Reviewed']"
CUST2205,P8124,8,3,2025-12-18,"['Bought', 'Exchanged', 'Reviewed']"
CUST2205,P8140,5,1,2025-05-14,['Bought']
CUST2206,P8013,3,1,2026-02-26,['Added_to_Cart']
CUST2206,P8015,1,1,2026-02-27,['Browsed']
CUST2206,P8021,1,1,2026-04-20,['Browsed']
CUST2206,P8038,3,1,2026-04-12,['Added_to_Cart']
CUST2206,P8041,4,3,2026-06-02,"['Bought', 'Exchanged', 'Returned']"
CUST2206,P8045,8,2,2026-02-11,"['Bought', 'Reviewed']"
CUST2206,P8070,3,1,2026-07-06,['Added_to_Cart']
CUST2206,P8076,-2,1,2026-08-17,['Returned']
CUST2206,P8092,3,1,2026-05-04,['Added_to_Cart']
CUST2206,P8111,1,1,2026-06-25,['Browsed']
CUST2206,P8137,3,1,2026-03-22,['Added_to_Cart']
CUST2207,P8002,3,1,2026-06-18,['Added_to_Cart']
CUST2207,P8008,6,2,2026-07-22,"['Bought', 'Browsed']"
CUST2207,P8011,5,1,2025-08-17,['Bought']
CUST2207,P8034,2,1,2026-05-29,['Wishlisted']
CUST2207,P8048,2,1,2026-06-23,['Wishlisted']
CUST2207,P8049,6,2,2026-01-30,"['Bought', 'Exchanged']"
CUST2207,P8050,1,1,2025-10-07,['Browsed']
CUST2207,P8054,5,1,2025-12-27,['Bought']
CUST2207,P8055,1,1,2026-06-03,['Browsed']
CUST2207,P8063,5,1,2026-02-18,['Bought']
CUST2207,P8071,1,1,2026-05-16,['Browsed']
CUST2207,P8106,1,1,2026-06-05,['Browsed']
CUST2207,P8110,2,1,2026-01-02,['Wishlisted']
CUST2207,P8114,1,1,2026-08-01,['Browsed']
CUST2207,P8129,8,2,2026-04-14,"['Added_to_Cart', 'Bought']"
CUST2208,P8003,1,1,2026-03-02,['Browsed']
CUST2208,P8007,7,2,2025-12-20,"['Bought', 'Wishlisted']"
CUST2208,P8008,5,1,2026-06-13,['Bought']
CUST2208,P8013,7,3,2026-02-25,"['Bought', 'Exchanged']"
CUST2208,P8059,3,2,2026-04-06,"['Bought', 'Returned']"
CUST2208,P8067,5,1,2025-11-06,['Bought']
CUST2208,P8069,3,1,2026-03-10,['Added_to_Cart']
CUST2208,P8071,5,1,2026-05-02,['Bought']
CUST2208,P8094,1,1,2026-08-18,['Browsed']
CUST2208,P8102,1,1,2026-03-02,['Browsed']
CUST2208,P8116,2,1,2026-03-10,['Wishlisted']
CUST2208,P8122,3,1,2026-03-14,['Added_to_Cart']
CUST2208,P8145,1,1,2026-02-06,['Browsed']
CUST2209,P8003,5,3,2026-01-15,"['Bought', 'Returned', 'Wishlisted']"
CUST2209,P8007,5,5,2025-11-04,"['Bought', 'Exchanged', 'Returned', 'Support_Contact']"
CUST2209,P8008,1,1,2025-10-26,['Browsed']
CUST2209,P8028,1,1,2026-06-11,['Browsed']
CUST2209,P8038,3,1,2026-04-02,['Added_to_Cart']
CUST2209,P8067,5,1,2026-04-05,['Bought']
CUST2209,P8117,5,1,2026-03-21,['Bought']
CUST2209,P8124,1,1,2025-12-02,['Browsed']
CUST2209,P8127,1,1,2026-01-27,['Browsed']
CUST2209,P8128,1,1,2026-02-27,['Browsed']
CUST2209,P8129,6,2,2026-01-19,"['Bought', 'Exchanged']"
CUST2209,P8136,2,1,2026-05-30,['Wishlisted']
CUST2210,P8044,2,1,2025-12-31,['Wishlisted']
CUST2210,P8048,2,1,2025-12-02,['Wishlisted']
CUST2210,P8049,5,1,2026-03-08,['Bought']
CUST2210,P8050,10,5,2026-08-11,"['Bought', 'Exchanged', 'Returned', 'Reviewed']"
CUST2210,P8053,3,2,2025-07-03,"['Bought', 'Returned']"
CUST2210,P8054,1,4,2026-08-23,"['Bought', 'Returned', 'Reviewed']"
CUST2210,P8059,-3,3,2026-02-17,"['Exchanged', 'Returned']"
CUST2210,P8075,10,5,2026-02-21,"['Bought', 'Reviewed', 'Support_Contact']"
CUST2210,P8077,1,1,2025-11-05,['Browsed']
CUST2210,P8080,1,1,2026-05-26,['Browsed']
CUST2210,P8095,3,1,2026-03-13,['Added_to_Cart']
CUST2210,P8096,5,1,2026-05-06,['Bought']
CUST2210,P8112,2,1,2026-05-12,['Wishlisted']
CUST2210,P8117,1,1,2026-02-11,['Browsed']
CUST2210,P8118,2,2,2025-10-21,['Browsed']
CUST2210,P8129,3,1,2026-04-13,['Added_to_Cart']
CUST2210,P8134,2,1,2025-12-09,['Wishlisted']
CUST2211,P8038,1,1,2026-07-12,['Browsed']
CUST2211,P8040,3,1,2026-08-18,['Added_to_Cart']
CUST2211,P8081,1,1,2025-12-14,['Browsed']
CUST2211,P8085,6,2,2026-03-21,"['Bought', 'Browsed']"
CUST2211,P8099,5,1,2026-06-22,['Bought']
CUST2211,P8107,6,2,2025-10-30,"['Bought', 'Exchanged']"
CUST2211,P8113,2,1,2025-12-03,['Wishlisted']
CUST2211,P8114,1,1,2026-04-24,['Browsed']
CUST2211,P8115,9,5,2026-03-26,"['Bought', 'Exchanged', 'Reviewed', 'Support_Contact']"
CUST2211,P8117,8,8,2026-08-21,"['Added_to_Cart', 'Bought', 'Returned', 'Reviewed', 'Support_Contact']"
CUST2211,P8123,3,3,2026-08-19,"['Bought', 'Returned', 'Reviewed']"
CUST2211,P8129,2,2,2026-08-01,['Browsed']
CUST2211,P8142,2,1,2026-07-08,['Wishlisted']
CUST2212,P8025,8,5,2026-03-17,"['Bought', 'Returned', 'Support_Contact']"
CUST2212,P8044,5,1,2026-07-13,['Bought']
CUST2212,P8047,2,1,2026-04-27,['Wishlisted']
CUST2212,P8052,7,3,2026-06-15,"['Bought', 'Reviewed', 'Support_Contact']"
CUST2212,P8059,5,1,2026-01-21,['Bought']
CUST2212,P8060,1,1,2025-10-24,['Browsed']
CUST2212,P8069,1,1,2025-08-30,['Browsed']
CUST2212,P8093,1,1,2026-08-05,['Browsed']
CUST2212,P8094,6,3,2026-01-06,['Reviewed']
CUST2212,P8103,5,1,2025-09-07,['Bought']
CUST2212,P8122,3,1,2026-04-07,['Added_to_Cart']
CUST2212,P8143,5,1,2026-03-13,['Bought']
CUST2212,P8145,2,2,2026-07-19,['Browsed']
CUST2213,P8037,1,1,2025-12-17,['Browsed']
CUST2213,P8038,2,1,2026-01-29,['Wishlisted']
CUST2213,P8039,1,1,2025-10-13,['Browsed']
CUST2213,P8048,10,3,2026-07-14,"['Bought', 'Exchanged', 'Reviewed']"
CUST2213,P8057,1,1,2025-11-26,['Browsed']
CUST2213,P8077,3,1,2026-05-11,['Added_to_Cart']
CUST2213,P8091,1,1,2025-11-22,['Browsed']
CUST2213,P8094,1,1,2025-09-20,['Browsed']
CUST2213,P8112,5,1,2026-07-08,['Bought']
CUST2213,P8121,8,2,2026-04-27,"['Bought', 'Reviewed']"
CUST2213,P8136,1,1,2026-06-02,['Browsed']
CUST2213,P8142,4,2,2026-08-18,"['Added_to_Cart', 'Browsed']"
CUST2214,P8037,3,1,2026-03-23,['Added_to_Cart']
CUST2214,P8038,1,1,2026-01-06,['Browsed']
CUST2214,P8043,3,2,2026-07-29,"['Browsed', 'Wishlisted']"
CUST2214,P8049,1,1,2025-11-28,['Browsed']
CUST2214,P8057,1,1,2026-02-10,['Browsed']
CUST2214,P8083,6,2,2026-06-21,"['Bought', 'Exchanged']"
CUST2214,P8084,1,1,2025-09-16,['Browsed']
CUST2214,P8088,5,1,2025-08-11,['Bought']
CUST2214,P8089,8,2,2025-11-02,"['Bought', 'Reviewed']"
CUST2214,P8096,1,1,2025-09-07,['Browsed']
CUST2214,P8136,1,1,2025-09-18,['Browsed']
CUST2214,P8138,1,1,2026-08-13,['Browsed']
CUST2214,P8143,1,1,2026-07-21,['Browsed']
CUST2215,P8028,10,2,2025-08-07,['Bought']
CUST2215,P8032,3,1,2026-03-01,['Added_to_Cart']
CUST2215,P8033,3,1,2026-03-03,['Added_to_Cart']
CUST2215,P8050,3,1,2026-04-14,['Added_to_Cart']
CUST2215,P8052,4,3,2026-06-29,"['Bought', 'Exchanged', 'Returned']"
CUST2215,P8087,7,2,2026-04-18,"['Bought', 'Reviewed']"
CUST2215,P8099,1,1,2026-01-01,['Browsed']
CUST2215,P8121,2,1,2026-05-16,['Wishlisted']
CUST2215,P8125,5,1,2025-10-03,['Bought']
CUST2215,P8140,5,1,2025-07-17,['Bought']
CUST2215,P8142,1,1,2026-08-03,['Browsed']
CUST2216,P8037,3,1,2026-08-04,['Added_to_Cart']
CUST2216,P8055,4,3,2026-07-08,"['Bought', 'Exchanged', 'Returned']"
CUST2216,P8088,3,1,2026-04-19,['Added_to_Cart']
CUST2216,P8107,1,1,2025-12-09,['Browsed']
CUST2216,P8108,3,1,2026-08-01,['Added_to_Cart']
CUST2216,P8114,1,1,2026-08-21,['Browsed']
CUST2216,P8117,1,1,2026-04-23,['Browsed']
CUST2216,P8127,1,1,2026-01-22,['Browsed']
CUST2216,P8128,5,1,2025-07-08,['Bought']
CUST2216,P8132,2,1,2026-05-19,['Wishlisted']
CUST2217,P8038,5,1,2026-02-04,['Bought']
CUST2217,P8040,1,1,2026-04-14,['Browsed']
CUST2217,P8057,5,1,2026-06-18,['Bought']
CUST2217,P8100,1,1,2026-05-20,['Browsed']
CUST2217,P8102,2,1,2026-08-04,['Wishlisted']
CUST2217,P8115,5,1,2025-07-16,['Bought']
CUST2217,P8117,1,1,2026-05-11,['Browsed']
CUST2217,P8118,8,3,2026-08-21,"['Bought', 'Exchanged', 'Reviewed']"
CUST2217,P8129,1,1,2026-01-01,['Browsed']
CUST2217,P8136,1,1,2026-06-23,['Browsed']
CUST2217,P8144,1,1,2026-04-27,['Browsed']
CUST2217,P8150,2,1,2026-05-01,['Wishlisted']
CUST2218,P8030,1,1,2026-01-19,['Browsed']
CUST2218,P8032,8,3,2026-08-14,"['Bought', 'Reviewed', 'Support_Contact']"
CUST2218,P8034,1,1,2025-12-13,['Browsed']
CUST2218,P8040,2,1,2025-11-18,['Wishlisted']
CUST2218,P8052,6,2,2025-07-30,"['Bought', 'Exchanged']"
CUST2218,P8055,4,2,2026-03-11,"['Added_to_Cart', 'Browsed']"
CUST2218,P8056,7,3,2026-03-23,"['Bought', 'Reviewed', 'Support_Contact']"
CUST2218,P8057,9,3,2026-04-13,"['Bought', 'Reviewed']"
CUST2218,P8077,1,1,2026-05-05,['Browsed']
CUST2218,P8080,1,1,2026-05-05,['Browsed']
CUST2218,P8082,1,1,2026-07-10,['Browsed']
CUST2218,P8086,1,1,2026-02-09,['Browsed']
CUST2218,P8120,0,1,2025-10-04,['Reviewed']
CUST2218,P8135,5,1,2025-05-28,['Bought']
CUST2218,P8142,3,1,2026-03-02,['Added_to_Cart']
CUST2219,P8035,5,1,2025-07-05,['Bought']
CUST2219,P8040,5,1,2026-06-21,['Bought']
CUST2219,P8053,1,1,2026-07-19,['Browsed']
CUST2219,P8055,1,1,2025-09-22,['Browsed']
CUST2219,P8077,5,1,2026-03-26,['Bought']
CUST2219,P8084,10,2,2026-07-07,['Bought']
CUST2219,P8110,1,1,2026-07-05,['Browsed']
CUST2219,P8116,5,1,2026-03-22,['Bought']
CUST2219,P8129,1,1,2026-01-03,['Browsed']
CUST2219,P8133,14,4,2026-07-26,"['Bought', 'Reviewed']"
CUST2220,P8006,5,1,2025-11-18,['Bought']
CUST2220,P8009,2,1,2026-05-28,['Wishlisted']
CUST2220,P8021,1,1,2026-01-25,['Browsed']
CUST2220,P8025,5,1,2026-03-29,['Bought']
CUST2220,P8029,1,1,2026-07-02,['Browsed']
CUST2220,P8031,5,1,2025-09-28,['Bought']
CUST2220,P8038,3,1,2026-02-16,['Added_to_Cart']
CUST2220,P8040,1,1,2026-08-01,['Browsed']
CUST2220,P8054,5,1,2025-05-01,['Bought']
CUST2220,P8057,1,1,2025-11-20,['Browsed']
CUST2220,P8065,7,3,2026-07-26,"['Bought', 'Returned', 'Reviewed']"
CUST2220,P8070,1,1,2025-10-03,['Browsed']
CUST2220,P8071,5,1,2026-01-21,['Bought']
CUST2220,P8096,2,2,2026-08-18,['Browsed']
CUST2220,P8102,2,1,2026-06-11,['Wishlisted']
CUST2220,P8104,1,1,2026-01-31,['Browsed']
CUST2220,P8115,3,3,2025-11-07,"['Bought', 'Returned', 'Reviewed']"
CUST2220,P8140,5,1,2025-05-25,['Bought']
CUST2220,P8143,5,1,2026-03-17,['Bought']
CUST2220,P8152,1,1,2025-12-03,['Browsed']
CUST2221,P8027,1,1,2026-06-10,['Browsed']
CUST2221,P8051,3,1,2026-02-28,['Added_to_Cart']
CUST2221,P8057,5,2,2025-11-08,"['Bought', 'Support_Contact']"
CUST2221,P8070,5,1,2025-12-24,['Bought']
CUST2221,P8111,4,2,2026-06-25,"['Added_to_Cart', 'Browsed']"
CUST2221,P8119,1,1,2025-12-07,['Browsed']
CUST2221,P8126,4,3,2026-01-22,"['Bought', 'Returned', 'Reviewed']"
CUST2221,P8151,3,1,2026-03-26,['Added_to_Cart']
CUST2222,P8028,1,1,2025-09-09,['Browsed']
CUST2222,P8029,3,1,2026-07-16,['Added_to_Cart']
CUST2222,P8039,3,1,2026-04-20,['Added_to_Cart']
CUST2222,P8042,5,1,2025-11-28,['Bought']
CUST2222,P8046,5,2,2026-03-12,"['Added_to_Cart', 'Wishlisted']"
CUST2222,P8085,5,1,2025-06-16,['Bought']
CUST2222,P8088,1,1,2026-06-23,['Browsed']
CUST2222,P8090,2,1,2025-12-18,['Wishlisted']
CUST2222,P8094,6,2,2025-07-09,"['Bought', 'Exchanged']"
CUST2223,P8005,3,1,2026-03-28,['Added_to_Cart']
CUST2223,P8008,1,1,2026-05-17,['Browsed']
CUST2223,P8012,3,2,2026-01-15,"['Bought', 'Returned']"
CUST2223,P8024,5,1,2026-06-29,['Bought']
CUST2223,P8037,1,1,2026-03-18,['Browsed']
CUST2223,P8041,2,1,2025-10-29,['Wishlisted']
CUST2223,P8043,1,1,2026-03-06,['Browsed']
CUST2223,P8046,5,1,2025-11-02,['Bought']
CUST2223,P8053,2,1,2026-06-28,['Wishlisted']
CUST2223,P8067,2,1,2025-10-31,['Wishlisted']
CUST2223,P8096,3,1,2026-04-09,['Added_to_Cart']
CUST2223,P8106,1,1,2026-08-07,['Browsed']
CUST2223,P8114,1,1,2026-01-05,['Browsed']
CUST2223,P8118,1,1,2026-08-19,['Browsed']
CUST2223,P8120,7,2,2026-01-14,"['Bought', 'Wishlisted']"
CUST2223,P8123,7,3,2026-05-21,"['Bought', 'Exchanged']"
CUST2223,P8136,5,1,2026-07-04,['Bought']
CUST2224,P8019,5,1,2025-08-01,['Bought']
CUST2224,P8053,2,1,2026-06-09,['Wishlisted']
CUST2224,P8094,5,1,2025-08-27,['Bought']
CUST2224,P8114,1,1,2026-04-11,['Browsed']
CUST2224,P8117,1,1,2026-06-30,['Browsed']
CUST2224,P8127,3,1,2026-02-07,['Added_to_Cart']
CUST2224,P8147,3,2,2026-03-04,"['Browsed', 'Wishlisted']"
CUST2225,P8023,2,1,2026-08-11,['Wishlisted']
CUST2225,P8029,3,1,2026-08-20,['Added_to_Cart']
CUST2225,P8074,1,1,2025-12-29,['Browsed']
CUST2225,P8100,1,1,2025-12-20,['Browsed']
CUST2225,P8113,1,1,2025-11-10,['Browsed']
CUST2225,P8123,5,1,2026-07-12,['Bought']
CUST2225,P8136,6,2,2026-08-17,"['Bought', 'Exchanged']"
CUST2226,P8015,3,1,2026-02-09,['Added_to_Cart']
CUST2226,P8019,1,1,2026-04-02,['Browsed']
CUST2226,P8022,2,1,2026-03-18,['Wishlisted']
CUST2226,P8027,5,1,2025-10-25,['Bought']
CUST2226,P8054,1,1,2026-01-07,['Browsed']
CUST2226,P8058,5,1,2025-09-09,['Bought']
CUST2226,P8070,1,1,2025-08-27,['Browsed']
CUST2226,P8071,1,1,2026-05-11,['Browsed']
CUST2226,P8096,1,1,2025-10-13,['Browsed']
CUST2226,P8115,5,2,2025-05-25,"['Bought', 'Support_Contact']"
CUST2226,P8117,1,1,2026-01-27,['Browsed']
CUST2226,P8124,1,1,2026-07-01,['Browsed']
CUST2226,P8130,1,1,2025-11-05,['Browsed']
CUST2226,P8131,5,1,2025-07-25,['Bought']
CUST2226,P8137,6,2,2025-12-30,"['Bought', 'Exchanged']"
CUST2227,P8011,9,3,2026-01-14,"['Bought', 'Reviewed']"
CUST2227,P8037,3,1,2026-05-22,['Added_to_Cart']
CUST2227,P8040,6,2,2026-06-26,"['Bought', 'Exchanged']"
CUST2227,P8041,5,1,2026-02-25,['Bought']
CUST2227,P8056,3,1,2026-02-05,['Added_to_Cart']
CUST2227,P8073,5,1,2025-08-07,['Bought']
CUST2227,P8092,10,3,2026-08-15,"['Bought', 'Exchanged', 'Reviewed']"
CUST2227,P8095,3,1,2026-02-26,['Added_to_Cart']
CUST2227,P8106,5,1,2026-07-12,['Bought']
CUST2227,P8110,1,1,2026-08-15,['Browsed']
CUST2227,P8115,3,1,2026-08-17,['Reviewed']
CUST2227,P8124,2,1,2025-11-12,['Wishlisted']
CUST2227,P8125,4,2,2026-08-15,"['Added_to_Cart', 'Browsed']"
CUST2227,P8137,1,1,2025-09-08,['Browsed']
CUST2228,P8025,5,1,2025-10-24,['Bought']
CUST2228,P8027,7,2,2026-08-19,"['Bought', 'Reviewed']"
CUST2228,P8052,1,1,2025-10-26,['Browsed']
CUST2228,P8059,7,3,2025-12-17,"['Bought', 'Exchanged', 'Reviewed']"
CUST2228,P8066,8,3,2025-12-05,"['Bought', 'Reviewed', 'Support_Contact']"
CUST2228,P8092,5,1,2026-02-02,['Bought']
CUST2228,P8098,1,1,2026-04-30,['Browsed']
CUST2228,P8099,4,3,2026-07-04,"['Bought', 'Exchanged', 'Returned']"
CUST2228,P8100,3,1,2026-06-16,['Added_to_Cart']
CUST2228,P8107,5,1,2026-03-19,['Bought']
CUST2228,P8111,3,1,2026-04-05,['Added_to_Cart']
CUST2228,P8118,3,1,2026-04-23,['Added_to_Cart']
CUST2228,P8134,1,1,2025-12-29,['Browsed']
CUST2228,P8149,5,6,2026-08-23,"['Bought', 'Returned', 'Reviewed', 'Support_Contact']"
CUST2229,P8002,1,1,2025-12-19,['Browsed']
CUST2229,P8003,3,2,2025-07-02,"['Bought', 'Returned']"
CUST2229,P8011,2,1,2026-07-18,['Wishlisted']
CUST2229,P8018,1,1,2025-09-23,['Browsed']
CUST2229,P8030,7,3,2026-04-20,"['Bought', 'Returned', 'Reviewed']"
CUST2229,P8031,1,1,2026-01-06,['Browsed']
CUST2229,P8047,2,1,2026-07-27,['Wishlisted']
CUST2229,P8056,1,1,2025-10-22,['Browsed']
CUST2229,P8104,2,1,2026-03-03,['Wishlisted']
CUST2229,P8107,3,1,2026-05-08,['Added_to_Cart']
CUST2230,P8028,1,1,2026-06-11,['Browsed']
CUST2230,P8044,4,4,2025-10-02,"['Bought', 'Exchanged', 'Returned', 'Support_Contact']"
CUST2230,P8046,7,3,2026-02-23,"['Bought', 'Returned', 'Reviewed']"
CUST2230,P8049,5,1,2025-06-22,['Bought']
CUST2230,P8055,0,1,2025-11-11,['Support_Contact']
CUST2230,P8057,2,1,2026-07-17,['Wishlisted']
CUST2230,P8080,1,1,2026-05-13,['Browsed']
CUST2230,P8085,7,3,2026-08-16,"['Bought', 'Reviewed', 'Support_Contact']"
CUST2230,P8089,3,1,2026-04-20,['Added_to_Cart']
CUST2230,P8091,1,1,2026-03-28,['Browsed']
CUST2230,P8115,5,1,2025-11-05,['Bought']
CUST2230,P8128,3,1,2026-02-23,['Added_to_Cart']
CUST2230,P8133,2,1,2026-02-25,['Wishlisted']
CUST2230,P8138,2,1,2025-12-12,['Wishlisted']
CUST2230,P8143,-2,1,2026-07-12,['Returned']
CUST2231,P8007,5,2,2026-04-26,"['Added_to_Cart', 'Wishlisted']"
CUST2231,P8016,2,1,2026-07-01,['Wishlisted']
CUST2231,P8034,2,1,2026-04-05,['Wishlisted']
CUST2231,P8037,2,1,2026-06-14,['Wishlisted']
CUST2231,P8049,5,3,2026-08-15,"['Bought', 'Reviewed', 'Support_Contact']"
CUST2231,P8053,5,1,2025-10-25,['Bought']
CUST2231,P8058,1,1,2025-10-10,['Browsed']
CUST2231,P8095,1,1,2026-06-06,['Browsed']
CUST2231,P8096,5,1,2026-05-05,['Bought']
CUST2231,P8132,8,3,2026-05-02,"['Bought', 'Returned']"
CUST2232,P8031,1,1,2026-06-21,['Browsed']
CUST2232,P8035,2,1,2025-11-15,['Wishlisted']
CUST2232,P8036,2,1,2026-06-30,['Wishlisted']
CUST2232,P8043,3,1,2026-08-21,['Added_to_Cart']
CUST2232,P8057,1,1,2026-04-14,['Browsed']
CUST2232,P8080,1,1,2026-01-13,['Browsed']
CUST2232,P8094,1,1,2026-01-15,['Browsed']
CUST2232,P8111,5,1,2026-03-24,['Bought']
CUST2232,P8128,3,1,2026-04-19,['Added_to_Cart']
CUST2232,P8129,14,6,2026-01-18,"['Bought', 'Browsed', 'Reviewed', 'Support_Contact']"
CUST2232,P8132,3,3,2025-05-22,"['Bought', 'Returned', 'Support_Contact']"
CUST2233,P8002,5,1,2025-08-16,['Bought']
CUST2233,P8009,1,2,2025-10-21,"['Returned', 'Reviewed']"
CUST2233,P8013,1,1,2026-02-24,['Exchanged']
CUST2233,P8017,1,1,2026-01-04,['Browsed']
CUST2233,P8020,1,1,2026-06-16,['Browsed']
CUST2233,P8024,1,1,2026-06-28,['Browsed']
CUST2233,P8044,3,1,2026-05-13,['Added_to_Cart']
CUST2233,P8045,5,1,2025-11-07,['Bought']
CUST2233,P8067,1,1,2025-12-30,['Browsed']
CUST2233,P8103,6,2,2026-05-01,"['Bought', 'Reviewed']"
CUST2233,P8109,1,1,2025-10-12,['Browsed']
CUST2234,P8038,5,1,2025-11-11,['Bought']
CUST2234,P8045,3,1,2026-06-15,['Added_to_Cart']
CUST2234,P8081,2,1,2025-11-10,['Wishlisted']
CUST2234,P8085,1,1,2025-11-05,['Browsed']
CUST2234,P8089,2,1,2026-06-07,['Wishlisted']
CUST2234,P8111,3,1,2026-03-13,['Added_to_Cart']
CUST2234,P8141,3,1,2026-02-09,['Added_to_Cart']
CUST2235,P8001,3,2,2026-05-26,"['Exchanged', 'Reviewed']"
CUST2235,P8019,2,1,2026-03-16,['Wishlisted']
CUST2235,P8023,1,1,2025-10-28,['Browsed']
CUST2235,P8027,5,1,2025-06-23,['Bought']
CUST2235,P8028,1,1,2025-09-07,['Browsed']
CUST2235,P8037,8,3,2026-08-18,"['Added_to_Cart', 'Bought', 'Reviewed']"
CUST2235,P8049,5,1,2026-03-28,['Bought']
CUST2235,P8050,3,1,2026-05-01,['Added_to_Cart']
CUST2235,P8052,-2,1,2025-08-09,['Returned']
CUST2235,P8056,3,1,2026-02-18,['Added_to_Cart']
CUST2235,P8103,2,1,2026-03-17,['Wishlisted']
CUST2235,P8108,3,2,2025-10-20,"['Bought', 'Returned']"
CUST2235,P8113,1,1,2026-05-11,['Browsed']
CUST2235,P8116,1,1,2026-01-17,['Browsed']
CUST2235,P8124,7,5,2026-03-18,"['Bought', 'Exchanged', 'Returned', 'Reviewed']"
CUST2235,P8125,1,1,2026-05-29,['Browsed']
CUST2235,P8133,1,1,2026-01-30,['Browsed']
CUST2236,P8044,7,2,2026-02-17,"['Bought', 'Reviewed']"
CUST2236,P8047,3,1,2026-08-13,['Added_to_Cart']
CUST2236,P8054,5,1,2026-07-08,['Bought']
CUST2236,P8064,1,1,2025-11-06,['Browsed']
CUST2236,P8091,1,1,2026-05-25,['Browsed']
CUST2236,P8095,3,1,2026-07-06,['Added_to_Cart']
CUST2236,P8118,8,3,2026-01-03,"['Bought', 'Reviewed', 'Support_Contact']"
CUST2236,P8146,2,1,2026-03-08,['Wishlisted']
CUST2237,P8007,3,1,2026-05-05,['Added_to_Cart']
CUST2237,P8009,3,2,2026-06-14,"['Bought', 'Returned']"
CUST2237,P8019,9,3,2026-07-01,"['Bought', 'Reviewed', 'Support_Contact']"
CUST2237,P8028,2,1,2026-07-30,['Wishlisted']
CUST2237,P8033,10,7,2026-08-23,"['Bought', 'Exchanged', 'Returned', 'Reviewed']"
CUST2237,P8056,3,2,2025-11-29,"['Bought', 'Returned']"
CUST2237,P8067,3,1,2026-05-06,['Added_to_Cart']
CUST2237,P8072,10,3,2026-08-17,"['Bought', 'Reviewed']"
CUST2237,P8091,1,1,2025-11-10,['Browsed']
CUST2237,P8097,9,3,2026-04-19,"['Bought', 'Reviewed']"
CUST2237,P8101,5,1,2026-07-12,['Bought']
CUST2237,P8111,2,1,2026-06-20,['Wishlisted']
CUST2237,P8122,5,1,2025-12-23,['Bought']
CUST2237,P8134,1,1,2026-04-15,['Browsed']
CUST2237,P8135,1,1,2026-04-20,['Browsed']
CUST2237,P8139,8,3,2026-06-16,"['Bought', 'Exchanged', 'Reviewed']"
CUST2237,P8149,3,1,2026-06-19,['Added_to_Cart']
CUST2238,P8029,2,1,2025-11-18,['Wishlisted']
CUST2238,P8033,3,1,2026-04-17,['Added_to_Cart']
CUST2238,P8038,3,1,2026-08-11,['Added_to_Cart']
CUST2238,P8048,5,1,2026-03-11,['Bought']
CUST2238,P8075,5,1,2026-03-26,['Bought']
CUST2238,P8096,1,1,2026-07-31,['Browsed']
CUST2238,P8108,5,1,2025-09-12,['Bought']
CUST2238,P8115,2,1,2026-05-26,['Wishlisted']
CUST2238,P8116,1,1,2026-07-18,['Browsed']
CUST2238,P8118,1,1,2026-06-14,['Browsed']
CUST2238,P8126,4,2,2026-08-15,"['Added_to_Cart', 'Browsed']"
CUST2238,P8137,3,1,2026-04-24,['Added_to_Cart']
CUST2238,P8140,5,4,2026-07-23,"['Bought', 'Returned', 'Reviewed']"
CUST2239,P8020,1,1,2026-07-16,['Browsed']
CUST2239,P8027,1,1,2025-11-07,['Browsed']
CUST2239,P8039,2,1,2026-08-09,['Wishlisted']
CUST2239,P8041,1,1,2025-10-25,['Browsed']
CUST2239,P8052,2,1,2025-11-12,['Wishlisted']
CUST2239,P8060,12,4,2026-05-12,"['Bought', 'Reviewed', 'Support_Contact']"
CUST2239,P8063,3,1,2026-04-17,['Added_to_Cart']
CUST2239,P8069,3,1,2026-03-16,['Added_to_Cart']
CUST2239,P8101,1,2,2026-08-19,"['Browsed', 'Reviewed']"
CUST2239,P8116,2,1,2026-05-09,['Wishlisted']
CUST2239,P8130,1,1,2026-07-20,['Browsed']
CUST2239,P8144,1,1,2026-03-24,['Browsed']
CUST2239,P8150,3,1,2026-07-27,['Added_to_Cart']
CUST2239,P8151,2,1,2026-04-18,['Wishlisted']
CUST2240,P8040,5,1,2026-07-20,['Bought']
CUST2240,P8047,1,1,2026-08-24,['Browsed']
CUST2240,P8051,3,1,2026-05-12,['Added_to_Cart']
CUST2240,P8057,2,2,2026-08-12,['Browsed']
CUST2240,P8077,5,1,2025-12-15,['Bought']
CUST2240,P8081,6,2,2026-04-06,"['Bought', 'Browsed']"
CUST2240,P8087,1,1,2025-09-27,['Browsed']
CUST2240,P8097,1,1,2026-03-16,['Browsed']
CUST2240,P8115,8,2,2026-05-08,"['Added_to_Cart', 'Bought']"
CUST2240,P8116,1,1,2025-10-07,['Browsed']
CUST2240,P8121,2,1,2026-05-02,['Wishlisted']
CUST2240,P8123,1,1,2026-07-26,['Browsed']
CUST2240,P8131,3,1,2026-06-03,['Added_to_Cart']
CUST2240,P8137,1,1,2025-10-26,['Browsed']
CUST2240,P8139,2,1,2026-04-17,['Wishlisted']
CUST2240,P8142,1,1,2026-04-01,['Browsed']
CUST2240,P8143,2,1,2026-02-17,['Wishlisted']
CUST2241,P8009,1,1,2026-03-02,['Browsed']
CUST2241,P8039,2,1,2025-12-16,['Wishlisted']
CUST2241,P8058,5,1,2026-02-23,['Bought']
CUST2241,P8069,5,1,2025-10-26,['Bought']
CUST2241,P8101,19,6,2026-08-20,"['Bought', 'Exchanged', 'Reviewed']"
CUST2241,P8102,3,1,2026-04-09,['Added_to_Cart']
CUST2242,P8004,3,1,2026-02-20,['Added_to_Cart']
CUST2242,P8008,1,1,2025-10-20,['Browsed']
CUST2242,P8020,3,1,2026-04-01,['Added_to_Cart']
CUST2242,P8031,5,1,2025-07-06,['Bought']
CUST2242,P8046,1,1,2025-10-16,['Browsed']
CUST2242,P8055,1,1,2026-08-09,['Browsed']
CUST2242,P8059,7,2,2026-08-14,"['Bought', 'Reviewed']"
CUST2242,P8061,1,1,2026-03-19,['Browsed']
CUST2242,P8092,1,1,2025-12-28,['Browsed']
CUST2242,P8096,1,1,2026-03-10,['Browsed']
CUST2242,P8104,1,1,2026-01-12,['Browsed']
CUST2242,P8127,3,1,2026-08-10,['Added_to_Cart']
CUST2242,P8145,1,1,2026-04-03,['Browsed']
CUST2242,P8149,1,1,2026-07-19,['Browsed']
CUST2242,P8150,2,1,2026-05-21,['Wishlisted']
CUST2243,P8006,10,2,2025-12-02,['Bought']
CUST2243,P8010,4,3,2025-12-11,"['Bought', 'Exchanged', 'Returned']"
CUST2243,P8022,3,1,2026-07-21,['Added_to_Cart']
CUST2243,P8027,3,1,2026-05-08,['Added_to_Cart']
CUST2243,P8042,9,2,2026-01-16,"['Bought', 'Reviewed']"
CUST2243,P8056,2,1,2026-03-10,['Wishlisted']
CUST2243,P8064,1,1,2026-02-21,['Browsed']
CUST2243,P8073,5,1,2026-01-15,['Bought']
CUST2243,P8074,5,6,2025-11-16,"['Bought', 'Exchanged', 'Returned', 'Support_Contact']"
CUST2243,P8101,2,1,2026-02-26,['Wishlisted']
CUST2243,P8104,2,1,2026-06-29,['Wishlisted']
CUST2243,P8119,2,1,2025-11-20,['Wishlisted']
CUST2243,P8132,1,1,2026-01-27,['Browsed']
CUST2243,P8147,3,1,2026-08-08,['Added_to_Cart']
CUST2244,P8043,1,1,2026-04-12,['Browsed']
CUST2244,P8051,3,1,2026-04-23,['Added_to_Cart']
CUST2244,P8054,2,1,2026-04-02,['Wishlisted']
CUST2244,P8058,1,1,2026-08-10,['Browsed']
CUST2244,P8063,3,3,2026-01-10,"['Bought', 'Returned', 'Reviewed']"
CUST2244,P8093,1,1,2026-03-06,['Browsed']
CUST2244,P8116,1,1,2026-02-18,['Browsed']
CUST2244,P8119,1,1,2026-01-28,['Browsed']
CUST2244,P8133,1,4,2025-09-23,"['Bought', 'Returned', 'Support_Contact']"
CUST2244,P8135,2,1,2025-11-29,['Wishlisted']
CUST2244,P8142,6,2,2026-04-22,['Added_to_Cart']
CUST2244,P8143,1,1,2026-08-22,['Browsed']
CUST2244,P8146,3,1,2026-02-27,['Added_to_Cart']
CUST2244,P8152,1,1,2026-06-20,['Browsed']
CUST2245,P8037,1,1,2025-10-15,['Browsed']
CUST2245,P8048,2,1,2026-03-02,['Wishlisted']
CUST2245,P8051,5,1,2026-02-07,['Bought']
CUST2245,P8055,2,1,2026-05-02,['Wishlisted']
CUST2245,P8082,2,1,2026-05-06,['Wishlisted']
CUST2245,P8085,3,1,2026-04-09,['Added_to_Cart']
CUST2245,P8089,8,2,2025-12-09,"['Bought', 'Reviewed']"
CUST2245,P8090,3,1,2026-05-23,['Added_to_Cart']
CUST2245,P8094,1,1,2026-02-06,['Browsed']
CUST2245,P8113,3,1,2026-05-23,['Added_to_Cart']
CUST2245,P8117,1,3,2025-10-16,"['Bought', 'Returned']"
CUST2245,P8123,2,1,2026-05-17,['Wishlisted']
CUST2245,P8135,3,1,2026-02-20,['Added_to_Cart']
CUST2246,P8082,1,1,2025-12-16,['Browsed']
CUST2246,P8085,1,1,2025-11-18,['Browsed']
CUST2246,P8091,1,1,2026-01-02,['Browsed']
CUST2246,P8107,3,1,2026-07-01,['Added_to_Cart']
CUST2246,P8117,1,1,2026-08-21,['Browsed']
CUST2246,P8118,5,1,2025-11-12,['Bought']
CUST2246,P8121,3,1,2026-03-18,['Added_to_Cart']
CUST2246,P8125,1,1,2026-06-18,['Browsed']
CUST2246,P8127,3,1,2026-02-13,['Added_to_Cart']
CUST2246,P8134,1,1,2026-04-12,['Browsed']
CUST2247,P8026,1,1,2025-12-31,['Browsed']
CUST2247,P8031,2,1,2026-05-08,['Wishlisted']
CUST2247,P8032,2,1,2026-01-16,['Wishlisted']
CUST2247,P8040,2,1,2025-12-15,['Wishlisted']
CUST2247,P8053,1,1,2025-12-20,['Browsed']
CUST2247,P8112,2,1,2026-03-16,['Wishlisted']
CUST2248,P8024,5,1,2026-07-25,['Bought']
CUST2248,P8039,1,1,2026-04-01,['Browsed']
CUST2248,P8050,1,1,2026-07-18,['Browsed']
CUST2248,P8052,3,1,2026-06-01,['Added_to_Cart']
CUST2248,P8059,1,1,2026-02-23,['Exchanged']
CUST2248,P8062,1,1,2025-12-29,['Browsed']
CUST2248,P8074,2,1,2026-07-05,['Wishlisted']
CUST2248,P8094,3,1,2026-07-19,['Added_to_Cart']
CUST2248,P8102,5,1,2025-06-21,['Bought']
CUST2248,P8119,3,1,2026-08-21,['Added_to_Cart']
CUST2248,P8121,3,1,2026-07-25,['Added_to_Cart']
CUST2248,P8124,3,1,2026-04-20,['Added_to_Cart']
CUST2248,P8134,5,1,2026-01-10,['Bought']
CUST2248,P8148,1,1,2026-04-20,['Browsed']
CUST2249,P8001,5,1,2025-11-25,['Bought']
CUST2249,P8005,7,2,2026-08-16,"['Bought', 'Reviewed']"
CUST2249,P8014,9,2,2025-11-10,"['Bought', 'Reviewed']"
CUST2249,P8031,1,1,2026-02-16,['Browsed']
CUST2249,P8049,1,1,2026-04-10,['Browsed']
CUST2249,P8065,3,1,2026-02-21,['Added_to_Cart']
CUST2249,P8113,5,2,2026-03-09,['Reviewed']
CUST2249,P8116,3,1,2026-06-20,['Added_to_Cart']
CUST2249,P8123,1,1,2026-03-04,['Browsed']
CUST2249,P8125,2,1,2025-12-01,['Wishlisted']
CUST2249,P8151,1,1,2026-05-29,['Browsed']
CUST2250,P8001,7,4,2026-05-27,"['Exchanged', 'Reviewed', 'Support_Contact']"
CUST2250,P8029,1,1,2026-02-17,['Browsed']
CUST2250,P8042,6,2,2026-07-13,"['Bought', 'Exchanged']"
CUST2250,P8050,1,1,2026-03-22,['Browsed']
CUST2250,P8075,1,1,2026-08-21,['Browsed']
CUST2250,P8078,1,1,2025-10-25,['Browsed']
CUST2250,P8086,3,1,2026-02-05,['Added_to_Cart']
CUST2250,P8087,1,1,2026-03-20,['Browsed']
CUST2250,P8091,5,1,2026-01-10,['Bought']
CUST2250,P8113,1,1,2026-02-09,['Browsed']
CUST2250,P8126,3,2,2026-03-31,"['Browsed', 'Wishlisted']"
CUST2250,P8127,5,2,2026-08-17,"['Bought', 'Reviewed']"
CUST2250,P8137,1,1,2026-01-13,['Browsed']
CUST2251,P8004,1,1,2026-03-02,['Browsed']
CUST2251,P8027,1,1,2026-03-14,['Browsed']
CUST2251,P8041,1,1,2025-12-15,['Browsed']
CUST2251,P8050,1,1,2026-02-04,['Browsed']
CUST2251,P8056,5,1,2025-11-12,['Bought']
CUST2251,P8062,7,3,2026-03-12,"['Bought', 'Support_Contact', 'Wishlisted']"
CUST2251,P8098,1,1,2025-10-12,['Browsed']
CUST2251,P8105,1,1,2025-10-19,['Browsed']
CUST2251,P8108,1,1,2026-08-19,['Browsed']
CUST2251,P8134,10,2,2026-03-10,['Bought']
CUST2252,P8045,4,2,2026-06-21,['Wishlisted']
CUST2252,P8047,1,1,2026-02-19,['Browsed']
CUST2252,P8057,1,1,2025-09-04,['Browsed']
CUST2252,P8086,3,1,2026-03-21,['Added_to_Cart']
CUST2252,P8087,3,1,2026-02-10,['Added_to_Cart']
CUST2252,P8089,2,1,2026-04-21,['Wishlisted']
CUST2252,P8091,12,3,2026-07-17,"['Bought', 'Reviewed']"
CUST2252,P8092,1,1,2026-07-28,['Browsed']
CUST2252,P8095,1,1,2026-02-26,['Browsed']
CUST2252,P8098,4,2,2026-05-14,"['Reviewed', 'Support_Contact']"
CUST2252,P8108,1,1,2025-11-25,['Browsed']
CUST2252,P8121,3,1,2026-05-26,['Added_to_Cart']
CUST2252,P8123,5,1,2025-05-22,['Bought']
CUST2252,P8127,14,4,2026-02-19,"['Bought', 'Reviewed']"
CUST2252,P8133,3,1,2026-08-18,['Added_to_Cart']
CUST2252,P8139,3,1,2026-04-29,['Added_to_Cart']
CUST2252,P8140,1,1,2026-02-14,['Browsed']
CUST2253,P8015,5,1,2025-08-01,['Bought']
CUST2253,P8019,2,1,2026-01-12,['Wishlisted']
CUST2253,P8024,2,2,2026-02-08,['Browsed']
CUST2253,P8030,1,1,2026-07-29,['Browsed']
CUST2253,P8048,6,3,2026-08-15,"['Bought', 'Reviewed', 'Support_Contact']"
CUST2253,P8060,2,1,2026-04-26,['Wishlisted']
CUST2253,P8074,1,1,2026-03-17,['Browsed']
CUST2253,P8114,1,1,2026-04-21,['Browsed']
CUST2253,P8120,1,1,2025-09-06,['Browsed']
CUST2253,P8138,3,1,2026-08-09,['Added_to_Cart']
CUST2253,P8152,3,1,2026-02-25,['Added_to_Cart']
CUST2254,P8032,2,1,2026-08-22,['Wishlisted']
CUST2254,P8039,5,1,2025-09-13,['Bought']
CUST2254,P8042,5,2,2025-05-15,"['Bought', 'Support_Contact']"
CUST2254,P8055,3,1,2026-04-28,['Added_to_Cart']
CUST2254,P8057,2,2,2026-02-07,['Browsed']
CUST2254,P8058,1,1,2026-06-20,['Browsed']
CUST2254,P8086,1,1,2026-05-03,['Browsed']
CUST2254,P8091,5,1,2026-04-08,['Bought']
CUST2254,P8130,1,1,2026-07-15,['Browsed']
CUST2254,P8131,1,1,2026-03-10,['Browsed']
CUST2255,P8012,3,1,2026-04-22,['Added_to_Cart']
CUST2255,P8015,1,1,2026-03-08,['Browsed']
CUST2255,P8019,2,1,2026-07-05,['Wishlisted']
CUST2255,P8021,2,1,2025-12-13,['Wishlisted']
CUST2255,P8023,6,2,2026-07-10,"['Bought', 'Exchanged']"
CUST2255,P8024,1,1,2026-06-23,['Browsed']
CUST2255,P8040,5,1,2026-06-14,['Bought']
CUST2255,P8041,3,1,2026-08-16,['Reviewed']
CUST2255,P8063,3,1,2026-03-09,['Added_to_Cart']
CUST2255,P8094,3,1,2026-08-24,['Added_to_Cart']
CUST2255,P8124,6,2,2026-05-30,"['Bought', 'Browsed']"
CUST2255,P8129,2,2,2026-05-28,['Browsed']
CUST2255,P8133,3,1,2026-07-06,['Added_to_Cart']
CUST2255,P8138,5,1,2026-01-24,['Bought']
CUST2255,P8143,2,1,2026-01-18,['Wishlisted']
CUST2256,P8041,1,1,2025-11-06,['Browsed']
CUST2256,P8050,1,1,2026-08-01,['Browsed']
CUST2256,P8053,2,1,2026-05-06,['Wishlisted']
CUST2256,P8055,1,1,2026-04-11,['Browsed']
CUST2256,P8089,3,1,2026-03-07,['Added_to_Cart']
CUST2256,P8093,9,3,2026-01-13,"['Bought', 'Exchanged', 'Reviewed']"
CUST2256,P8116,1,1,2025-08-31,['Browsed']
CUST2256,P8133,6,2,2025-08-04,"['Bought', 'Exchanged']"
CUST2256,P8144,1,1,2026-03-09,['Browsed']
CUST2257,P8033,1,1,2026-05-26,['Browsed']
CUST2257,P8045,3,1,2026-07-14,['Added_to_Cart']
CUST2257,P8053,5,1,2025-04-23,['Bought']
CUST2257,P8083,1,1,2026-06-16,['Browsed']
CUST2257,P8091,1,1,2025-10-05,['Browsed']
CUST2257,P8136,1,1,2026-05-01,['Browsed']
CUST2258,P8032,2,1,2026-02-03,['Wishlisted']
CUST2258,P8035,5,1,2025-10-10,['Bought']
CUST2258,P8049,3,1,2026-04-14,['Added_to_Cart']
CUST2258,P8050,1,1,2026-03-22,['Browsed']
CUST2258,P8056,1,1,2025-08-27,['Browsed']
CUST2258,P8081,6,2,2026-04-28,"['Bought', 'Browsed']"
CUST2258,P8113,1,1,2026-08-09,['Browsed']
CUST2258,P8121,3,1,2026-07-26,['Added_to_Cart']
CUST2258,P8122,1,1,2026-05-14,['Browsed']
CUST2258,P8130,5,1,2025-08-24,['Bought']
CUST2258,P8140,5,1,2025-09-17,['Bought']
CUST2259,P8028,1,1,2025-10-20,['Browsed']
CUST2259,P8032,3,1,2026-07-31,['Added_to_Cart']
CUST2259,P8046,5,1,2025-05-01,['Bought']
CUST2259,P8055,1,1,2026-03-04,['Browsed']
CUST2259,P8056,2,1,2026-05-14,['Wishlisted']
CUST2259,P8059,1,1,2025-10-09,['Browsed']
CUST2259,P8080,2,1,2026-08-21,['Wishlisted']
CUST2259,P8085,5,1,2025-06-29,['Bought']
CUST2259,P8086,5,1,2025-06-09,['Bought']
CUST2259,P8090,3,2,2026-05-09,"['Browsed', 'Wishlisted']"
CUST2259,P8099,2,1,2026-03-20,['Wishlisted']
CUST2259,P8112,1,1,2026-06-17,['Browsed']
CUST2260,P8036,1,1,2026-04-13,['Browsed']
CUST2260,P8037,3,1,2026-06-05,['Added_to_Cart']
CUST2260,P8042,2,1,2026-04-14,['Wishlisted']
CUST2260,P8044,5,1,2026-02-20,['Bought']
CUST2260,P8046,3,1,2026-03-21,['Added_to_Cart']
CUST2260,P8050,1,1,2026-03-07,['Browsed']
CUST2260,P8053,1,1,2026-05-16,['Browsed']
CUST2260,P8058,3,1,2026-06-13,['Added_to_Cart']
CUST2260,P8059,1,1,2026-05-24,['Browsed']
CUST2260,P8083,2,1,2026-02-27,['Wishlisted']
CUST2260,P8087,7,2,2025-12-05,"['Bought', 'Reviewed']"
CUST2260,P8097,1,1,2026-03-28,['Browsed']
CUST2260,P8120,3,1,2026-07-03,['Added_to_Cart']
CUST2260,P8122,1,1,2026-03-08,['Browsed']
CUST2260,P8123,3,1,2026-05-25,['Added_to_Cart']
CUST2260,P8124,1,1,2026-03-06,['Browsed']
CUST2260,P8129,8,5,2026-08-02,"['Bought', 'Browsed', 'Exchanged', 'Reviewed', 'Support_Contact']"
CUST2260,P8138,1,1,2026-05-28,['Browsed']
CUST2260,P8143,5,1,2025-12-09,['Bought']
CUST2261,P8039,1,1,2025-12-01,['Browsed']
CUST2261,P8050,5,1,2025-04-28,['Bought']
CUST2261,P8054,1,1,2026-05-18,['Browsed']
CUST2261,P8075,1,1,2025-09-18,['Browsed']
CUST2261,P8076,1,1,2026-08-20,['Browsed']
CUST2261,P8082,5,1,2025-06-10,['Bought']
CUST2261,P8083,3,1,2026-07-24,['Added_to_Cart']
CUST2261,P8084,3,1,2026-08-20,['Added_to_Cart']
CUST2261,P8085,2,1,2025-10-31,['Wishlisted']
CUST2261,P8093,4,3,2026-03-09,"['Bought', 'Exchanged', 'Returned']"
CUST2261,P8099,5,1,2026-01-27,['Bought']
CUST2261,P8120,4,2,2026-08-16,"['Added_to_Cart', 'Browsed']"
CUST2261,P8126,1,1,2026-07-06,['Browsed']
CUST2261,P8128,1,1,2025-11-05,['Browsed']
CUST2261,P8131,1,1,2026-01-09,['Browsed']
CUST2261,P8142,2,1,2026-05-18,['Wishlisted']
CUST2262,P8001,10,4,2026-04-13,"['Bought', 'Exchanged', 'Reviewed']"
CUST2262,P8005,2,1,2026-02-24,['Wishlisted']
CUST2262,P8009,1,1,2026-05-09,['Browsed']
CUST2262,P8030,4,2,2026-08-24,"['Added_to_Cart', 'Browsed']"
CUST2262,P8064,1,1,2026-05-10,['Browsed']
CUST2262,P8070,2,1,2025-11-09,['Wishlisted']
CUST2262,P8103,6,3,2026-06-07,"['Bought', 'Browsed', 'Reviewed']"
CUST2262,P8105,1,1,2026-08-23,['Browsed']
CUST2262,P8117,2,1,2026-06-11,['Wishlisted']
CUST2262,P8124,3,2,2026-04-02,"['Browsed', 'Wishlisted']"
CUST2262,P8138,1,1,2025-09-22,['Browsed']
CUST2262,P8141,4,2,2026-03-30,"['Added_to_Cart', 'Browsed']"
CUST2262,P8150,5,1,2025-10-04,['Bought']
CUST2263,P8005,2,1,2026-06-25,['Wishlisted']
CUST2263,P8033,1,1,2025-10-18,['Browsed']
CUST2263,P8037,1,1,2025-12-10,['Browsed']
CUST2263,P8039,1,1,2025-11-27,['Browsed']
CUST2263,P8045,5,1,2025-06-29,['Bought']
CUST2263,P8068,3,1,2026-05-25,['Added_to_Cart']
CUST2263,P8096,1,1,2026-04-14,['Browsed']
CUST2263,P8110,1,1,2026-06-17,['Browsed']
CUST2263,P8140,1,1,2025-11-29,['Browsed']
CUST2263,P8142,3,5,2026-01-18,"['Bought', 'Exchanged', 'Returned']"
CUST2264,P8031,3,1,2026-07-09,['Added_to_Cart']
CUST2264,P8033,5,1,2025-08-27,['Bought']
CUST2264,P8044,1,1,2026-05-01,['Browsed']
CUST2264,P8057,1,1,2026-03-28,['Browsed']
CUST2264,P8085,5,1,2025-12-01,['Bought']
CUST2264,P8091,5,1,2025-08-07,['Bought']
CUST2264,P8093,1,1,2026-04-24,['Browsed']
CUST2264,P8109,1,1,2025-12-24,['Browsed']
CUST2264,P8116,5,1,2026-05-12,['Bought']
CUST2264,P8138,1,1,2025-11-01,['Browsed']
CUST2265,P8036,1,1,2025-09-01,['Browsed']
CUST2265,P8037,5,1,2026-05-19,['Bought']
CUST2265,P8045,5,1,2026-02-06,['Bought']
CUST2265,P8075,1,1,2026-03-26,['Browsed']
CUST2265,P8080,2,1,2026-01-08,['Wishlisted']
CUST2265,P8120,3,1,2026-06-15,['Added_to_Cart']
CUST2265,P8129,1,1,2025-11-18,['Browsed']
CUST2265,P8142,5,1,2025-10-28,['Bought']
CUST2265,P8143,6,2,2026-08-20,"['Bought', 'Reviewed']"
CUST2266,P8006,1,1,2025-10-30,['Browsed']
CUST2266,P8007,1,1,2025-12-13,['Browsed']
CUST2266,P8014,1,1,2026-01-05,['Browsed']
CUST2266,P8023,1,1,2026-08-13,['Browsed']
CUST2266,P8050,3,1,2026-07-04,['Added_to_Cart']
CUST2266,P8070,1,1,2026-04-20,['Browsed']
CUST2266,P8095,1,1,2025-09-10,['Browsed']
CUST2266,P8125,3,1,2026-07-29,['Added_to_Cart']
CUST2266,P8133,1,1,2025-09-04,['Browsed']
CUST2267,P8027,1,1,2026-01-19,['Browsed']
CUST2267,P8044,1,1,2026-04-04,['Browsed']
CUST2267,P8098,1,1,2026-07-31,['Browsed']
CUST2267,P8116,5,1,2025-04-17,['Bought']
CUST2267,P8135,3,2,2026-07-06,"['Browsed', 'Wishlisted']"
CUST2267,P8138,1,1,2026-04-09,['Browsed']
CUST2268,P8020,1,1,2026-01-05,['Browsed']
CUST2268,P8027,3,1,2026-04-03,['Added_to_Cart']
CUST2268,P8028,1,1,2026-06-17,['Browsed']
CUST2268,P8037,1,1,2025-12-30,['Browsed']
CUST2268,P8039,3,1,2026-08-08,['Added_to_Cart']
CUST2268,P8043,9,2,2026-02-01,"['Bought', 'Reviewed']"
CUST2268,P8047,1,1,2026-03-11,['Browsed']
CUST2268,P8052,8,2,2025-11-28,"['Bought', 'Reviewed']"
CUST2268,P8056,1,1,2026-02-07,['Browsed']
CUST2268,P8112,3,1,2026-08-19,['Added_to_Cart']
CUST2268,P8120,2,1,2026-03-04,['Wishlisted']
CUST2268,P8135,5,1,2026-06-12,['Bought']
CUST2269,P8022,5,1,2026-01-09,['Bought']
CUST2269,P8033,1,1,2025-11-27,['Browsed']
CUST2269,P8058,5,1,2026-04-08,['Bought']
CUST2269,P8059,1,1,2026-04-21,['Browsed']
CUST2269,P8095,5,1,2026-04-17,['Bought']
CUST2269,P8097,1,1,2026-03-27,['Browsed']
CUST2269,P8102,1,1,2026-04-09,['Browsed']
CUST2269,P8103,4,2,2026-07-16,"['Added_to_Cart', 'Browsed']"
CUST2269,P8108,-2,2,2025-10-04,"['Returned', 'Support_Contact']"
CUST2269,P8118,5,2,2025-12-17,"['Bought', 'Support_Contact']"
CUST2269,P8121,6,4,2026-03-19,"['Added_to_Cart', 'Bought', 'Returned', 'Support_Contact']"
CUST2269,P8128,0,1,2025-07-18,['Support_Contact']
CUST2269,P8142,5,1,2025-05-27,['Bought']
CUST2270,P8002,1,1,2025-10-30,['Browsed']
CUST2270,P8006,1,1,2025-09-29,['Browsed']
CUST2270,P8011,2,1,2026-08-13,['Wishlisted']
CUST2270,P8012,6,2,2026-02-10,"['Bought', 'Browsed']"
CUST2270,P8013,8,3,2026-07-02,"['Bought', 'Reviewed', 'Support_Contact']"
CUST2270,P8020,3,3,2025-09-02,"['Bought', 'Returned', 'Support_Contact']"
CUST2270,P8024,1,1,2026-03-20,['Browsed']
CUST2270,P8032,3,1,2026-05-18,['Added_to_Cart']
CUST2270,P8035,1,1,2026-06-16,['Browsed']
CUST2270,P8051,1,1,2026-06-29,['Browsed']
CUST2270,P8054,7,4,2026-01-25,"['Browsed', 'Reviewed']"
CUST2270,P8095,3,1,2026-03-06,['Added_to_Cart']
CUST2270,P8101,2,1,2026-07-11,['Wishlisted']
CUST2270,P8115,5,1,2026-02-19,['Bought']
CUST2271,P8031,3,1,2026-04-25,['Added_to_Cart']
CUST2271,P8046,2,1,2025-12-07,['Wishlisted']
CUST2271,P8047,3,1,2026-05-11,['Added_to_Cart']
CUST2271,P8059,7,3,2026-01-27,"['Bought', 'Exchanged']"
CUST2271,P8075,4,2,2026-08-05,"['Added_to_Cart', 'Browsed']"
CUST2271,P8099,3,1,2026-06-11,['Added_to_Cart']
CUST2271,P8117,1,1,2025-10-01,['Browsed']
CUST2271,P8120,6,2,2026-03-14,"['Bought', 'Exchanged']"
CUST2271,P8121,1,1,2026-05-27,['Browsed']
CUST2271,P8124,1,1,2026-02-04,['Browsed']
CUST2271,P8133,5,1,2025-09-20,['Bought']
CUST2271,P8141,5,1,2025-05-22,['Bought']
CUST2272,P8008,8,2,2026-08-18,"['Bought', 'Reviewed']"
CUST2272,P8016,1,1,2025-10-21,['Browsed']
CUST2272,P8026,7,2,2026-08-17,"['Bought', 'Reviewed']"
CUST2272,P8028,1,1,2026-08-20,['Browsed']
CUST2272,P8064,8,2,2026-08-15,"['Bought', 'Reviewed']"
CUST2272,P8071,3,1,2026-04-11,['Added_to_Cart']
CUST2272,P8109,1,1,2025-09-26,['Browsed']
CUST2272,P8110,1,1,2025-09-11,['Browsed']
CUST2272,P8132,1,1,2025-12-10,['Browsed']
CUST2272,P8142,5,1,2026-03-10,['Bought']
CUST2273,P8038,1,1,2026-01-06,['Browsed']
CUST2273,P8077,1,1,2026-08-17,['Browsed']
CUST2273,P8082,3,1,2026-06-10,['Added_to_Cart']
CUST2273,P8083,2,1,2026-05-13,['Wishlisted']
CUST2273,P8084,8,2,2026-03-13,"['Bought', 'Reviewed']"
CUST2273,P8085,5,2,2026-07-05,"['Bought', 'Support_Contact']"
CUST2273,P8098,5,2,2026-07-14,"['Bought', 'Support_Contact']"
CUST2273,P8108,1,1,2025-12-09,['Browsed']
CUST2273,P8112,1,1,2025-11-08,['Browsed']
CUST2273,P8134,3,1,2026-02-10,['Added_to_Cart']
CUST2273,P8138,5,1,2025-10-11,['Bought']
CUST2273,P8142,2,1,2026-07-07,['Wishlisted']
CUST2274,P8005,1,1,2025-11-04,['Browsed']
CUST2274,P8017,4,2,2026-02-08,"['Added_to_Cart', 'Browsed']"
CUST2274,P8040,1,1,2025-09-21,['Browsed']
CUST2274,P8047,3,1,2026-03-27,['Added_to_Cart']
CUST2274,P8048,1,1,2026-01-28,['Browsed']
CUST2274,P8069,5,1,2026-03-10,['Bought']
CUST2274,P8105,1,1,2026-07-13,['Browsed']
CUST2274,P8112,1,1,2026-08-15,['Browsed']
CUST2274,P8123,-2,1,2026-05-19,['Returned']
CUST2274,P8139,1,1,2026-04-09,['Browsed']
CUST2275,P8027,3,1,2026-03-23,['Added_to_Cart']
CUST2275,P8028,1,1,2025-11-13,['Browsed']
CUST2275,P8033,1,1,2026-01-24,['Browsed']
CUST2275,P8048,3,1,2026-02-11,['Added_to_Cart']
CUST2275,P8055,2,1,2026-05-05,['Wishlisted']
CUST2275,P8081,2,1,2026-08-10,['Wishlisted']
CUST2275,P8091,3,1,2026-03-29,['Added_to_Cart']
CUST2275,P8099,2,1,2026-04-17,['Wishlisted']
CUST2275,P8109,2,1,2026-04-08,['Wishlisted']
CUST2275,P8111,5,1,2026-03-15,['Bought']
CUST2275,P8112,3,1,2026-04-22,['Added_to_Cart']
CUST2275,P8120,6,3,2026-08-14,"['Bought', 'Exchanged', 'Support_Contact']"
CUST2275,P8131,2,1,2025-11-16,['Wishlisted']
CUST2276,P8040,5,1,2025-08-29,['Bought']
CUST2276,P8055,1,1,2026-07-26,['Browsed']
CUST2276,P8056,1,1,2025-10-10,['Browsed']
CUST2276,P8079,1,1,2025-09-20,['Browsed']
CUST2276,P8081,3,1,2026-07-06,['Added_to_Cart']
CUST2276,P8087,1,1,2025-08-24,['Browsed']
CUST2276,P8093,1,1,2026-06-20,['Browsed']
CUST2276,P8119,1,1,2025-11-23,['Browsed']
CUST2276,P8142,4,2,2026-05-01,"['Added_to_Cart', 'Browsed']"
CUST2277,P8055,6,2,2025-10-28,"['Bought', 'Exchanged']"
CUST2277,P8080,3,1,2026-03-02,['Added_to_Cart']
CUST2277,P8090,2,1,2026-08-09,['Wishlisted']
CUST2277,P8122,5,1,2026-02-10,['Bought']
CUST2277,P8124,5,1,2026-03-14,['Bought']
CUST2277,P8129,6,2,2025-12-06,"['Bought', 'Exchanged']"
CUST2277,P8137,6,2,2026-02-25,"['Bought', 'Browsed']"
CUST2278,P8001,4,2,2026-08-05,"['Added_to_Cart', 'Browsed']"
CUST2278,P8003,1,1,2025-11-16,['Browsed']
CUST2278,P8011,1,1,2026-03-14,['Browsed']
CUST2278,P8017,15,7,2026-08-02,"['Bought', 'Exchanged', 'Reviewed']"
CUST2278,P8047,1,1,2026-07-04,['Browsed']
CUST2278,P8050,3,1,2026-02-23,['Added_to_Cart']
CUST2278,P8096,3,1,2026-06-21,['Added_to_Cart']
CUST2278,P8126,5,1,2026-03-14,['Bought']
CUST2278,P8145,6,2,2026-07-30,['Added_to_Cart']
CUST2279,P8034,5,1,2025-10-11,['Bought']
CUST2279,P8036,6,5,2026-08-23,"['Bought', 'Reviewed']"
CUST2279,P8037,3,1,2026-05-21,['Added_to_Cart']
CUST2279,P8045,7,2,2026-04-26,"['Bought', 'Reviewed']"
CUST2279,P8075,3,1,2026-05-17,['Added_to_Cart']
CUST2279,P8107,5,1,2025-09-01,['Bought']
CUST2279,P8109,1,1,2025-10-29,['Browsed']
CUST2279,P8115,3,2,2026-05-23,"['Browsed', 'Wishlisted']"
CUST2279,P8118,6,2,2026-07-17,"['Bought', 'Exchanged']"
CUST2279,P8121,3,1,2026-03-22,['Added_to_Cart']
CUST2279,P8122,5,1,2025-08-04,['Bought']
CUST2279,P8129,2,1,2026-02-10,['Wishlisted']
CUST2279,P8131,1,1,2026-02-26,['Browsed']
CUST2279,P8135,5,1,2025-09-30,['Bought']
CUST2279,P8144,3,1,2026-07-03,['Added_to_Cart']
CUST2280,P8011,1,1,2025-11-09,['Browsed']
CUST2280,P8026,5,1,2025-08-16,['Bought']
CUST2280,P8032,1,1,2025-12-27,['Browsed']
CUST2280,P8071,5,2,2026-06-13,"['Added_to_Cart', 'Wishlisted']"
CUST2280,P8095,1,1,2026-05-21,['Browsed']
CUST2280,P8101,5,1,2025-06-10,['Bought']
CUST2280,P8103,3,2,2025-08-15,"['Bought', 'Returned']"
CUST2280,P8110,2,1,2025-11-18,['Wishlisted']
CUST2280,P8130,3,2,2025-08-01,"['Bought', 'Returned']"
CUST2280,P8134,2,1,2026-06-12,['Wishlisted']
CUST2280,P8140,5,1,2026-05-18,['Bought']
CUST2280,P8141,5,1,2026-03-16,['Bought']
CUST2280,P8152,6,2,2026-05-28,['Added_to_Cart']
CUST2281,P8002,3,1,2026-07-27,['Added_to_Cart']
CUST2281,P8013,1,1,2026-08-20,['Browsed']
CUST2281,P8030,9,3,2026-08-14,"['Bought', 'Exchanged', 'Reviewed']"
CUST2281,P8034,1,1,2025-12-24,['Browsed']
CUST2281,P8035,1,1,2026-02-26,['Browsed']
CUST2281,P8051,3,1,2026-06-04,['Added_to_Cart']
CUST2281,P8059,6,3,2026-01-22,"['Bought', 'Returned', 'Reviewed']"
CUST2281,P8062,1,1,2026-03-09,['Browsed']
CUST2281,P8100,1,1,2025-12-30,['Browsed']
CUST2281,P8113,8,2,2026-05-23,"['Added_to_Cart', 'Bought']"
CUST2281,P8141,5,1,2025-06-12,['Bought']
CUST2282,P8004,5,1,2025-08-08,['Bought']
CUST2282,P8006,1,1,2026-03-06,['Browsed']
CUST2282,P8016,3,1,2026-04-20,['Added_to_Cart']
CUST2282,P8024,1,1,2026-07-10,['Browsed']
CUST2282,P8025,7,2,2026-03-14,"['Bought', 'Reviewed']"
CUST2282,P8046,2,1,2026-07-26,['Wishlisted']
CUST2282,P8048,1,1,2025-10-27,['Browsed']
CUST2282,P8095,1,1,2026-04-20,['Browsed']
CUST2282,P8102,5,1,2025-12-11,['Bought']
CUST2282,P8105,5,1,2026-05-23,['Bought']
CUST2282,P8109,1,1,2025-11-24,['Browsed']
CUST2282,P8110,1,1,2025-10-27,['Browsed']
CUST2282,P8121,2,1,2026-05-27,['Wishlisted']
CUST2282,P8128,12,4,2026-07-23,"['Bought', 'Reviewed']"
CUST2282,P8138,2,1,2026-08-02,['Wishlisted']
CUST2283,P8030,5,2,2026-07-05,"['Bought', 'Support_Contact']"
CUST2283,P8031,1,1,2026-07-12,['Browsed']
CUST2283,P8032,1,1,2026-02-13,['Browsed']
CUST2283,P8038,1,1,2025-09-26,['Browsed']
CUST2283,P8044,6,2,2026-06-24,"['Bought', 'Browsed']"
CUST2283,P8048,2,2,2026-03-28,['Browsed']
CUST2283,P8052,5,1,2026-06-08,['Bought']
CUST2283,P8056,1,1,2026-08-02,['Browsed']
CUST2283,P8076,4,3,2025-08-07,"['Bought', 'Exchanged', 'Returned']"
CUST2283,P8094,1,1,2026-07-09,['Browsed']
CUST2283,P8114,3,1,2026-04-16,['Added_to_Cart']
CUST2283,P8121,3,1,2026-03-03,['Added_to_Cart']
CUST2283,P8124,1,1,2026-06-11,['Browsed']
CUST2283,P8127,5,1,2025-07-13,['Bought']
CUST2283,P8137,1,1,2026-03-23,['Browsed']
CUST2283,P8138,4,2,2026-05-11,"['Added_to_Cart', 'Browsed']"
CUST2283,P8144,1,1,2026-01-01,['Browsed']
CUST2284,P8033,1,1,2025-08-30,['Browsed']
CUST2284,P8040,2,1,2026-02-10,['Wishlisted']
CUST2284,P8055,1,1,2026-04-15,['Browsed']
CUST2284,P8056,2,1,2026-06-15,['Wishlisted']
CUST2284,P8076,3,1,2026-04-30,['Added_to_Cart']
CUST2284,P8080,7,2,2026-08-23,"['Bought', 'Reviewed']"
CUST2284,P8108,3,1,2026-05-27,['Added_to_Cart']
CUST2284,P8121,3,1,2026-06-02,['Added_to_Cart']
CUST2284,P8137,6,2,2026-08-04,"['Bought', 'Reviewed']"
CUST2285,P8036,3,1,2026-03-13,['Added_to_Cart']
CUST2285,P8040,3,1,2026-05-05,['Added_to_Cart']
CUST2285,P8058,2,1,2026-01-30,['Wishlisted']
CUST2285,P8066,6,2,2026-04-29,"['Bought', 'Browsed']"
CUST2285,P8071,6,2,2025-05-14,"['Bought', 'Exchanged']"
CUST2285,P8098,2,1,2026-02-10,['Wishlisted']
CUST2285,P8100,3,1,2026-03-22,['Added_to_Cart']
CUST2285,P8109,1,1,2026-04-18,['Browsed']
CUST2285,P8132,3,1,2026-08-20,['Added_to_Cart']
CUST2285,P8135,2,1,2026-08-14,['Wishlisted']
CUST2285,P8139,5,2,2026-08-22,"['Bought', 'Reviewed']"
CUST2285,P8141,3,1,2026-03-03,['Added_to_Cart']
CUST2286,P8004,3,1,2026-03-08,['Added_to_Cart']
CUST2286,P8033,1,1,2025-12-21,['Browsed']
CUST2286,P8056,8,2,2025-10-02,"['Bought', 'Reviewed']"
CUST2286,P8068,2,1,2026-08-02,['Wishlisted']
CUST2286,P8073,1,1,2025-12-12,['Browsed']
CUST2286,P8101,2,1,2026-08-21,['Wishlisted']
CUST2286,P8128,6,2,2026-01-30,"['Bought', 'Exchanged']"
CUST2286,P8136,3,2,2026-01-28,"['Browsed', 'Wishlisted']"
CUST2286,P8143,1,1,2025-10-05,['Browsed']
CUST2287,P8028,2,1,2026-01-13,['Wishlisted']
CUST2287,P8029,5,2,2025-11-03,"['Bought', 'Support_Contact']"
CUST2287,P8031,2,1,2025-11-29,['Wishlisted']
CUST2287,P8033,1,1,2025-12-01,['Browsed']
CUST2287,P8034,3,1,2026-04-13,['Added_to_Cart']
CUST2287,P8035,3,1,2026-04-12,['Added_to_Cart']
CUST2287,P8040,1,1,2025-10-12,['Browsed']
CUST2287,P8041,1,1,2025-12-20,['Browsed']
CUST2287,P8051,1,1,2026-03-04,['Browsed']
CUST2287,P8053,3,2,2026-08-10,"['Browsed', 'Wishlisted']"
CUST2287,P8057,1,1,2026-08-12,['Browsed']
CUST2287,P8075,3,2,2025-09-28,"['Bought', 'Returned']"
CUST2287,P8086,1,1,2026-04-20,['Browsed']
CUST2287,P8119,8,2,2026-07-18,"['Added_to_Cart', 'Bought']"
CUST2287,P8130,3,1,2026-02-28,['Added_to_Cart']
CUST2287,P8133,3,1,2026-07-08,['Added_to_Cart']
CUST2287,P8136,1,1,2026-07-18,['Browsed']
CUST2287,P8139,1,1,2025-11-24,['Browsed']
CUST2287,P8140,1,1,2025-09-13,['Browsed']
CUST2287,P8141,3,1,2026-02-23,['Added_to_Cart']
CUST2288,P8002,1,1,2026-04-30,['Browsed']
CUST2288,P8003,9,8,2026-02-15,"['Bought', 'Returned', 'Reviewed']"
CUST2288,P8007,1,1,2025-09-15,['Browsed']
CUST2288,P8015,3,1,2026-07-29,['Added_to_Cart']
CUST2288,P8028,3,1,2026-02-22,['Added_to_Cart']
CUST2288,P8055,1,1,2026-05-11,['Browsed']
CUST2288,P8096,1,1,2025-12-20,['Browsed']
CUST2288,P8106,1,1,2025-12-28,['Browsed']
CUST2288,P8126,1,1,2025-10-13,['Browsed']
CUST2288,P8130,3,1,2026-03-02,['Added_to_Cart']
CUST2288,P8134,1,1,2025-12-05,['Browsed']
CUST2288,P8140,5,1,2025-04-11,['Bought']
CUST2288,P8148,3,1,2026-04-13,['Added_to_Cart']
CUST2289,P8026,2,1,2025-12-26,['Wishlisted']
CUST2289,P8034,5,1,2025-09-08,['Bought']
CUST2289,P8047,6,2,2026-04-06,"['Bought', 'Reviewed']"
CUST2289,P8065,7,2,2026-08-23,"['Bought', 'Reviewed']"
CUST2289,P8069,1,1,2026-02-02,['Browsed']
CUST2289,P8070,8,4,2026-06-16,"['Bought', 'Browsed', 'Support_Contact', 'Wishlisted']"
CUST2289,P8093,8,2,2026-06-30,"['Added_to_Cart', 'Bought']"
CUST2289,P8095,1,1,2026-06-08,['Browsed']
CUST2289,P8102,3,1,2026-07-23,['Added_to_Cart']
CUST2289,P8112,3,2,2026-05-08,"['Browsed', 'Wishlisted']"
CUST2289,P8115,1,1,2026-06-02,['Browsed']
CUST2289,P8140,1,1,2026-07-13,['Browsed']
CUST2289,P8146,2,1,2026-07-10,['Wishlisted']
CUST2290,P8012,3,1,2026-02-10,['Added_to_Cart']
CUST2290,P8020,3,1,2026-02-05,['Added_to_Cart']
CUST2290,P8024,5,1,2026-04-19,['Bought']
CUST2290,P8029,2,1,2025-12-08,['Wishlisted']
CUST2290,P8033,3,1,2026-04-11,['Added_to_Cart']
CUST2290,P8037,2,1,2026-01-28,['Wishlisted']
CUST2290,P8042,1,1,2026-02-11,['Browsed']
CUST2290,P8054,3,2,2026-02-12,"['Browsed', 'Wishlisted']"
CUST2290,P8066,1,1,2026-03-22,['Browsed']
CUST2290,P8094,1,1,2026-04-25,['Browsed']
CUST2290,P8100,2,1,2026-01-13,['Wishlisted']
CUST2290,P8103,3,1,2026-07-11,['Added_to_Cart']
CUST2290,P8104,1,1,2025-11-15,['Browsed']
CUST2290,P8116,5,1,2025-04-13,['Bought']
CUST2290,P8127,2,1,2026-01-08,['Wishlisted']
CUST2290,P8132,1,1,2025-09-01,['Browsed']
CUST2290,P8134,4,2,2026-07-17,"['Added_to_Cart', 'Browsed']"
CUST2290,P8139,3,1,2026-02-23,['Added_to_Cart']
CUST2291,P8031,3,1,2026-03-03,['Added_to_Cart']
CUST2291,P8033,1,1,2026-07-14,['Browsed']
CUST2291,P8039,1,1,2025-10-19,['Browsed']
CUST2291,P8044,2,1,2026-01-27,['Wishlisted']
CUST2291,P8089,5,2,2025-08-13,"['Bought', 'Support_Contact']"
CUST2291,P8094,5,1,2026-04-09,['Bought']
CUST2291,P8095,1,1,2026-06-28,['Browsed']
CUST2291,P8108,9,4,2026-04-02,"['Bought', 'Exchanged', 'Returned']"
CUST2291,P8118,1,1,2026-01-27,['Browsed']
CUST2291,P8139,6,2,2026-03-31,"['Bought', 'Exchanged']"
CUST2292,P8009,1,1,2026-01-01,['Browsed']
CUST2292,P8023,2,2,2025-12-01,['Browsed']
CUST2292,P8025,1,1,2025-09-16,['Browsed']
CUST2292,P8027,5,1,2026-02-01,['Bought']
CUST2292,P8046,5,1,2025-11-08,['Bought']
CUST2292,P8050,13,4,2026-05-09,"['Added_to_Cart', 'Bought', 'Exchanged', 'Reviewed']"
CUST2292,P8062,3,1,2026-04-07,['Added_to_Cart']
CUST2292,P8070,5,1,2025-07-18,['Bought']
CUST2292,P8100,1,1,2026-05-12,['Browsed']
CUST2292,P8110,1,1,2026-03-12,['Browsed']
CUST2292,P8113,2,2,2026-01-29,['Browsed']
CUST2292,P8126,1,1,2026-05-24,['Browsed']
CUST2292,P8149,8,3,2026-02-21,"['Bought', 'Reviewed', 'Support_Contact']"
CUST2292,P8150,3,1,2026-08-02,['Added_to_Cart']
CUST2293,P8009,4,1,2025-12-13,['Reviewed']
CUST2293,P8030,1,1,2026-06-24,['Browsed']
CUST2293,P8032,7,3,2026-07-14,"['Bought', 'Browsed']"
CUST2293,P8045,3,1,2026-04-13,['Added_to_Cart']
CUST2293,P8050,2,1,2026-01-17,['Wishlisted']
CUST2293,P8082,1,1,2025-10-19,['Browsed']
CUST2293,P8086,2,1,2026-08-10,['Wishlisted']
CUST2293,P8098,6,3,2026-08-22,"['Bought', 'Returned', 'Reviewed']"
CUST2293,P8117,3,1,2026-05-19,['Added_to_Cart']
CUST2294,P8009,1,1,2026-07-16,['Browsed']
CUST2294,P8018,3,1,2026-02-19,['Added_to_Cart']
CUST2294,P8030,5,1,2025-10-14,['Bought']
CUST2294,P8034,2,1,2026-04-28,['Wishlisted']
CUST2294,P8040,-2,1,2026-08-23,['Returned']
CUST2294,P8047,8,2,2026-04-17,"['Added_to_Cart', 'Bought']"
CUST2294,P8048,2,1,2026-03-18,['Wishlisted']
CUST2294,P8059,5,1,2026-04-11,['Bought']
CUST2294,P8091,1,1,2026-03-04,['Browsed']
CUST2294,P8093,5,1,2025-08-04,['Bought']
CUST2294,P8102,1,1,2026-02-09,['Browsed']
CUST2294,P8113,3,1,2026-08-04,['Added_to_Cart']
CUST2294,P8134,3,1,2026-03-18,['Added_to_Cart']
CUST2294,P8140,1,1,2025-12-30,['Browsed']
CUST2295,P8042,3,1,2026-05-25,['Added_to_Cart']
CUST2295,P8055,4,4,2026-02-03,"['Bought', 'Returned', 'Reviewed']"
CUST2295,P8084,4,2,2026-04-18,"['Added_to_Cart', 'Browsed']"
CUST2295,P8114,5,1,2026-01-08,['Bought']
CUST2295,P8130,1,1,2025-11-04,['Browsed']
CUST2295,P8132,3,1,2026-08-18,['Added_to_Cart']
CUST2296,P8035,9,2,2025-11-08,"['Bought', 'Reviewed']"
CUST2296,P8039,3,1,2026-03-09,['Added_to_Cart']
CUST2296,P8041,5,1,2026-06-17,['Bought']
CUST2296,P8081,1,1,2026-07-29,['Browsed']
CUST2296,P8082,1,1,2026-02-22,['Browsed']
CUST2296,P8094,13,3,2026-07-31,"['Bought', 'Reviewed']"
CUST2296,P8096,2,1,2026-01-09,['Wishlisted']
CUST2296,P8108,1,1,2025-10-15,['Browsed']
CUST2296,P8123,1,1,2026-05-22,['Browsed']
CUST2296,P8141,3,1,2026-06-23,['Added_to_Cart']
CUST2297,P8034,1,1,2026-01-14,['Browsed']
CUST2297,P8042,1,1,2025-12-25,['Browsed']
CUST2297,P8049,5,1,2025-11-06,['Bought']
CUST2297,P8053,3,1,2026-04-18,['Added_to_Cart']
CUST2297,P8057,5,1,2026-08-06,['Bought']
CUST2297,P8058,3,1,2026-03-06,['Added_to_Cart']
CUST2297,P8076,3,1,2026-03-11,['Added_to_Cart']
CUST2297,P8091,3,1,2026-04-19,['Added_to_Cart']
CUST2297,P8094,1,1,2026-02-17,['Browsed']
CUST2297,P8095,5,1,2026-02-22,['Bought']
CUST2297,P8108,3,1,2026-03-16,['Added_to_Cart']
CUST2297,P8114,1,1,2025-12-02,['Browsed']
CUST2297,P8117,7,2,2026-06-24,"['Bought', 'Reviewed']"
CUST2297,P8129,1,1,2026-03-12,['Browsed']
CUST2297,P8130,5,3,2026-08-19,"['Bought', 'Returned', 'Reviewed']"
CUST2297,P8137,1,1,2025-12-05,['Browsed']
CUST2297,P8143,1,1,2026-03-03,['Browsed']
CUST2298,P8034,3,1,2026-03-18,['Added_to_Cart']
CUST2298,P8059,5,1,2026-06-18,['Bought']
CUST2298,P8076,1,1,2026-01-28,['Browsed']
CUST2298,P8077,2,1,2026-01-27,['Wishlisted']
CUST2298,P8085,1,1,2025-08-28,['Browsed']
CUST2298,P8089,9,3,2026-08-16,"['Bought', 'Exchanged', 'Reviewed']"
CUST2298,P8093,2,1,2025-11-16,['Wishlisted']
CUST2298,P8099,2,1,2025-11-16,['Wishlisted']
CUST2298,P8116,3,1,2026-08-15,['Added_to_Cart']
CUST2298,P8117,6,3,2026-08-21,"['Bought', 'Reviewed']"
CUST2298,P8120,5,3,2026-03-25,"['Bought', 'Returned', 'Wishlisted']"
CUST2298,P8126,3,1,2026-03-12,['Added_to_Cart']
CUST2298,P8129,2,1,2026-06-12,['Wishlisted']
CUST2299,P8007,2,1,2026-06-14,['Wishlisted']
CUST2299,P8018,1,1,2026-06-04,['Browsed']
CUST2299,P8027,6,2,2025-09-21,"['Bought', 'Exchanged']"
CUST2299,P8036,1,1,2026-01-28,['Browsed']
CUST2299,P8054,1,1,2026-07-23,['Browsed']
CUST2299,P8057,1,1,2025-12-21,['Browsed']
CUST2299,P8062,1,1,2026-04-12,['Browsed']
CUST2299,P8094,5,1,2025-07-15,['Bought']
CUST2299,P8097,1,1,2026-04-11,['Browsed']
CUST2299,P8114,3,1,2026-07-31,['Added_to_Cart']
CUST2299,P8125,2,1,2025-12-23,['Wishlisted']
CUST2299,P8132,1,1,2026-04-14,['Browsed']
CUST2299,P8135,1,1,2025-12-19,['Browsed']
CUST2299,P8145,3,1,2026-06-07,['Added_to_Cart']
CUST2299,P8150,3,1,2026-07-03,['Added_to_Cart']
CUST2300,P8012,1,1,2026-05-14,['Browsed']
CUST2300,P8016,5,1,2026-05-20,['Bought']
CUST2300,P8041,1,1,2026-07-09,['Browsed']
CUST2300,P8043,1,1,2026-04-09,['Exchanged']
CUST2300,P8052,3,1,2026-08-21,['Added_to_Cart']
CUST2300,P8074,1,1,2026-07-26,['Browsed']
CUST2300,P8114,1,1,2026-07-24,['Browsed']
CUST2300,P8120,2,1,2026-07-24,['Wishlisted']
CUST2300,P8131,1,1,2026-02-18,['Browsed']
CUST2301,P8004,1,1,2026-05-28,['Browsed']
CUST2301,P8009,2,1,2026-07-02,['Wishlisted']
CUST2301,P8012,1,1,2026-07-19,['Browsed']
CUST2301,P8030,1,1,2026-05-27,['Browsed']
CUST2301,P8033,1,1,2026-02-25,['Browsed']
CUST2301,P8051,1,1,2025-11-09,['Browsed']
CUST2301,P8098,2,1,2026-03-22,['Wishlisted']
CUST2301,P8099,3,1,2026-06-15,['Added_to_Cart']
CUST2301,P8104,1,1,2025-09-21,['Browsed']
CUST2301,P8109,1,1,2026-07-07,['Browsed']
CUST2301,P8115,2,1,2026-03-04,['Wishlisted']
CUST2301,P8124,5,1,2025-11-27,['Bought']
CUST2301,P8144,1,1,2026-07-06,['Browsed']
CUST2301,P8151,5,1,2026-02-11,['Bought']
CUST2302,P8007,1,1,2025-09-18,['Browsed']
CUST2302,P8021,2,1,2026-06-16,['Wishlisted']
CUST2302,P8023,3,1,2026-05-03,['Added_to_Cart']
CUST2302,P8028,1,1,2025-10-19,['Browsed']
CUST2302,P8042,5,1,2026-02-06,['Bought']
CUST2302,P8045,1,1,2026-08-22,['Browsed']
CUST2302,P8049,7,3,2026-08-07,"['Bought', 'Browsed', 'Exchanged']"
CUST2302,P8054,3,2,2026-05-22,"['Browsed', 'Wishlisted']"
CUST2302,P8065,1,1,2026-04-28,['Browsed']
CUST2302,P8072,1,1,2026-01-24,['Browsed']
CUST2302,P8074,10,4,2026-05-16,"['Reviewed', 'Support_Contact']"
CUST2302,P8115,1,2,2025-10-26,"['Browsed', 'Support_Contact']"
CUST2302,P8118,1,1,2025-09-22,['Browsed']
CUST2302,P8123,1,1,2026-05-21,['Browsed']
CUST2302,P8132,9,2,2026-07-17,"['Bought', 'Reviewed']"
CUST2303,P8010,1,1,2026-02-25,['Browsed']
CUST2303,P8012,2,1,2026-07-11,['Wishlisted']
CUST2303,P8033,1,1,2026-01-21,['Browsed']
CUST2303,P8035,6,2,2026-07-16,"['Bought', 'Browsed']"
CUST2303,P8039,1,1,2025-11-12,['Browsed']
CUST2303,P8041,5,2,2025-06-23,"['Bought', 'Support_Contact']"
CUST2303,P8052,-1,3,2025-08-02,"['Exchanged', 'Returned', 'Support_Contact']"
CUST2303,P8064,5,1,2026-01-27,['Bought']
CUST2303,P8067,3,1,2026-05-13,['Added_to_Cart']
CUST2303,P8068,2,1,2026-08-10,['Wishlisted']
CUST2303,P8069,5,1,2025-06-03,['Bought']
CUST2303,P8070,1,1,2026-01-02,['Browsed']
CUST2303,P8073,1,1,2026-05-25,['Browsed']
CUST2303,P8095,5,1,2025-06-08,['Bought']
CUST2303,P8104,1,1,2025-12-08,['Browsed']
CUST2303,P8121,1,1,2026-02-24,['Browsed']
CUST2303,P8127,3,1,2026-02-08,['Added_to_Cart']
CUST2304,P8028,1,1,2026-05-30,['Browsed']
CUST2304,P8031,1,1,2026-04-05,['Browsed']
CUST2304,P8034,6,2,2026-06-20,"['Bought', 'Exchanged']"
CUST2304,P8075,10,3,2026-05-25,"['Bought', 'Reviewed']"
CUST2304,P8084,2,1,2026-01-11,['Wishlisted']
CUST2304,P8087,5,2,2026-04-22,"['Added_to_Cart', 'Wishlisted']"
CUST2304,P8107,6,2,2026-08-23,"['Bought', 'Exchanged']"
CUST2304,P8111,2,1,2026-01-20,['Wishlisted']
CUST2304,P8129,1,1,2025-09-13,['Browsed']
CUST2304,P8144,1,1,2026-02-16,['Browsed']
CUST2305,P8001,2,1,2026-06-29,['Wishlisted']
CUST2305,P8006,1,1,2026-07-03,['Browsed']
CUST2305,P8008,3,1,2026-08-03,['Added_to_Cart']
CUST2305,P8010,1,1,2026-08-04,['Browsed']
CUST2305,P8018,1,1,2026-08-12,['Browsed']
CUST2305,P8028,3,2,2026-08-22,"['Bought', 'Returned']"
CUST2305,P8044,9,3,2026-07-15,"['Bought', 'Browsed', 'Reviewed']"
CUST2305,P8045,1,1,2026-01-15,['Browsed']
CUST2305,P8047,3,2,2026-06-05,"['Browsed', 'Wishlisted']"
CUST2305,P8048,3,1,2026-05-27,['Added_to_Cart']
CUST2305,P8054,1,1,2026-05-31,['Browsed']
CUST2305,P8104,5,1,2025-08-22,['Bought']
CUST2305,P8113,1,1,2025-12-07,['Browsed']
CUST2305,P8115,5,1,2025-09-17,['Bought']
CUST2305,P8125,1,1,2026-04-27,['Browsed']
CUST2305,P8126,5,2,2026-06-28,"['Bought', 'Reviewed']"
CUST2305,P8139,5,1,2026-02-01,['Bought']
CUST2305,P8150,1,1,2026-02-11,['Browsed']
CUST2305,P8152,1,1,2026-01-26,['Browsed']
