Customer_ID,Product_ID,score,n_events,last_event_date,actions
CUST1000,P5020,1.0,1,2025-09-16,['Browsed']
CUST1000,P5051,3.0,1,2026-04-15,['Added_to_Cart']
CUST1000,P5074,1.0,1,2026-03-08,['Browsed']
CUST1000,P5091,1.0,1,2025-11-22,['Browsed']
CUST1000,P5096,1.0,1,2026-02-17,['Browsed']
CUST1000,P5099,5.0,1,2025-11-21,['Bought']
CUST1000,P5110,3.0,1,2026-05-27,['Added_to_Cart']
CUST1000,P5122,5.0,1,2026-04-20,['Bought']
CUST1000,P5135,1.0,1,2025-10-17,['Browsed']
CUST1000,P5137,1.0,1,2026-04-01,['Browsed']
CUST1001,P5003,1.0,1,2025-11-04,['Browsed']
CUST1001,P5023,3.0,1,2026-03-26,['Added_to_Cart']
CUST1001,P5024,3.0,1,2026-05-29,['Added_to_Cart']
CUST1001,P5060,2.0,1,2026-06-18,['Wishlisted']
CUST1001,P5063,5.0,1,2025-06-24,['Bought']
CUST1001,P5079,5.0,1,2026-04-20,['Bought']
CUST1001,P5091,7.0,2,2026-08-19,"['Bought', 'Reviewed']"
CUST1001,P5092,5.0,2,2025-07-17,"['Bought', 'Support_Contact']"
CUST1001,P5099,5.0,1,2025-12-07,['Bought']
CUST1001,P5107,5.0,1,2025-12-09,['Bought']
CUST1001,P5108,1.0,1,2026-03-13,['Browsed']
CUST1001,P5113,2.0,1,2025-11-11,['Wishlisted']
CUST1001,P5130,1.0,1,2026-02-13,['Browsed']
CUST1002,P5007,1.0,1,2026-02-04,['Browsed']
CUST1002,P5016,1.0,1,2026-06-19,['Browsed']
CUST1002,P5019,1.0,1,2026-08-05,['Browsed']
CUST1002,P5030,5.0,3,2026-08-17,"['Bought', 'Returned', 'Reviewed']"
CUST1002,P5032,3.0,1,2026-06-25,['Added_to_Cart']
CUST1002,P5042,1.0,1,2026-01-16,['Browsed']
CUST1002,P5047,5.0,1,2025-04-22,['Bought']
CUST1002,P5050,1.0,1,2026-05-04,['Browsed']
CUST1002,P5054,6.0,3,2026-08-22,"['Bought', 'Reviewed', 'Support_Contact']"
CUST1002,P5065,5.0,1,2025-08-06,['Bought']
CUST1002,P5073,1.0,1,2026-04-08,['Browsed']
CUST1002,P5091,3.0,3,2026-05-07,"['Bought', 'Returned', 'Reviewed']"
CUST1002,P5127,1.0,1,2026-02-07,['Browsed']
CUST1002,P5128,1.0,1,2026-02-09,['Browsed']
CUST1002,P5135,3.0,1,2026-06-15,['Added_to_Cart']
CUST1002,P5136,2.0,1,2026-03-01,['Wishlisted']
CUST1003,P5011,5.0,1,2025-05-19,['Bought']
CUST1003,P5014,3.0,1,2026-02-10,['Added_to_Cart']
CUST1003,P5022,3.0,3,2026-05-08,"['Bought', 'Returned', 'Support_Contact']"
CUST1003,P5026,1.0,1,2026-03-17,['Browsed']
CUST1003,P5030,5.0,1,2026-01-26,['Bought']
CUST1003,P5036,5.0,1,2025-10-17,['Bought']
CUST1003,P5059,7.0,6,2026-01-28,"['Bought', 'Returned', 'Reviewed']"
CUST1003,P5063,3.0,1,2026-07-30,['Added_to_Cart']
CUST1003,P5066,1.0,1,2026-07-20,['Browsed']
CUST1003,P5085,2.0,1,2026-08-08,['Wishlisted']
CUST1003,P5087,2.0,1,2026-03-05,['Wishlisted']
CUST1003,P5098,1.0,1,2026-03-18,['Browsed']
CUST1003,P5111,3.0,1,2026-05-25,['Added_to_Cart']
CUST1003,P5115,2.0,1,2026-03-19,['Wishlisted']
CUST1003,P5118,1.0,1,2025-11-10,['Browsed']
CUST1003,P5122,1.0,1,2025-09-28,['Browsed']
CUST1003,P5127,7.0,4,2026-05-02,"['Bought', 'Returned', 'Reviewed', 'Support_Contact']"
CUST1004,P5006,2.0,1,2026-04-30,['Wishlisted']
CUST1004,P5022,19.0,8,2026-08-22,"['Added_to_Cart', 'Bought', 'Returned', 'Reviewed', 'Support_Contact']"
CUST1004,P5031,5.0,1,2026-02-12,['Bought']
CUST1004,P5036,3.0,1,2026-07-18,['Added_to_Cart']
CUST1004,P5051,5.0,2,2026-04-19,"['Bought', 'Support_Contact']"
CUST1004,P5058,3.0,1,2026-03-05,['Added_to_Cart']
CUST1004,P5074,10.0,2,2026-03-07,['Bought']
CUST1004,P5078,1.0,1,2026-05-03,['Browsed']
CUST1004,P5084,1.0,1,2026-05-01,['Browsed']
CUST1004,P5106,3.0,2,2025-05-24,"['Bought', 'Returned']"
CUST1004,P5120,2.0,1,2026-03-16,['Wishlisted']
CUST1005,P5005,5.0,1,2025-11-10,['Bought']
CUST1005,P5006,3.0,1,2026-03-30,['Added_to_Cart']
CUST1005,P5009,2.0,2,2026-04-06,['Browsed']
CUST1005,P5026,1.0,1,2025-10-27,['Browsed']
CUST1005,P5040,2.0,1,2026-01-02,['Wishlisted']
CUST1005,P5072,2.0,1,2025-11-04,['Wishlisted']
CUST1005,P5101,15.0,5,2026-08-20,"['Bought', 'Reviewed', 'Support_Contact']"
CUST1005,P5111,1.0,1,2025-10-07,['Browsed']
CUST1005,P5115,3.0,1,2026-03-01,['Added_to_Cart']
CUST1005,P5120,5.0,1,2026-05-01,['Bought']
CUST1006,P5004,0.0,1,2026-06-05,['Design_Converted']
CUST1006,P5011,2.0,1,2026-05-18,['Wishlisted']
CUST1006,P5036,3.0,1,2026-08-12,['Added_to_Cart']
CUST1006,P5041,2.0,1,2026-06-14,['Wishlisted']
CUST1006,P5042,0.0,1,2026-05-05,['Design_Converted']
CUST1006,P5051,0.0,1,2026-05-13,['Design_Converted']
CUST1006,P5068,5.0,1,2025-11-10,['Bought']
CUST1006,P5070,1.0,1,2026-01-15,['Browsed']
CUST1006,P5080,5.0,1,2026-06-13,['Bought']
CUST1006,P5109,1.0,1,2026-05-28,['Browsed']
CUST1007,P5034,4.0,2,2026-08-05,"['Added_to_Cart', 'Browsed']"
CUST1007,P5037,1.0,1,2025-11-27,['Browsed']
CUST1007,P5079,1.0,1,2026-01-08,['Browsed']
CUST1007,P5100,1.0,1,2026-02-15,['Browsed']
CUST1007,P5103,1.0,1,2026-08-20,['Browsed']
CUST1007,P5109,2.0,1,2026-01-09,['Wishlisted']
CUST1007,P5121,2.0,1,2026-02-28,['Wishlisted']
CUST1008,P5011,5.0,1,2025-09-22,['Bought']
CUST1008,P5022,1.0,1,2025-12-26,['Browsed']
CUST1008,P5043,3.0,1,2026-07-31,['Added_to_Cart']
CUST1008,P5059,1.0,1,2026-04-17,['Browsed']
CUST1008,P5063,1.0,1,2026-07-23,['Browsed']
CUST1008,P5084,3.0,1,2026-06-16,['Added_to_Cart']
CUST1008,P5094,5.0,2,2026-08-19,"['Bought', 'Reviewed']"
CUST1008,P5115,1.0,1,2026-06-18,['Browsed']
CUST1008,P5117,1.0,1,2025-12-10,['Browsed']
CUST1008,P5118,1.0,1,2025-09-03,['Browsed']
CUST1008,P5119,3.0,1,2026-04-14,['Added_to_Cart']
CUST1009,P5001,3.0,1,2026-04-21,['Added_to_Cart']
CUST1009,P5011,1.0,1,2025-10-20,['Browsed']
CUST1009,P5014,5.0,1,2025-06-09,['Bought']
CUST1009,P5019,1.0,1,2025-11-05,['Browsed']
CUST1009,P5020,3.0,1,2026-05-14,['Added_to_Cart']
CUST1009,P5045,1.0,1,2025-09-05,['Browsed']
CUST1009,P5061,3.0,1,2026-07-15,['Added_to_Cart']
CUST1009,P5062,5.0,1,2025-12-22,['Bought']
CUST1009,P5063,5.0,1,2025-10-14,['Bought']
CUST1009,P5084,2.0,1,2026-01-31,['Wishlisted']
CUST1009,P5091,1.0,1,2025-11-02,['Browsed']
CUST1009,P5108,5.0,1,2026-03-31,['Bought']
CUST1009,P5113,1.0,1,2026-08-23,['Browsed']
CUST1009,P5118,2.0,1,2026-06-18,['Wishlisted']
CUST1009,P5132,5.0,1,2025-08-05,['Bought']
CUST1010,P5003,5.0,1,2025-10-03,['Bought']
CUST1010,P5040,7.0,3,2026-08-18,"['Bought', 'Reviewed', 'Support_Contact']"
CUST1010,P5048,5.0,1,2025-04-22,['Bought']
CUST1010,P5054,5.0,3,2026-08-22,"['Bought', 'Reviewed']"
CUST1010,P5083,3.0,1,2026-05-10,['Added_to_Cart']
CUST1010,P5094,6.0,2,2026-01-04,"['Bought', 'Browsed']"
CUST1010,P5111,1.0,1,2026-01-19,['Browsed']
CUST1010,P5119,1.0,1,2026-06-20,['Browsed']
CUST1010,P5129,3.0,1,2026-06-06,['Added_to_Cart']
CUST1010,P5134,5.0,1,2026-05-12,['Bought']
CUST1011,P5002,3.0,1,2026-07-16,['Added_to_Cart']
CUST1011,P5009,2.0,1,2025-11-26,['Wishlisted']
CUST1011,P5014,1.0,1,2026-02-02,['Browsed']
CUST1011,P5026,1.0,1,2026-03-23,['Browsed']
CUST1011,P5027,1.0,1,2025-10-10,['Browsed']
CUST1011,P5034,2.0,2,2026-06-20,['Browsed']
CUST1011,P5051,2.0,1,2025-12-04,['Wishlisted']
CUST1011,P5054,5.0,1,2026-06-22,['Bought']
CUST1011,P5060,1.0,1,2025-09-28,['Browsed']
CUST1011,P5062,2.0,1,2026-04-28,['Wishlisted']
CUST1011,P5064,1.0,1,2025-09-05,['Browsed']
CUST1011,P5070,3.0,1,2026-02-12,['Added_to_Cart']
CUST1011,P5088,5.0,2,2026-03-06,"['Added_to_Cart', 'Wishlisted']"
CUST1011,P5121,1.0,1,2025-09-18,['Browsed']
CUST1012,P5029,3.0,1,2026-08-23,['Added_to_Cart']
CUST1012,P5039,1.0,1,2026-04-26,['Browsed']
CUST1012,P5049,3.0,1,2026-03-26,['Added_to_Cart']
CUST1012,P5052,5.0,1,2026-02-04,['Bought']
CUST1012,P5070,1.0,1,2026-07-09,['Browsed']
CUST1012,P5071,3.0,1,2026-05-12,['Added_to_Cart']
CUST1012,P5083,2.0,1,2026-05-20,['Wishlisted']
CUST1012,P5101,1.0,1,2025-12-16,['Browsed']
CUST1012,P5124,16.0,6,2026-08-21,"['Bought', 'Returned', 'Reviewed']"
CUST1013,P5015,3.0,1,2026-05-07,['Added_to_Cart']
CUST1013,P5031,5.0,1,2025-09-20,['Bought']
CUST1013,P5038,2.0,1,2026-03-30,['Wishlisted']
CUST1013,P5039,2.0,1,2026-02-05,['Wishlisted']
CUST1013,P5041,3.0,1,2026-04-19,['Added_to_Cart']
CUST1013,P5042,3.0,1,2026-08-16,['Added_to_Cart']
CUST1013,P5043,3.0,3,2026-06-15,"['Bought', 'Returned', 'Support_Contact']"
CUST1013,P5045,3.0,1,2026-06-18,['Added_to_Cart']
CUST1013,P5049,3.0,2,2026-03-27,"['Bought', 'Returned']"
CUST1013,P5059,2.0,1,2026-05-05,['Wishlisted']
CUST1013,P5081,3.0,2,2026-03-12,"['Bought', 'Returned']"
CUST1013,P5094,3.0,1,2026-07-31,['Added_to_Cart']
CUST1013,P5098,3.0,1,2026-05-21,['Added_to_Cart']
CUST1013,P5108,3.0,1,2026-08-22,['Added_to_Cart']
CUST1013,P5113,5.0,1,2025-06-22,['Bought']
CUST1013,P5131,8.0,2,2026-06-09,"['Bought', 'Reviewed']"
CUST1014,P5005,3.0,1,2026-04-20,['Added_to_Cart']
CUST1014,P5028,3.0,1,2026-03-27,['Added_to_Cart']
CUST1014,P5037,5.0,1,2025-09-21,['Bought']
CUST1014,P5040,2.0,1,2026-04-12,['Wishlisted']
CUST1014,P5046,3.0,1,2026-06-23,['Added_to_Cart']
CUST1014,P5050,1.0,1,2025-11-26,['Browsed']
CUST1014,P5054,1.0,1,2025-10-04,['Browsed']
CUST1014,P5075,1.0,1,2026-07-04,['Browsed']
CUST1014,P5077,1.0,1,2026-01-28,['Browsed']
CUST1014,P5103,3.0,1,2026-02-08,['Added_to_Cart']
CUST1014,P5127,5.0,1,2026-02-05,['Bought']
CUST1014,P5137,3.0,2,2026-05-09,"['Bought', 'Returned']"
CUST1015,P5018,1.0,1,2026-02-07,['Browsed']
CUST1015,P5020,2.0,1,2025-12-11,['Wishlisted']
CUST1015,P5021,1.0,1,2026-03-05,['Browsed']
CUST1015,P5032,1.0,1,2025-10-16,['Browsed']
CUST1015,P5037,5.0,1,2025-10-22,['Bought']
CUST1015,P5055,3.0,1,2026-06-10,['Added_to_Cart']
CUST1015,P5075,5.0,1,2025-08-30,['Bought']
CUST1015,P5082,5.0,2,2026-05-04,"['Bought', 'Design_Converted']"
CUST1015,P5088,2.0,1,2025-11-25,['Wishlisted']
CUST1015,P5106,5.0,1,2025-10-13,['Bought']
CUST1015,P5111,2.0,1,2025-11-27,['Wishlisted']
CUST1016,P5015,1.0,1,2026-07-02,['Browsed']
CUST1016,P5044,1.0,1,2025-11-16,['Browsed']
CUST1016,P5052,1.0,1,2026-01-09,['Browsed']
CUST1016,P5059,3.0,1,2026-05-19,['Added_to_Cart']
CUST1016,P5065,5.0,1,2026-04-20,['Bought']
CUST1016,P5076,3.0,1,2026-05-19,['Added_to_Cart']
CUST1016,P5080,3.0,1,2026-04-09,['Added_to_Cart']
CUST1016,P5101,1.0,1,2025-10-13,['Browsed']
CUST1016,P5103,1.0,1,2026-06-18,['Browsed']
CUST1016,P5116,6.0,2,2026-06-14,"['Bought', 'Reviewed']"
CUST1016,P5120,1.0,1,2026-08-14,['Browsed']
CUST1016,P5123,1.0,1,2026-05-22,['Browsed']
CUST1016,P5130,1.0,1,2025-11-03,['Browsed']
CUST1016,P5131,5.0,1,2025-11-05,['Bought']
CUST1016,P5138,2.0,1,2026-04-21,['Wishlisted']
CUST1017,P5015,1.0,1,2026-07-10,['Browsed']
CUST1017,P5030,5.0,1,2025-11-06,['Bought']
CUST1017,P5036,1.0,1,2025-10-25,['Browsed']
CUST1017,P5041,1.0,1,2026-06-26,['Browsed']
CUST1017,P5061,2.0,1,2026-07-05,['Wishlisted']
CUST1017,P5068,1.0,1,2025-08-25,['Browsed']
CUST1017,P5077,3.0,1,2026-07-22,['Added_to_Cart']
CUST1017,P5087,9.0,2,2026-08-20,"['Bought', 'Reviewed']"
CUST1017,P5104,2.0,1,2026-01-24,['Wishlisted']
CUST1017,P5105,6.0,2,2026-02-14,"['Bought', 'Reviewed']"
CUST1017,P5113,5.0,1,2026-06-05,['Bought']
CUST1017,P5119,1.0,1,2026-04-06,['Browsed']
CUST1017,P5132,2.0,1,2026-02-09,['Wishlisted']
CUST1018,P5013,2.0,1,2025-11-18,['Wishlisted']
CUST1018,P5017,5.0,1,2026-02-22,['Bought']
CUST1018,P5026,5.0,1,2025-05-09,['Bought']
CUST1018,P5027,3.0,3,2026-03-24,"['Bought', 'Returned', 'Reviewed']"
CUST1018,P5032,3.0,1,2026-04-19,['Added_to_Cart']
CUST1018,P5038,1.0,1,2026-03-30,['Browsed']
CUST1018,P5051,5.0,2,2025-10-22,"['Bought', 'Support_Contact']"
CUST1018,P5064,5.0,1,2025-12-11,['Bought']
CUST1018,P5070,1.0,1,2026-05-01,['Browsed']
CUST1018,P5071,3.0,2,2025-08-16,"['Bought', 'Returned']"
CUST1018,P5092,1.0,1,2025-09-17,['Browsed']
CUST1018,P5097,3.0,1,2026-07-07,['Added_to_Cart']
CUST1018,P5125,3.0,1,2026-06-19,['Added_to_Cart']
CUST1018,P5127,9.0,3,2026-08-16,"['Bought', 'Reviewed', 'Support_Contact']"
CUST1019,P5020,1.0,1,2025-11-01,['Browsed']
CUST1019,P5022,1.0,1,2026-03-18,['Browsed']
CUST1019,P5036,3.0,1,2026-03-05,['Added_to_Cart']
CUST1019,P5047,3.0,1,2026-08-11,['Added_to_Cart']
CUST1019,P5052,2.0,1,2026-05-17,['Wishlisted']
CUST1019,P5056,1.0,1,2025-09-19,['Browsed']
CUST1019,P5065,3.0,1,2026-03-10,['Added_to_Cart']
CUST1019,P5076,0.0,1,2026-06-29,['Design_Converted']
CUST1019,P5077,5.0,1,2025-04-12,['Bought']
CUST1019,P5125,1.0,1,2025-12-25,['Browsed']
CUST1020,P5004,1.0,1,2026-02-05,['Browsed']
CUST1020,P5016,1.0,1,2026-03-14,['Browsed']
CUST1020,P5022,1.0,1,2026-08-10,['Browsed']
CUST1020,P5027,3.0,1,2026-03-23,['Added_to_Cart']
CUST1020,P5044,1.0,1,2025-09-22,['Browsed']
CUST1020,P5060,5.0,1,2025-07-29,['Bought']
CUST1020,P5071,5.0,1,2025-09-04,['Bought']
CUST1020,P5088,5.0,1,2025-10-25,['Bought']
CUST1020,P5099,3.0,1,2026-04-19,['Added_to_Cart']
CUST1020,P5101,5.0,1,2025-10-27,['Bought']
CUST1020,P5104,1.0,1,2025-09-02,['Browsed']
CUST1020,P5109,1.0,1,2025-10-01,['Browsed']
CUST1020,P5113,2.0,1,2026-01-17,['Wishlisted']
CUST1020,P5120,1.0,1,2026-03-08,['Browsed']
CUST1020,P5121,3.0,1,2026-02-12,['Added_to_Cart']
CUST1020,P5136,2.0,2,2026-03-22,['Browsed']
CUST1021,P5019,7.0,4,2025-11-06,"['Bought', 'Reviewed', 'Support_Contact']"
CUST1021,P5041,2.0,1,2026-02-16,['Wishlisted']
CUST1021,P5074,1.0,1,2025-12-05,['Browsed']
CUST1021,P5101,1.0,1,2025-09-13,['Browsed']
CUST1021,P5128,13.0,5,2026-03-08,"['Bought', 'Returned', 'Reviewed']"
CUST1021,P5129,1.0,1,2026-03-22,['Browsed']
CUST1021,P5134,5.0,1,2026-05-07,['Bought']
CUST1022,P5007,5.0,1,2025-05-20,['Bought']
CUST1022,P5046,1.0,1,2026-08-10,['Browsed']
CUST1022,P5073,1.0,1,2026-03-07,['Browsed']
CUST1022,P5084,3.0,1,2026-08-11,['Added_to_Cart']
CUST1022,P5105,1.0,1,2025-10-12,['Browsed']
CUST1022,P5117,1.0,1,2026-04-06,['Browsed']
CUST1022,P5121,7.0,2,2026-07-19,"['Bought', 'Wishlisted']"
CUST1023,P5008,3.0,1,2026-03-06,['Added_to_Cart']
CUST1023,P5015,3.0,1,2026-07-22,['Added_to_Cart']
CUST1023,P5030,3.0,1,2026-06-08,['Added_to_Cart']
CUST1023,P5032,1.0,1,2025-10-04,['Browsed']
CUST1023,P5035,10.0,4,2026-01-10,"['Bought', 'Returned', 'Reviewed']"
CUST1023,P5036,5.0,1,2026-07-25,['Bought']
CUST1023,P5046,2.0,1,2026-01-01,['Wishlisted']
CUST1023,P5048,2.0,1,2025-12-22,['Wishlisted']
CUST1023,P5058,3.0,1,2026-06-07,['Added_to_Cart']
CUST1023,P5060,2.0,1,2026-02-04,['Wishlisted']
CUST1023,P5069,1.0,1,2026-08-10,['Browsed']
CUST1023,P5075,3.0,1,2026-02-14,['Added_to_Cart']
CUST1023,P5081,5.0,1,2025-04-11,['Bought']
CUST1023,P5082,1.0,1,2026-05-23,['Browsed']
CUST1023,P5095,1.0,1,2026-03-29,['Browsed']
CUST1023,P5120,1.0,1,2026-07-18,['Browsed']
CUST1023,P5130,1.0,1,2025-09-09,['Browsed']
CUST1024,P5012,5.0,1,2025-10-06,['Bought']
CUST1024,P5024,3.0,1,2026-03-08,['Added_to_Cart']
CUST1024,P5027,3.0,2,2025-11-11,"['Bought', 'Returned']"
CUST1024,P5035,3.0,1,2026-05-16,['Added_to_Cart']
CUST1024,P5040,1.0,1,2026-05-15,['Browsed']
CUST1024,P5046,8.0,2,2025-11-26,"['Bought', 'Reviewed']"
CUST1024,P5047,1.0,1,2026-01-25,['Browsed']
CUST1024,P5049,1.0,1,2025-09-09,['Browsed']
CUST1024,P5090,5.0,1,2025-07-12,['Bought']
CUST1024,P5102,5.0,1,2025-10-28,['Bought']
CUST1025,P5023,1.0,1,2026-05-17,['Browsed']
CUST1025,P5026,1.0,1,2026-05-02,['Browsed']
CUST1025,P5027,2.0,1,2026-02-24,['Wishlisted']
CUST1025,P5029,5.0,1,2026-02-12,['Bought']
CUST1025,P5030,1.0,1,2026-04-23,['Browsed']
CUST1025,P5042,1.0,1,2025-12-09,['Browsed']
CUST1025,P5053,1.0,1,2025-12-28,['Browsed']
CUST1025,P5057,2.0,1,2026-08-22,['Wishlisted']
CUST1025,P5067,1.0,1,2026-08-16,['Browsed']
CUST1025,P5097,5.0,1,2026-03-30,['Bought']
CUST1025,P5098,2.0,1,2025-11-16,['Wishlisted']
CUST1025,P5103,1.0,1,2026-01-14,['Browsed']
CUST1025,P5110,3.0,1,2026-08-05,['Added_to_Cart']
CUST1025,P5118,3.0,1,2026-02-08,['Added_to_Cart']
CUST1025,P5122,1.0,1,2026-02-05,['Browsed']
CUST1025,P5138,5.0,1,2025-06-06,['Bought']
CUST1026,P5008,1.0,1,2026-04-12,['Browsed']
CUST1026,P5031,1.0,1,2025-10-21,['Browsed']
CUST1026,P5036,1.0,1,2026-06-24,['Browsed']
CUST1026,P5037,5.0,1,2025-09-03,['Bought']
CUST1026,P5047,1.0,1,2026-07-16,['Browsed']
CUST1026,P5060,3.0,2,2026-05-29,"['Bought', 'Returned']"
CUST1026,P5062,1.0,1,2025-11-11,['Browsed']
CUST1026,P5064,1.0,1,2026-03-06,['Browsed']
CUST1026,P5070,1.0,1,2025-11-21,['Browsed']
CUST1026,P5107,1.0,1,2026-08-12,['Browsed']
CUST1026,P5110,3.0,1,2026-03-29,['Added_to_Cart']
CUST1026,P5117,5.0,1,2026-01-08,['Bought']
CUST1026,P5124,1.0,1,2026-04-02,['Browsed']
CUST1026,P5127,1.0,1,2026-04-01,['Browsed']
CUST1026,P5129,2.0,1,2026-03-21,['Wishlisted']
CUST1026,P5131,3.0,1,2026-05-21,['Added_to_Cart']
CUST1027,P5005,1.0,1,2026-03-22,['Browsed']
CUST1027,P5016,1.0,1,2026-06-28,['Browsed']
CUST1027,P5028,1.0,1,2026-01-11,['Browsed']
CUST1027,P5042,5.0,1,2025-04-18,['Bought']
CUST1027,P5053,0.0,1,2026-02-26,['Design_Converted']
CUST1027,P5073,2.0,1,2026-08-16,['Wishlisted']
CUST1027,P5087,1.0,1,2025-10-10,['Browsed']
CUST1027,P5095,5.0,1,2026-02-16,['Bought']
CUST1027,P5113,5.0,3,2026-01-18,"['Bought', 'Returned', 'Reviewed']"
CUST1027,P5115,3.0,1,2026-02-25,['Added_to_Cart']
CUST1028,P5016,3.0,1,2026-04-28,['Added_to_Cart']
CUST1028,P5017,0.0,1,2026-08-04,['Design_Converted']
CUST1028,P5029,0.0,2,2026-07-24,"['Design_Converted', 'Support_Contact']"
CUST1028,P5048,2.0,1,2026-01-11,['Wishlisted']
CUST1028,P5056,3.0,1,2026-02-12,['Added_to_Cart']
CUST1028,P5072,5.0,1,2026-06-09,['Bought']
CUST1028,P5075,2.0,1,2026-03-12,['Wishlisted']
CUST1028,P5082,1.0,1,2026-05-29,['Browsed']
CUST1028,P5092,5.0,1,2025-07-26,['Bought']
CUST1028,P5099,3.0,1,2026-06-29,['Added_to_Cart']
CUST1028,P5116,2.0,1,2026-01-03,['Wishlisted']
CUST1028,P5126,1.0,1,2026-07-06,['Browsed']
CUST1028,P5138,5.0,1,2026-05-26,['Bought']
CUST1029,P5010,5.0,1,2025-04-20,['Bought']
CUST1029,P5043,5.0,1,2026-05-22,['Bought']
CUST1029,P5054,5.0,1,2026-05-29,['Bought']
CUST1029,P5055,2.0,1,2026-03-30,['Wishlisted']
CUST1029,P5061,1.0,1,2025-12-07,['Browsed']
CUST1029,P5071,1.0,1,2026-08-18,['Browsed']
CUST1029,P5074,0.0,1,2026-08-07,['Design_Converted']
CUST1029,P5077,2.0,1,2025-11-24,['Wishlisted']
CUST1029,P5078,2.0,1,2026-07-20,['Wishlisted']
CUST1029,P5080,6.0,2,2026-05-28,"['Bought', 'Browsed']"
CUST1029,P5081,3.0,1,2026-02-26,['Added_to_Cart']
CUST1029,P5117,1.0,1,2025-11-19,['Browsed']
CUST1029,P5135,1.0,1,2025-11-20,['Browsed']
CUST1030,P5004,3.0,1,2026-07-15,['Added_to_Cart']
CUST1030,P5042,2.0,1,2026-04-29,['Wishlisted']
CUST1030,P5073,3.0,3,2026-01-10,['Browsed']
CUST1030,P5089,1.0,1,2025-09-07,['Browsed']
CUST1030,P5093,7.0,3,2026-04-13,"['Bought', 'Reviewed', 'Support_Contact']"
CUST1030,P5100,1.0,1,2025-12-30,['Browsed']
CUST1030,P5129,1.0,1,2026-07-12,['Browsed']
CUST1031,P5004,5.0,1,2025-10-01,['Bought']
CUST1031,P5005,1.0,1,2026-08-20,['Browsed']
CUST1031,P5009,5.0,1,2025-11-17,['Bought']
CUST1031,P5022,3.0,1,2026-06-28,['Added_to_Cart']
CUST1031,P5028,3.0,1,2026-06-19,['Added_to_Cart']
CUST1031,P5037,2.0,1,2026-07-26,['Wishlisted']
CUST1031,P5048,1.0,1,2026-06-06,['Browsed']
CUST1031,P5057,5.0,1,2026-07-21,['Bought']
CUST1031,P5077,5.0,1,2026-02-16,['Bought']
CUST1031,P5079,1.0,1,2026-08-12,['Browsed']
CUST1031,P5091,2.0,1,2025-11-28,['Wishlisted']
CUST1031,P5098,3.0,1,2026-03-26,['Added_to_Cart']
CUST1031,P5103,2.0,1,2026-05-27,['Wishlisted']
CUST1031,P5137,5.0,2,2026-01-03,"['Bought', 'Reviewed']"
CUST1032,P5001,3.0,1,2026-04-30,['Added_to_Cart']
CUST1032,P5030,1.0,1,2025-12-07,['Browsed']
CUST1032,P5039,3.0,1,2026-07-29,['Added_to_Cart']
CUST1032,P5047,5.0,5,2025-12-16,"['Bought', 'Returned', 'Reviewed', 'Support_Contact']"
CUST1032,P5055,2.0,2,2026-04-13,['Browsed']
CUST1032,P5058,1.0,1,2025-12-02,['Browsed']
CUST1032,P5072,2.0,1,2026-03-13,['Wishlisted']
CUST1032,P5080,3.0,1,2026-03-25,['Added_to_Cart']
CUST1032,P5095,5.0,1,2026-01-09,['Bought']
CUST1032,P5106,1.0,1,2026-06-19,['Browsed']
CUST1032,P5109,2.0,5,2025-11-20,"['Bought', 'Returned', 'Reviewed']"
CUST1032,P5111,3.0,1,2026-03-24,['Added_to_Cart']
CUST1032,P5121,1.0,1,2026-02-06,['Browsed']
CUST1032,P5132,5.0,1,2025-12-14,['Bought']
CUST1033,P5006,3.0,1,2026-06-27,['Added_to_Cart']
CUST1033,P5039,6.0,2,2026-03-20,"['Bought', 'Browsed']"
CUST1033,P5053,7.0,3,2026-07-12,"['Bought', 'Returned', 'Reviewed']"
CUST1033,P5058,1.0,1,2026-06-10,['Browsed']
CUST1033,P5059,1.0,1,2026-06-12,['Browsed']
CUST1033,P5063,1.0,1,2026-06-19,['Browsed']
CUST1033,P5087,2.0,1,2026-04-25,['Wishlisted']
CUST1033,P5090,5.0,1,2026-02-23,['Bought']
CUST1033,P5109,1.0,1,2026-03-16,['Browsed']
CUST1033,P5110,3.0,1,2026-04-21,['Added_to_Cart']
CUST1033,P5113,1.0,1,2026-04-07,['Browsed']
CUST1033,P5116,3.0,1,2026-02-25,['Added_to_Cart']
CUST1033,P5125,5.0,2,2025-11-28,"['Bought', 'Support_Contact']"
CUST1034,P5011,3.0,1,2026-06-30,['Added_to_Cart']
CUST1034,P5012,2.0,1,2026-06-11,['Wishlisted']
CUST1034,P5047,5.0,1,2025-05-03,['Bought']
CUST1034,P5068,3.0,1,2026-04-16,['Added_to_Cart']
CUST1034,P5075,6.0,2,2026-08-02,"['Bought', 'Browsed']"
CUST1034,P5082,1.0,1,2026-01-06,['Browsed']
CUST1034,P5106,1.0,1,2026-06-15,['Browsed']
CUST1034,P5108,1.0,1,2026-01-24,['Browsed']
CUST1034,P5127,2.0,1,2026-01-16,['Wishlisted']
CUST1034,P5135,1.0,1,2025-11-15,['Browsed']
CUST1035,P5002,5.0,1,2025-09-09,['Bought']
CUST1035,P5011,1.0,1,2026-03-02,['Browsed']
CUST1035,P5049,1.0,1,2025-11-01,['Browsed']
CUST1035,P5065,1.0,1,2026-03-21,['Browsed']
CUST1035,P5073,3.0,1,2026-06-26,['Added_to_Cart']
CUST1035,P5076,3.0,1,2026-06-01,['Added_to_Cart']
CUST1035,P5102,6.0,2,2026-02-22,"['Bought', 'Browsed']"
CUST1035,P5104,2.0,1,2026-04-06,['Wishlisted']
CUST1035,P5107,5.0,1,2026-06-04,['Bought']
CUST1035,P5109,3.0,1,2026-05-04,['Added_to_Cart']
CUST1035,P5110,1.0,1,2026-03-25,['Browsed']
CUST1035,P5117,3.0,1,2026-02-20,['Added_to_Cart']
CUST1035,P5125,1.0,1,2026-04-07,['Browsed']
CUST1036,P5027,5.0,1,2026-06-05,['Bought']
CUST1036,P5028,1.0,1,2026-04-20,['Browsed']
CUST1036,P5044,1.0,1,2026-04-26,['Browsed']
CUST1036,P5076,3.0,1,2026-07-04,['Added_to_Cart']
CUST1036,P5085,1.0,2,2026-06-25,"['Browsed', 'Design_Converted']"
CUST1036,P5089,7.0,2,2026-01-18,"['Bought', 'Reviewed']"
CUST1036,P5125,5.0,1,2025-05-23,['Bought']
CUST1036,P5127,1.0,1,2026-04-05,['Browsed']
CUST1037,P5012,1.0,1,2026-04-17,['Browsed']
CUST1037,P5020,3.0,1,2026-03-02,['Added_to_Cart']
CUST1037,P5048,1.0,1,2025-11-29,['Browsed']
CUST1037,P5061,1.0,1,2026-06-29,['Browsed']
CUST1037,P5069,3.0,2,2025-10-16,"['Bought', 'Returned']"
CUST1037,P5070,6.0,2,2026-06-18,"['Bought', 'Browsed']"
CUST1037,P5072,1.0,1,2025-08-25,['Browsed']
CUST1037,P5080,1.0,1,2025-10-24,['Browsed']
CUST1037,P5085,1.0,1,2026-06-05,['Browsed']
CUST1037,P5087,1.0,1,2026-08-01,['Browsed']
CUST1037,P5097,5.0,2,2026-05-29,"['Bought', 'Support_Contact']"
CUST1037,P5109,1.0,1,2026-01-31,['Browsed']
CUST1037,P5131,2.0,1,2026-06-08,['Wishlisted']
CUST1038,P5015,1.0,1,2026-05-22,['Browsed']
CUST1038,P5030,5.0,1,2026-06-03,['Bought']
CUST1038,P5039,5.0,1,2026-01-06,['Bought']
CUST1038,P5052,3.0,1,2026-03-05,['Added_to_Cart']
CUST1038,P5062,1.0,1,2026-04-26,['Browsed']
CUST1038,P5067,1.0,1,2026-02-02,['Browsed']
CUST1038,P5076,1.0,1,2026-04-25,['Browsed']
CUST1038,P5077,3.0,1,2026-08-10,['Added_to_Cart']
CUST1038,P5109,5.0,1,2025-08-08,['Bought']
CUST1038,P5122,1.0,1,2026-02-06,['Browsed']
CUST1039,P5001,6.0,3,2026-07-29,"['Bought', 'Browsed', 'Support_Contact']"
CUST1039,P5043,3.0,1,2026-02-16,['Added_to_Cart']
CUST1039,P5054,1.0,1,2026-01-23,['Browsed']
CUST1039,P5061,7.0,2,2026-07-29,"['Bought', 'Reviewed']"
CUST1039,P5077,15.0,5,2026-04-22,"['Bought', 'Reviewed', 'Support_Contact']"
CUST1039,P5079,2.0,1,2026-04-03,['Wishlisted']
CUST1039,P5082,1.0,1,2026-03-25,['Browsed']
CUST1039,P5089,2.0,1,2026-01-05,['Wishlisted']
CUST1039,P5095,1.0,1,2026-05-30,['Browsed']
CUST1039,P5114,3.0,1,2026-05-17,['Added_to_Cart']
CUST1039,P5115,3.0,1,2026-05-11,['Added_to_Cart']
CUST1039,P5121,2.0,1,2026-02-18,['Wishlisted']
CUST1039,P5129,3.0,1,2026-07-03,['Added_to_Cart']
CUST1039,P5131,1.0,1,2026-06-22,['Browsed']
CUST1039,P5138,1.0,1,2026-01-22,['Browsed']
CUST1040,P5001,5.0,1,2026-02-22,['Bought']
CUST1040,P5002,1.0,1,2026-04-14,['Browsed']
CUST1040,P5011,5.0,4,2026-08-17,"['Bought', 'Returned', 'Reviewed', 'Support_Contact']"
CUST1040,P5019,3.0,1,2026-05-29,['Added_to_Cart']
CUST1040,P5039,2.0,2,2026-07-27,['Browsed']
CUST1040,P5045,1.0,1,2025-10-12,['Browsed']
CUST1040,P5061,1.0,1,2026-07-09,['Browsed']
CUST1040,P5065,1.0,1,2025-08-29,['Browsed']
CUST1040,P5068,3.0,1,2026-05-03,['Added_to_Cart']
CUST1040,P5071,2.0,1,2026-05-23,['Wishlisted']
CUST1040,P5080,3.0,1,2026-03-27,['Added_to_Cart']
CUST1040,P5084,1.0,1,2026-05-27,['Browsed']
CUST1040,P5119,3.0,1,2026-08-15,['Added_to_Cart']
CUST1040,P5128,7.0,2,2026-08-19,"['Bought', 'Reviewed']"
CUST1041,P5001,5.0,1,2025-12-13,['Bought']
CUST1041,P5007,2.0,1,2026-07-13,['Wishlisted']
CUST1041,P5010,2.0,1,2026-01-02,['Wishlisted']
CUST1041,P5031,1.0,1,2026-07-11,['Browsed']
CUST1041,P5058,1.0,1,2026-06-14,['Browsed']
CUST1041,P5082,3.0,1,2026-08-06,['Added_to_Cart']
CUST1041,P5090,4.0,2,2026-06-10,"['Added_to_Cart', 'Browsed']"
CUST1041,P5096,6.0,3,2025-11-28,"['Bought', 'Returned', 'Reviewed']"
CUST1041,P5121,2.0,1,2025-12-14,['Wishlisted']
CUST1041,P5126,2.0,1,2025-10-31,['Wishlisted']
CUST1041,P5130,1.0,1,2025-11-28,['Browsed']
CUST1041,P5137,1.0,1,2025-12-19,['Browsed']
CUST1041,P5138,5.0,1,2025-07-15,['Bought']
CUST1042,P5017,9.0,7,2026-02-01,"['Bought', 'Browsed', 'Returned', 'Reviewed']"
CUST1042,P5091,3.0,1,2026-03-16,['Added_to_Cart']
CUST1042,P5096,5.0,1,2025-05-06,['Bought']
CUST1042,P5106,1.0,1,2026-01-09,['Browsed']
CUST1042,P5111,1.0,1,2025-11-29,['Browsed']
CUST1042,P5116,4.0,2,2026-08-02,"['Added_to_Cart', 'Browsed']"
CUST1042,P5121,5.0,1,2025-09-06,['Bought']
CUST1043,P5002,1.0,1,2026-01-20,['Browsed']
CUST1043,P5041,5.0,2,2026-06-04,"['Bought', 'Support_Contact']"
CUST1043,P5070,0.0,1,2026-07-22,['Design_Converted']
CUST1043,P5117,5.0,1,2025-11-24,['Bought']
CUST1043,P5119,1.0,1,2026-07-02,['Browsed']
CUST1043,P5121,3.0,1,2026-03-14,['Added_to_Cart']
CUST1043,P5123,2.0,1,2026-06-14,['Wishlisted']
CUST1043,P5135,1.0,1,2026-04-05,['Browsed']
CUST1043,P5137,1.0,1,2026-08-15,['Browsed']
CUST1044,P5004,1.0,1,2026-01-25,['Browsed']
CUST1044,P5017,3.0,1,2026-03-22,['Added_to_Cart']
CUST1044,P5024,5.0,1,2025-10-29,['Bought']
CUST1044,P5041,1.0,1,2026-02-24,['Browsed']
CUST1044,P5044,3.0,1,2026-08-02,['Added_to_Cart']
CUST1044,P5052,3.0,1,2026-02-12,['Added_to_Cart']
CUST1044,P5061,5.0,1,2026-07-18,['Bought']
CUST1044,P5064,3.0,1,2026-05-19,['Added_to_Cart']
CUST1044,P5070,1.0,1,2026-05-27,['Browsed']
CUST1044,P5071,3.0,1,2026-08-02,['Added_to_Cart']
CUST1044,P5073,1.0,1,2026-01-11,['Browsed']
CUST1044,P5079,1.0,1,2026-06-03,['Browsed']
CUST1044,P5089,1.0,1,2026-03-14,['Browsed']
CUST1044,P5090,1.0,1,2026-06-07,['Browsed']
CUST1044,P5103,1.0,1,2026-01-25,['Browsed']
CUST1044,P5105,1.0,1,2026-08-24,['Browsed']
CUST1044,P5133,1.0,1,2026-06-06,['Browsed']
CUST1045,P5004,1.0,1,2025-12-06,['Browsed']
CUST1045,P5011,3.0,1,2026-06-20,['Added_to_Cart']
CUST1045,P5013,1.0,1,2025-10-16,['Browsed']
CUST1045,P5018,2.0,1,2025-12-13,['Wishlisted']
CUST1045,P5019,1.0,1,2026-05-17,['Browsed']
CUST1045,P5020,1.0,1,2026-02-06,['Browsed']
CUST1045,P5028,1.0,1,2025-12-18,['Browsed']
CUST1045,P5036,5.0,1,2026-03-09,['Bought']
CUST1045,P5041,5.0,1,2026-06-07,['Bought']
CUST1045,P5057,3.0,1,2026-08-15,['Added_to_Cart']
CUST1045,P5069,3.0,1,2026-04-13,['Added_to_Cart']
CUST1045,P5071,5.0,2,2026-01-14,"['Bought', 'Support_Contact']"
CUST1045,P5073,2.0,1,2026-08-12,['Wishlisted']
CUST1045,P5092,5.0,1,2025-05-08,['Bought']
CUST1045,P5093,1.0,1,2025-10-20,['Browsed']
CUST1045,P5112,2.0,1,2026-05-17,['Wishlisted']
CUST1045,P5130,1.0,1,2026-06-16,['Browsed']
CUST1046,P5005,5.0,1,2025-10-11,['Bought']
CUST1046,P5026,3.0,1,2026-06-25,['Added_to_Cart']
CUST1046,P5028,7.0,5,2026-06-02,"['Bought', 'Browsed', 'Returned', 'Reviewed']"
CUST1046,P5031,1.0,1,2026-04-22,['Browsed']
CUST1046,P5034,2.0,1,2026-05-08,['Wishlisted']
CUST1046,P5042,3.0,1,2026-03-18,['Added_to_Cart']
CUST1046,P5061,2.0,1,2026-04-20,['Wishlisted']
CUST1046,P5069,2.0,1,2026-08-09,['Wishlisted']
CUST1046,P5083,3.0,1,2026-05-17,['Added_to_Cart']
CUST1046,P5116,3.0,1,2026-02-06,['Added_to_Cart']
CUST1046,P5121,2.0,1,2025-12-30,['Wishlisted']
CUST1046,P5123,3.0,1,2026-02-27,['Added_to_Cart']
CUST1047,P5001,1.0,1,2025-11-20,['Browsed']
CUST1047,P5041,2.0,1,2025-11-18,['Wishlisted']
CUST1047,P5052,3.0,1,2026-08-08,['Added_to_Cart']
CUST1047,P5056,1.0,1,2025-09-14,['Browsed']
CUST1047,P5066,1.0,1,2026-03-19,['Browsed']
CUST1047,P5083,2.0,1,2026-03-05,['Wishlisted']
CUST1047,P5092,-2.0,2,2026-07-26,"['Design_Converted', 'Returned']"
CUST1047,P5116,1.0,1,2026-08-06,['Browsed']
CUST1047,P5120,5.0,1,2025-08-25,['Bought']
CUST1047,P5124,3.0,1,2026-03-19,['Added_to_Cart']
CUST1047,P5137,1.0,1,2025-10-30,['Browsed']
CUST1048,P5017,5.0,1,2025-04-14,['Bought']
CUST1048,P5056,2.0,1,2026-03-21,['Wishlisted']
CUST1048,P5057,1.0,1,2026-07-23,['Browsed']
CUST1048,P5066,1.0,1,2026-05-29,['Browsed']
CUST1048,P5104,2.0,1,2026-07-11,['Wishlisted']
CUST1048,P5119,3.0,1,2026-04-15,['Added_to_Cart']
CUST1048,P5122,12.0,3,2026-08-23,"['Bought', 'Reviewed']"
CUST1048,P5125,1.0,1,2025-09-28,['Browsed']
CUST1049,P5001,1.0,1,2025-11-30,['Browsed']
CUST1049,P5022,3.0,1,2026-05-30,['Added_to_Cart']
CUST1049,P5026,1.0,1,2026-04-08,['Browsed']
CUST1049,P5028,8.0,2,2026-08-21,"['Bought', 'Reviewed']"
CUST1049,P5031,5.0,1,2026-02-10,['Bought']
CUST1049,P5063,3.0,1,2026-03-14,['Added_to_Cart']
CUST1049,P5070,7.0,2,2026-07-27,"['Bought', 'Reviewed']"
CUST1049,P5080,9.0,2,2026-08-22,"['Bought', 'Reviewed']"
CUST1049,P5112,1.0,1,2026-07-19,['Browsed']
CUST1049,P5124,1.0,1,2026-01-22,['Browsed']
CUST1049,P5125,1.0,1,2026-08-17,['Browsed']
CUST1049,P5128,3.0,1,2026-04-09,['Added_to_Cart']
CUST1049,P5133,3.0,1,2026-06-11,['Added_to_Cart']
CUST1049,P5134,5.0,1,2026-01-11,['Bought']
CUST1050,P5002,1.0,1,2026-01-09,['Browsed']
CUST1050,P5003,1.0,1,2026-07-26,['Browsed']
CUST1050,P5005,5.0,2,2026-05-10,"['Bought', 'Support_Contact']"
CUST1050,P5015,3.0,1,2026-08-16,['Added_to_Cart']
CUST1050,P5031,1.0,1,2025-09-16,['Browsed']
CUST1050,P5033,3.0,1,2026-06-12,['Added_to_Cart']
CUST1050,P5045,2.0,1,2026-07-28,['Wishlisted']
CUST1050,P5046,5.0,1,2025-11-18,['Bought']
CUST1050,P5053,3.0,1,2026-03-01,['Added_to_Cart']
CUST1050,P5054,5.0,1,2026-07-18,['Bought']
CUST1050,P5066,2.0,1,2026-08-14,['Wishlisted']
CUST1050,P5067,2.0,1,2026-08-24,['Wishlisted']
CUST1050,P5071,5.0,1,2026-05-09,['Bought']
CUST1050,P5096,3.0,1,2026-08-18,['Added_to_Cart']
CUST1050,P5113,1.0,1,2026-03-18,['Browsed']
CUST1050,P5122,3.0,1,2026-08-01,['Added_to_Cart']
CUST1051,P5002,2.0,1,2025-11-18,['Wishlisted']
CUST1051,P5006,1.0,1,2026-04-23,['Browsed']
CUST1051,P5008,5.0,1,2026-01-27,['Bought']
CUST1051,P5030,0.0,1,2026-03-18,['Design_Converted']
CUST1051,P5080,3.0,1,2026-04-06,['Added_to_Cart']
CUST1051,P5099,5.0,1,2025-05-19,['Bought']
CUST1051,P5103,4.0,3,2026-07-28,"['Browsed', 'Wishlisted']"
CUST1051,P5107,3.0,2,2026-02-16,"['Bought', 'Returned']"
CUST1051,P5108,2.0,1,2025-12-18,['Wishlisted']
CUST1051,P5126,3.0,1,2026-07-29,['Added_to_Cart']
CUST1052,P5039,3.0,1,2026-05-05,['Added_to_Cart']
CUST1052,P5052,1.0,1,2026-05-27,['Browsed']
CUST1052,P5059,1.0,1,2025-09-25,['Browsed']
CUST1052,P5097,8.0,3,2026-03-13,"['Added_to_Cart', 'Bought', 'Support_Contact']"
CUST1052,P5131,1.0,1,2026-06-11,['Browsed']
CUST1052,P5132,7.0,2,2026-08-17,"['Bought', 'Reviewed']"
CUST1053,P5006,1.0,1,2026-01-11,['Browsed']
CUST1053,P5013,3.0,1,2026-03-22,['Added_to_Cart']
CUST1053,P5017,1.0,1,2026-03-17,['Browsed']
CUST1053,P5023,1.0,1,2026-06-02,['Browsed']
CUST1053,P5032,2.0,1,2026-06-24,['Wishlisted']
CUST1053,P5042,3.0,1,2026-03-26,['Added_to_Cart']
CUST1053,P5043,1.0,1,2025-09-17,['Browsed']
CUST1053,P5053,3.0,1,2026-07-08,['Added_to_Cart']
CUST1053,P5058,7.0,2,2025-12-26,"['Bought', 'Reviewed']"
CUST1053,P5065,1.0,1,2026-04-09,['Browsed']
CUST1053,P5069,1.0,1,2026-01-04,['Browsed']
CUST1053,P5086,6.0,5,2026-08-23,"['Design_Converted', 'Returned', 'Reviewed']"
CUST1053,P5093,3.0,1,2026-02-17,['Added_to_Cart']
CUST1053,P5100,3.0,2,2025-05-17,"['Bought', 'Returned']"
CUST1053,P5103,1.0,1,2026-01-24,['Browsed']
CUST1053,P5106,1.0,1,2026-03-08,['Browsed']
CUST1053,P5107,5.0,1,2026-06-25,['Bought']
CUST1053,P5113,2.0,1,2026-01-14,['Wishlisted']
CUST1053,P5116,3.0,1,2026-05-24,['Added_to_Cart']
CUST1053,P5117,2.0,1,2026-01-06,['Wishlisted']
CUST1053,P5122,6.0,2,2025-11-03,"['Bought', 'Browsed']"
CUST1054,P5005,2.0,1,2026-05-31,['Wishlisted']
CUST1054,P5012,3.0,1,2026-05-11,['Added_to_Cart']
CUST1054,P5017,4.0,2,2026-07-14,"['Added_to_Cart', 'Browsed']"
CUST1054,P5019,7.0,4,2026-03-16,"['Bought', 'Reviewed', 'Support_Contact']"
CUST1054,P5024,1.0,1,2025-11-25,['Browsed']
CUST1054,P5032,3.0,1,2026-04-10,['Added_to_Cart']
CUST1054,P5036,1.0,1,2026-05-07,['Browsed']
CUST1054,P5046,1.0,1,2026-08-04,['Browsed']
CUST1054,P5049,4.0,2,2026-04-02,"['Added_to_Cart', 'Browsed']"
CUST1054,P5051,3.0,1,2026-04-01,['Added_to_Cart']
CUST1054,P5053,3.0,1,2026-04-03,['Added_to_Cart']
CUST1054,P5062,1.0,1,2026-08-06,['Browsed']
CUST1054,P5065,8.0,2,2026-08-16,"['Bought', 'Reviewed']"
CUST1054,P5088,2.0,1,2026-03-10,['Wishlisted']
CUST1054,P5094,1.0,1,2026-08-15,['Browsed']
CUST1054,P5098,3.0,1,2026-05-11,['Added_to_Cart']
CUST1054,P5121,5.0,2,2026-03-22,"['Added_to_Cart', 'Wishlisted']"
CUST1054,P5134,4.0,2,2026-07-05,"['Added_to_Cart', 'Browsed']"
CUST1055,P5011,1.0,1,2026-08-09,['Browsed']
CUST1055,P5033,5.0,1,2025-10-05,['Bought']
CUST1055,P5055,1.0,1,2025-11-25,['Browsed']
CUST1055,P5062,5.0,1,2025-06-21,['Bought']
CUST1055,P5066,2.0,1,2026-06-25,['Wishlisted']
CUST1055,P5077,1.0,1,2026-01-28,['Browsed']
CUST1055,P5082,7.0,2,2026-04-19,"['Bought', 'Wishlisted']"
CUST1055,P5092,5.0,1,2025-06-10,['Bought']
CUST1055,P5098,1.0,1,2026-07-18,['Browsed']
CUST1055,P5102,5.0,1,2025-07-29,['Bought']
CUST1055,P5104,5.0,7,2026-08-21,"['Bought', 'Browsed', 'Returned', 'Reviewed', 'Support_Contact']"
CUST1055,P5116,7.0,2,2026-06-30,"['Bought', 'Reviewed']"
CUST1056,P5006,1.0,1,2026-05-28,['Browsed']
CUST1056,P5018,2.0,1,2026-01-09,['Wishlisted']
CUST1056,P5022,1.0,1,2026-01-21,['Browsed']
CUST1056,P5024,8.0,2,2025-11-11,"['Bought', 'Reviewed']"
CUST1056,P5037,-2.0,2,2026-07-08,"['Design_Converted', 'Returned']"
CUST1056,P5041,2.0,1,2026-01-30,['Wishlisted']
CUST1056,P5042,1.0,1,2025-11-12,['Browsed']
CUST1056,P5045,1.0,1,2026-05-17,['Browsed']
CUST1056,P5053,1.0,1,2026-03-10,['Browsed']
CUST1056,P5067,5.0,2,2026-05-12,"['Added_to_Cart', 'Wishlisted']"
CUST1056,P5088,1.0,1,2026-04-14,['Browsed']
CUST1056,P5092,5.0,1,2025-07-16,['Bought']
CUST1056,P5096,3.0,1,2026-05-14,['Added_to_Cart']
CUST1056,P5105,1.0,1,2026-06-23,['Browsed']
CUST1056,P5122,1.0,1,2025-10-19,['Browsed']
CUST1057,P5002,8.0,2,2026-08-20,"['Bought', 'Reviewed']"
CUST1057,P5021,0.0,1,2026-06-21,['Design_Converted']
CUST1057,P5042,1.0,1,2026-06-29,['Browsed']
CUST1057,P5048,5.0,1,2026-01-04,['Bought']
CUST1057,P5073,1.0,1,2026-01-11,['Browsed']
CUST1057,P5078,3.0,1,2026-02-28,['Added_to_Cart']
CUST1057,P5080,1.0,1,2026-06-27,['Browsed']
CUST1057,P5081,1.0,1,2026-07-29,['Browsed']
CUST1057,P5085,3.0,1,2026-08-24,['Added_to_Cart']
CUST1057,P5103,5.0,1,2025-09-27,['Bought']
CUST1057,P5116,5.0,1,2026-06-08,['Bought']
CUST1057,P5118,2.0,1,2026-03-21,['Wishlisted']
CUST1057,P5122,1.0,1,2026-02-15,['Browsed']
CUST1057,P5136,0.0,1,2026-05-07,['Design_Converted']
CUST1058,P5012,1.0,1,2026-08-03,['Browsed']
CUST1058,P5018,0.0,1,2026-02-23,['Design_Converted']
CUST1058,P5030,2.0,1,2025-12-05,['Wishlisted']
CUST1058,P5039,3.0,1,2026-08-17,['Added_to_Cart']
CUST1058,P5041,3.0,2,2025-08-27,"['Bought', 'Returned']"
CUST1058,P5044,5.0,2,2026-04-25,"['Bought', 'Support_Contact']"
CUST1058,P5050,4.0,2,2026-08-03,"['Added_to_Cart', 'Browsed']"
CUST1058,P5052,5.0,1,2025-10-04,['Bought']
CUST1058,P5074,3.0,1,2026-02-10,['Added_to_Cart']
CUST1058,P5085,0.0,1,2026-04-06,['Design_Converted']
CUST1058,P5086,3.0,1,2026-07-01,['Added_to_Cart']
CUST1058,P5114,5.0,1,2025-05-24,['Bought']
CUST1058,P5127,3.0,2,2025-11-19,"['Bought', 'Returned']"
CUST1058,P5128,2.0,1,2026-05-12,['Wishlisted']
CUST1058,P5134,4.0,2,2026-02-24,"['Added_to_Cart', 'Browsed']"
CUST1059,P5007,1.0,1,2026-02-28,['Browsed']
CUST1059,P5008,1.0,1,2026-03-06,['Browsed']
CUST1059,P5009,2.0,1,2025-12-30,['Wishlisted']
CUST1059,P5011,5.0,1,2026-07-13,['Bought']
CUST1059,P5012,3.0,1,2026-04-27,['Added_to_Cart']
CUST1059,P5013,5.0,1,2026-02-11,['Bought']
CUST1059,P5028,3.0,1,2026-08-15,['Added_to_Cart']
CUST1059,P5036,2.0,1,2026-07-07,['Wishlisted']
CUST1059,P5068,6.0,2,2026-01-01,"['Bought', 'Browsed']"
CUST1059,P5081,5.0,1,2025-04-13,['Bought']
CUST1059,P5082,1.0,1,2026-03-04,['Browsed']
CUST1059,P5095,1.0,1,2026-01-22,['Browsed']
CUST1059,P5134,2.0,1,2026-02-08,['Wishlisted']
CUST1059,P5136,6.0,2,2026-06-18,"['Bought', 'Browsed']"
CUST1060,P5015,5.0,1,2026-06-26,['Bought']
CUST1060,P5020,5.0,2,2026-02-17,"['Bought', 'Support_Contact']"
CUST1060,P5021,2.0,1,2026-03-28,['Wishlisted']
CUST1060,P5028,9.0,2,2026-08-14,"['Bought', 'Reviewed']"
CUST1060,P5037,1.0,1,2025-12-14,['Browsed']
CUST1060,P5050,3.0,1,2026-07-14,['Added_to_Cart']
CUST1060,P5071,3.0,1,2026-07-28,['Added_to_Cart']
CUST1060,P5077,0.0,1,2026-05-22,['Design_Converted']
CUST1060,P5083,3.0,1,2026-08-20,['Added_to_Cart']
CUST1060,P5102,5.0,1,2026-06-10,['Bought']
CUST1060,P5111,3.0,1,2026-07-11,['Added_to_Cart']
CUST1060,P5124,2.0,1,2025-11-07,['Wishlisted']
CUST1060,P5128,2.0,1,2025-11-05,['Wishlisted']
CUST1060,P5130,3.0,2,2026-07-28,"['Browsed', 'Wishlisted']"
CUST1061,P5011,2.0,1,2026-02-01,['Wishlisted']
CUST1061,P5018,3.0,1,2026-05-17,['Added_to_Cart']
CUST1061,P5022,3.0,3,2026-06-30,"['Bought', 'Returned', 'Reviewed']"
CUST1061,P5030,1.0,1,2026-08-22,['Browsed']
CUST1061,P5038,1.0,1,2025-08-27,['Browsed']
CUST1061,P5039,1.0,1,2025-10-11,['Browsed']
CUST1061,P5058,5.0,1,2025-12-29,['Bought']
CUST1061,P5059,5.0,1,2025-07-24,['Bought']
CUST1061,P5061,3.0,2,2025-06-27,"['Bought', 'Returned']"
CUST1061,P5065,0.0,1,2026-04-23,['Design_Converted']
CUST1061,P5066,5.0,2,2025-12-23,"['Bought', 'Support_Contact']"
CUST1061,P5070,3.0,1,2026-05-12,['Added_to_Cart']
CUST1061,P5078,5.0,1,2025-10-30,['Bought']
CUST1061,P5093,5.0,1,2025-06-30,['Bought']
CUST1061,P5113,3.0,1,2026-07-08,['Added_to_Cart']
CUST1061,P5115,1.0,1,2026-07-03,['Browsed']
CUST1061,P5118,5.0,1,2026-05-05,['Bought']
CUST1061,P5122,7.0,3,2025-10-13,"['Bought', 'Reviewed', 'Support_Contact']"
CUST1061,P5132,3.0,1,2026-04-29,['Added_to_Cart']
CUST1062,P5013,1.0,1,2026-02-07,['Browsed']
CUST1062,P5016,1.0,1,2026-01-19,['Browsed']
CUST1062,P5059,1.0,1,2026-07-18,['Browsed']
CUST1062,P5072,5.0,1,2026-04-09,['Bought']
CUST1062,P5074,1.0,1,2025-12-21,['Browsed']
CUST1062,P5080,1.0,1,2025-09-01,['Browsed']
CUST1062,P5085,1.0,1,2025-09-02,['Browsed']
CUST1062,P5108,1.0,1,2026-08-20,['Browsed']
CUST1062,P5110,5.0,1,2026-04-04,['Bought']
CUST1062,P5124,1.0,1,2026-02-19,['Browsed']
CUST1062,P5131,1.0,1,2025-09-13,['Browsed']
CUST1063,P5006,3.0,1,2026-07-26,['Added_to_Cart']
CUST1063,P5024,1.0,1,2025-12-11,['Browsed']
CUST1063,P5045,3.0,1,2026-08-17,['Added_to_Cart']
CUST1063,P5049,1.0,1,2026-06-12,['Browsed']
CUST1063,P5054,1.0,1,2025-08-31,['Browsed']
CUST1063,P5056,5.0,1,2025-04-22,['Bought']
CUST1063,P5078,0.0,1,2026-03-24,['Design_Converted']
CUST1063,P5079,1.0,1,2026-03-05,['Browsed']
CUST1063,P5095,3.0,1,2026-05-18,['Added_to_Cart']
CUST1063,P5110,2.0,1,2026-03-21,['Wishlisted']
CUST1064,P5008,5.0,2,2025-08-15,"['Bought', 'Support_Contact']"
CUST1064,P5014,1.0,1,2025-09-29,['Browsed']
CUST1064,P5029,3.0,1,2026-02-17,['Added_to_Cart']
CUST1064,P5050,1.0,1,2026-05-28,['Browsed']
CUST1064,P5059,3.0,1,2026-06-19,['Added_to_Cart']
CUST1064,P5102,2.0,1,2026-01-01,['Wishlisted']
CUST1064,P5109,3.0,1,2026-08-14,['Added_to_Cart']
CUST1064,P5125,1.0,1,2026-04-01,['Browsed']
CUST1064,P5126,3.0,1,2026-02-08,['Added_to_Cart']
CUST1065,P5028,1.0,1,2025-12-05,['Browsed']
CUST1065,P5038,1.0,1,2026-03-16,['Browsed']
CUST1065,P5063,13.0,3,2026-05-15,"['Bought', 'Reviewed']"
CUST1065,P5068,3.0,1,2026-05-21,['Added_to_Cart']
CUST1065,P5076,6.0,2,2026-04-16,['Added_to_Cart']
CUST1065,P5081,1.0,1,2026-06-24,['Browsed']
CUST1065,P5095,1.0,1,2026-04-26,['Browsed']
CUST1065,P5106,1.0,1,2026-07-28,['Browsed']
CUST1065,P5116,5.0,1,2026-05-07,['Bought']
CUST1065,P5124,2.0,1,2026-04-07,['Wishlisted']
CUST1065,P5125,2.0,1,2026-05-05,['Wishlisted']
CUST1065,P5134,1.0,1,2025-08-25,['Browsed']
CUST1066,P5003,0.0,1,2026-03-22,['Design_Converted']
CUST1066,P5021,3.0,1,2026-02-19,['Added_to_Cart']
CUST1066,P5025,3.0,1,2026-08-06,['Added_to_Cart']
CUST1066,P5048,5.0,1,2025-08-16,['Bought']
CUST1066,P5061,3.0,1,2026-02-27,['Added_to_Cart']
CUST1066,P5078,0.0,1,2026-02-07,['Design_Converted']
CUST1066,P5091,2.0,1,2026-05-19,['Wishlisted']
CUST1066,P5100,3.0,1,2026-05-09,['Added_to_Cart']
CUST1066,P5118,1.0,1,2025-10-03,['Browsed']
CUST1066,P5128,3.0,1,2026-06-24,['Added_to_Cart']
CUST1066,P5136,2.0,1,2026-05-03,['Wishlisted']
CUST1067,P5035,7.0,2,2026-04-24,"['Bought', 'Reviewed']"
CUST1067,P5044,1.0,1,2026-01-16,['Browsed']
CUST1067,P5063,3.0,1,2026-05-07,['Added_to_Cart']
CUST1067,P5067,1.0,1,2026-02-05,['Browsed']
CUST1067,P5071,3.0,1,2026-07-01,['Added_to_Cart']
CUST1067,P5102,1.0,1,2026-01-16,['Browsed']
CUST1067,P5106,1.0,1,2026-08-23,['Browsed']
CUST1067,P5117,1.0,1,2025-09-04,['Browsed']
CUST1067,P5133,2.0,1,2025-12-03,['Wishlisted']
CUST1067,P5135,5.0,1,2025-08-18,['Bought']
CUST1068,P5001,5.0,1,2026-03-29,['Bought']
CUST1068,P5004,1.0,1,2025-08-24,['Browsed']
CUST1068,P5006,3.0,1,2026-07-12,['Added_to_Cart']
CUST1068,P5026,1.0,1,2026-01-20,['Browsed']
CUST1068,P5042,1.0,1,2026-04-11,['Browsed']
CUST1068,P5044,2.0,1,2025-10-31,['Wishlisted']
CUST1068,P5096,1.0,1,2025-11-15,['Browsed']
CUST1068,P5098,3.0,1,2026-07-10,['Added_to_Cart']
CUST1068,P5101,1.0,1,2026-02-13,['Browsed']
CUST1068,P5117,1.0,1,2025-10-09,['Browsed']
CUST1068,P5123,3.0,1,2026-04-15,['Added_to_Cart']
CUST1068,P5129,9.0,3,2026-08-03,"['Bought', 'Reviewed', 'Support_Contact']"
CUST1068,P5131,3.0,1,2026-06-26,['Added_to_Cart']
CUST1068,P5134,1.0,1,2026-06-16,['Browsed']
CUST1068,P5138,1.0,1,2026-07-05,['Browsed']
CUST1069,P5001,3.0,1,2026-03-26,['Added_to_Cart']
CUST1069,P5025,1.0,1,2026-07-17,['Browsed']
CUST1069,P5036,1.0,1,2026-07-15,['Browsed']
CUST1069,P5047,3.0,1,2026-02-13,['Added_to_Cart']
CUST1069,P5048,1.0,1,2025-12-09,['Browsed']
CUST1069,P5063,3.0,1,2026-06-14,['Added_to_Cart']
CUST1069,P5076,5.0,1,2026-07-15,['Bought']
CUST1069,P5081,14.0,4,2026-08-22,"['Bought', 'Reviewed']"
CUST1069,P5106,1.0,1,2026-01-05,['Browsed']
CUST1069,P5118,2.0,1,2026-08-19,['Wishlisted']
CUST1069,P5137,3.0,1,2026-05-02,['Added_to_Cart']
CUST1070,P5013,5.0,1,2025-08-28,['Bought']
CUST1070,P5016,5.0,1,2026-07-10,['Bought']
CUST1070,P5019,3.0,1,2026-07-23,['Added_to_Cart']
CUST1070,P5040,1.0,1,2026-04-17,['Browsed']
CUST1070,P5050,3.0,1,2026-07-16,['Added_to_Cart']
CUST1070,P5052,3.0,1,2026-05-12,['Added_to_Cart']
CUST1070,P5056,3.0,1,2026-07-05,['Added_to_Cart']
CUST1070,P5085,5.0,1,2025-12-13,['Bought']
CUST1070,P5095,2.0,1,2026-07-08,['Wishlisted']
CUST1070,P5108,3.0,2,2026-08-21,"['Bought', 'Returned']"
CUST1070,P5111,3.0,1,2026-04-17,['Added_to_Cart']
CUST1070,P5121,1.0,1,2025-09-11,['Browsed']
CUST1070,P5122,2.0,1,2026-05-22,['Wishlisted']
CUST1071,P5003,11.0,5,2026-06-12,"['Bought', 'Returned', 'Reviewed']"
CUST1071,P5022,3.0,1,2026-03-04,['Added_to_Cart']
CUST1071,P5057,2.0,2,2026-04-03,['Browsed']
CUST1071,P5058,3.0,2,2026-06-16,"['Bought', 'Returned']"
CUST1071,P5061,1.0,1,2026-05-16,['Browsed']
CUST1071,P5085,1.0,1,2026-06-19,['Browsed']
CUST1071,P5088,2.0,1,2026-05-03,['Wishlisted']
CUST1071,P5089,1.0,1,2025-10-03,['Browsed']
CUST1071,P5108,5.0,2,2026-02-19,"['Bought', 'Support_Contact']"
CUST1071,P5115,6.0,2,2026-06-18,"['Bought', 'Browsed']"
CUST1071,P5120,2.0,1,2026-01-29,['Wishlisted']
CUST1072,P5001,1.0,1,2026-01-28,['Browsed']
CUST1072,P5008,6.0,2,2026-05-04,"['Bought', 'Browsed']"
CUST1072,P5009,3.0,1,2026-04-07,['Added_to_Cart']
CUST1072,P5016,1.0,1,2026-08-08,['Browsed']
CUST1072,P5022,1.0,1,2026-04-04,['Browsed']
CUST1072,P5025,3.0,4,2025-06-12,"['Bought', 'Returned', 'Support_Contact']"
CUST1072,P5034,3.0,1,2026-03-23,['Added_to_Cart']
CUST1072,P5043,24.0,8,2026-08-21,"['Bought', 'Reviewed']"
CUST1072,P5044,1.0,1,2025-09-25,['Browsed']
CUST1072,P5054,1.0,1,2026-05-13,['Browsed']
CUST1072,P5064,5.0,1,2026-02-17,['Bought']
CUST1072,P5071,7.0,2,2026-06-13,"['Bought', 'Reviewed']"
CUST1073,P5001,1.0,1,2026-05-13,['Browsed']
CUST1073,P5034,3.0,1,2026-03-11,['Added_to_Cart']
CUST1073,P5060,5.0,1,2025-08-16,['Bought']
CUST1073,P5070,3.0,1,2026-06-06,['Added_to_Cart']
CUST1073,P5077,7.0,4,2026-08-15,"['Bought', 'Returned', 'Reviewed', 'Support_Contact']"
CUST1073,P5097,1.0,1,2026-04-29,['Browsed']
CUST1073,P5099,8.0,3,2026-08-16,"['Bought', 'Reviewed', 'Support_Contact']"
CUST1073,P5100,1.0,1,2025-12-23,['Browsed']
CUST1073,P5113,3.0,1,2026-04-18,['Added_to_Cart']
CUST1073,P5116,1.0,1,2026-08-17,['Browsed']
CUST1073,P5121,2.0,1,2025-12-15,['Wishlisted']
CUST1074,P5033,3.0,1,2026-08-08,['Added_to_Cart']
CUST1074,P5062,1.0,1,2025-10-30,['Browsed']
CUST1074,P5082,2.0,1,2026-01-26,['Wishlisted']
CUST1074,P5104,5.0,1,2025-08-27,['Bought']
CUST1074,P5112,3.0,1,2026-04-15,['Added_to_Cart']
CUST1074,P5113,1.0,1,2026-06-09,['Browsed']
CUST1074,P5119,5.0,2,2026-01-22,"['Bought', 'Support_Contact']"
CUST1074,P5137,-2.0,2,2026-04-05,"['Design_Converted', 'Returned']"
CUST1075,P5016,1.0,1,2025-11-18,['Browsed']
CUST1075,P5024,2.0,1,2026-04-10,['Wishlisted']
CUST1075,P5038,1.0,1,2026-03-14,['Browsed']
CUST1075,P5043,3.0,1,2026-03-31,['Added_to_Cart']
CUST1075,P5061,8.0,2,2026-08-05,"['Bought', 'Reviewed']"
CUST1075,P5078,2.0,1,2026-03-01,['Wishlisted']
CUST1075,P5080,1.0,1,2026-07-23,['Browsed']
CUST1075,P5095,2.0,1,2026-06-02,['Wishlisted']
CUST1075,P5103,1.0,1,2026-07-03,['Browsed']
CUST1075,P5110,1.0,1,2026-02-14,['Browsed']
CUST1075,P5114,3.0,1,2026-05-04,['Added_to_Cart']
CUST1075,P5117,1.0,1,2026-05-15,['Browsed']
CUST1075,P5118,1.0,1,2026-06-28,['Browsed']
CUST1076,P5001,1.0,1,2026-07-21,['Browsed']
CUST1076,P5005,5.0,1,2025-11-03,['Bought']
CUST1076,P5023,2.0,1,2026-01-20,['Wishlisted']
CUST1076,P5026,1.0,1,2026-04-08,['Browsed']
CUST1076,P5030,1.0,1,2026-06-06,['Browsed']
CUST1076,P5041,3.0,1,2026-06-28,['Added_to_Cart']
CUST1076,P5042,1.0,1,2025-12-02,['Browsed']
CUST1076,P5054,1.0,1,2026-08-08,['Browsed']
CUST1076,P5059,1.0,1,2026-04-15,['Browsed']
CUST1076,P5097,3.0,1,2026-04-15,['Added_to_Cart']
CUST1076,P5100,5.0,1,2025-09-09,['Bought']
CUST1076,P5106,1.0,1,2026-02-09,['Browsed']
CUST1076,P5107,1.0,1,2026-02-19,['Browsed']
CUST1076,P5131,8.0,4,2026-03-06,"['Bought', 'Reviewed', 'Support_Contact']"
CUST1076,P5132,5.0,1,2025-04-21,['Bought']
CUST1077,P5067,1.0,1,2026-06-21,['Browsed']
CUST1077,P5076,2.0,1,2026-02-06,['Wishlisted']
CUST1077,P5097,5.0,1,2026-01-17,['Bought']
CUST1077,P5106,1.0,1,2026-08-16,['Browsed']
CUST1077,P5124,1.0,1,2026-08-19,['Browsed']
CUST1078,P5022,3.0,1,2026-04-30,['Added_to_Cart']
CUST1078,P5045,5.0,1,2025-11-18,['Bought']
CUST1078,P5052,1.0,1,2026-01-08,['Browsed']
CUST1078,P5059,1.0,1,2025-09-11,['Browsed']
CUST1078,P5068,3.0,1,2026-04-17,['Added_to_Cart']
CUST1078,P5076,6.0,2,2026-05-01,"['Bought', 'Browsed']"
CUST1078,P5084,1.0,1,2026-04-29,['Browsed']
CUST1078,P5087,3.0,1,2026-06-07,['Added_to_Cart']
CUST1078,P5089,1.0,1,2026-02-15,['Browsed']
CUST1078,P5096,1.0,1,2025-11-21,['Browsed']
CUST1078,P5100,1.0,1,2025-10-06,['Browsed']
CUST1078,P5109,3.0,1,2026-04-05,['Added_to_Cart']
CUST1078,P5112,1.0,1,2026-03-30,['Browsed']
CUST1078,P5121,1.0,1,2026-03-08,['Browsed']
CUST1078,P5123,3.0,2,2026-01-14,"['Bought', 'Returned']"
CUST1078,P5129,3.0,1,2026-03-11,['Added_to_Cart']
CUST1078,P5138,3.0,1,2026-04-11,['Added_to_Cart']
CUST1079,P5004,8.0,3,2026-08-18,"['Bought', 'Reviewed', 'Support_Contact']"
CUST1079,P5017,3.0,1,2026-05-14,['Added_to_Cart']
CUST1079,P5019,2.0,1,2026-07-09,['Wishlisted']
CUST1079,P5028,3.0,1,2026-04-11,['Added_to_Cart']
CUST1079,P5038,3.0,1,2026-06-22,['Added_to_Cart']
CUST1079,P5062,3.0,1,2026-08-08,['Added_to_Cart']
CUST1079,P5076,2.0,1,2026-08-14,['Wishlisted']
CUST1079,P5079,0.0,1,2026-06-10,['Design_Converted']
CUST1079,P5095,3.0,1,2026-02-08,['Added_to_Cart']
CUST1079,P5107,4.0,4,2026-06-20,"['Bought', 'Returned', 'Reviewed']"
CUST1080,P5010,1.0,1,2026-02-10,['Browsed']
CUST1080,P5025,4.0,4,2026-08-23,"['Design_Converted', 'Reviewed']"
CUST1080,P5029,1.0,1,2026-02-15,['Browsed']
CUST1080,P5035,5.0,1,2025-07-04,['Bought']
CUST1080,P5048,8.0,2,2026-06-03,"['Added_to_Cart', 'Bought']"
CUST1080,P5056,1.0,1,2025-11-06,['Browsed']
CUST1080,P5070,1.0,1,2026-07-02,['Browsed']
CUST1080,P5078,1.0,1,2026-02-27,['Browsed']
CUST1080,P5098,1.0,1,2025-12-15,['Browsed']
CUST1080,P5099,5.0,1,2025-08-08,['Bought']
CUST1080,P5113,2.0,1,2026-08-21,['Wishlisted']
CUST1080,P5123,5.0,1,2025-05-23,['Bought']
CUST1081,P5018,3.0,1,2026-05-08,['Added_to_Cart']
CUST1081,P5025,3.0,1,2026-02-22,['Added_to_Cart']
CUST1081,P5031,1.0,1,2026-06-13,['Browsed']
CUST1081,P5033,5.0,2,2025-12-05,"['Bought', 'Support_Contact']"
CUST1081,P5080,3.0,2,2025-10-18,"['Bought', 'Returned']"
CUST1081,P5085,0.0,2,2026-07-30,"['Design_Converted', 'Support_Contact']"
CUST1081,P5100,1.0,1,2026-05-28,['Browsed']
CUST1081,P5107,1.0,1,2025-11-22,['Browsed']
CUST1081,P5122,1.0,1,2026-07-23,['Browsed']
CUST1082,P5007,1.0,1,2025-12-31,['Browsed']
CUST1082,P5019,3.0,1,2026-08-04,['Added_to_Cart']
CUST1082,P5025,2.0,1,2025-11-04,['Wishlisted']
CUST1082,P5029,9.0,3,2026-04-17,"['Bought', 'Reviewed']"
CUST1082,P5048,7.0,3,2026-02-18,"['Bought', 'Support_Contact', 'Wishlisted']"
CUST1082,P5052,1.0,1,2026-01-09,['Browsed']
CUST1082,P5053,3.0,1,2026-08-20,['Added_to_Cart']
CUST1082,P5068,3.0,1,2026-02-15,['Added_to_Cart']
CUST1082,P5078,8.0,7,2026-08-22,"['Bought', 'Returned', 'Reviewed', 'Support_Contact']"
CUST1082,P5101,1.0,1,2025-11-29,['Browsed']
CUST1082,P5106,1.0,1,2025-11-11,['Browsed']
CUST1082,P5114,7.0,2,2026-08-06,"['Bought', 'Wishlisted']"
CUST1082,P5115,3.0,1,2026-06-26,['Added_to_Cart']
CUST1083,P5010,5.0,1,2026-02-25,['Bought']
CUST1083,P5027,5.0,2,2026-01-07,"['Bought', 'Support_Contact']"
CUST1083,P5029,5.0,1,2026-06-17,['Bought']
CUST1083,P5032,5.0,2,2025-06-15,"['Bought', 'Support_Contact']"
CUST1083,P5046,3.0,1,2026-02-11,['Added_to_Cart']
CUST1083,P5061,3.0,1,2026-05-24,['Added_to_Cart']
CUST1083,P5062,3.0,1,2026-07-10,['Added_to_Cart']
CUST1083,P5073,1.0,1,2025-12-17,['Browsed']
CUST1083,P5077,2.0,1,2026-04-09,['Wishlisted']
CUST1083,P5098,5.0,1,2025-11-07,['Bought']
CUST1084,P5006,3.0,1,2026-06-21,['Added_to_Cart']
CUST1084,P5010,3.0,1,2026-03-11,['Added_to_Cart']
CUST1084,P5051,1.0,1,2025-09-17,['Browsed']
CUST1084,P5072,1.0,1,2026-07-06,['Browsed']
CUST1084,P5083,1.0,1,2025-11-16,['Browsed']
CUST1084,P5092,6.0,2,2026-08-08,"['Bought', 'Browsed']"
CUST1084,P5093,1.0,1,2025-12-19,['Browsed']
CUST1084,P5101,5.0,1,2025-07-08,['Bought']
CUST1084,P5111,12.0,3,2026-06-02,"['Bought', 'Reviewed']"
CUST1084,P5137,1.0,1,2026-08-01,['Browsed']
CUST1085,P5004,5.0,5,2026-07-19,"['Bought', 'Returned', 'Reviewed']"
CUST1085,P5009,1.0,1,2026-01-23,['Browsed']
CUST1085,P5023,2.0,1,2026-02-27,['Wishlisted']
CUST1085,P5030,2.0,1,2026-05-03,['Wishlisted']
CUST1085,P5048,1.0,3,2026-08-19,"['Browsed', 'Design_Converted', 'Support_Contact']"
CUST1085,P5053,1.0,1,2025-10-28,['Browsed']
CUST1085,P5061,5.0,1,2025-08-10,['Bought']
CUST1085,P5083,3.0,1,2026-07-16,['Added_to_Cart']
CUST1085,P5086,9.0,2,2026-03-12,"['Bought', 'Reviewed']"
CUST1085,P5096,1.0,1,2026-07-22,['Browsed']
CUST1085,P5101,1.0,1,2025-11-08,['Browsed']
CUST1085,P5126,3.0,1,2026-04-01,['Added_to_Cart']
CUST1085,P5130,11.0,3,2026-08-20,"['Bought', 'Reviewed']"
CUST1085,P5135,1.0,1,2026-05-20,['Browsed']
CUST1086,P5016,1.0,1,2026-04-23,['Browsed']
CUST1086,P5028,2.0,1,2026-06-22,['Wishlisted']
CUST1086,P5029,2.0,1,2026-04-19,['Wishlisted']
CUST1086,P5084,1.0,1,2026-08-14,['Browsed']
CUST1086,P5093,1.0,1,2026-01-27,['Browsed']
CUST1086,P5099,1.0,1,2026-05-09,['Browsed']
CUST1086,P5122,1.0,1,2026-02-24,['Browsed']
CUST1086,P5130,5.0,1,2026-05-05,['Bought']
CUST1086,P5131,1.0,1,2026-01-28,['Browsed']
CUST1087,P5014,5.0,2,2026-07-01,"['Bought', 'Support_Contact']"
CUST1087,P5022,5.0,1,2026-06-08,['Bought']
CUST1087,P5037,1.0,1,2025-11-16,['Browsed']
CUST1087,P5058,1.0,1,2025-09-20,['Browsed']
CUST1087,P5063,10.0,3,2026-05-27,"['Bought', 'Support_Contact']"
CUST1087,P5064,3.0,1,2026-07-01,['Added_to_Cart']
CUST1087,P5093,1.0,1,2026-08-15,['Browsed']
CUST1087,P5102,2.0,1,2026-03-08,['Wishlisted']
CUST1087,P5110,11.0,4,2026-08-09,"['Bought', 'Returned', 'Reviewed']"
CUST1087,P5126,1.0,1,2026-03-23,['Browsed']
CUST1088,P5018,5.0,1,2026-04-02,['Bought']
CUST1088,P5041,2.0,1,2026-05-04,['Wishlisted']
CUST1088,P5045,4.0,2,2026-07-17,"['Added_to_Cart', 'Browsed']"
CUST1088,P5046,5.0,1,2025-07-21,['Bought']
CUST1088,P5062,2.0,1,2026-06-14,['Wishlisted']
CUST1088,P5070,3.0,1,2026-04-27,['Added_to_Cart']
CUST1088,P5075,1.0,1,2026-02-23,['Browsed']
CUST1088,P5082,1.0,1,2025-10-19,['Browsed']
CUST1088,P5090,1.0,1,2025-09-19,['Browsed']
CUST1088,P5107,3.0,2,2026-06-24,"['Browsed', 'Wishlisted']"
CUST1088,P5118,3.0,2,2025-12-12,"['Bought', 'Returned']"
CUST1088,P5121,1.0,1,2026-06-01,['Browsed']
CUST1088,P5125,1.0,1,2026-04-04,['Browsed']
CUST1088,P5134,2.0,1,2026-06-01,['Wishlisted']
CUST1089,P5007,2.0,1,2026-05-27,['Wishlisted']
CUST1089,P5059,5.0,1,2025-11-16,['Bought']
CUST1089,P5081,2.0,1,2025-12-16,['Wishlisted']
CUST1089,P5107,3.0,1,2026-06-08,['Added_to_Cart']
CUST1089,P5121,1.0,1,2025-09-05,['Browsed']
CUST1089,P5122,1.0,1,2026-03-30,['Browsed']
CUST1089,P5129,5.0,1,2026-04-10,['Bought']
CUST1089,P5138,1.0,1,2026-07-08,['Browsed']
CUST1090,P5012,3.0,1,2026-08-08,['Added_to_Cart']
CUST1090,P5023,5.0,1,2025-12-31,['Bought']
CUST1090,P5026,3.0,1,2026-07-05,['Added_to_Cart']
CUST1090,P5042,3.0,1,2026-06-16,['Added_to_Cart']
CUST1090,P5047,5.0,1,2026-03-14,['Bought']
CUST1090,P5049,1.0,1,2025-11-20,['Browsed']
CUST1090,P5050,3.0,1,2026-05-04,['Added_to_Cart']
CUST1090,P5083,3.0,4,2026-03-30,"['Bought', 'Returned', 'Reviewed', 'Support_Contact']"
CUST1090,P5095,1.0,1,2025-11-19,['Browsed']
CUST1090,P5097,5.0,1,2025-07-07,['Bought']
CUST1090,P5122,1.0,1,2025-11-02,['Browsed']
CUST1090,P5133,8.0,2,2026-01-26,"['Bought', 'Reviewed']"
CUST1091,P5028,5.0,1,2025-07-05,['Bought']
CUST1091,P5055,1.0,1,2025-09-10,['Browsed']
CUST1091,P5057,5.0,1,2026-04-23,['Bought']
CUST1091,P5058,5.0,1,2026-07-09,['Bought']
CUST1091,P5067,8.0,2,2026-04-25,"['Added_to_Cart', 'Bought']"
CUST1091,P5078,1.0,1,2025-09-01,['Browsed']
CUST1091,P5079,1.0,1,2026-02-06,['Browsed']
CUST1091,P5092,5.0,1,2026-05-15,['Bought']
CUST1091,P5094,1.0,1,2025-09-07,['Browsed']
CUST1091,P5108,3.0,1,2026-04-30,['Added_to_Cart']
CUST1091,P5114,3.0,1,2026-08-22,['Added_to_Cart']
CUST1091,P5118,3.0,1,2026-05-16,['Added_to_Cart']
CUST1091,P5125,1.0,1,2025-11-07,['Browsed']
CUST1091,P5126,4.0,2,2026-07-28,"['Added_to_Cart', 'Browsed']"
CUST1091,P5129,1.0,1,2026-02-14,['Browsed']
CUST1091,P5133,1.0,1,2025-09-10,['Browsed']
CUST1092,P5002,1.0,1,2025-11-30,['Browsed']
CUST1092,P5010,3.0,1,2026-08-09,['Added_to_Cart']
CUST1092,P5022,6.0,2,2026-06-14,"['Bought', 'Browsed']"
CUST1092,P5026,1.0,1,2026-05-07,['Browsed']
CUST1092,P5032,1.0,1,2026-02-09,['Browsed']
CUST1092,P5033,1.0,1,2026-07-13,['Browsed']
CUST1092,P5041,5.0,1,2026-05-11,['Bought']
CUST1092,P5052,1.0,1,2026-07-29,['Browsed']
CUST1092,P5054,1.0,1,2026-04-09,['Browsed']
CUST1092,P5056,1.0,1,2026-03-28,['Browsed']
CUST1092,P5107,1.0,1,2026-05-31,['Browsed']
CUST1092,P5109,1.0,1,2026-01-17,['Browsed']
CUST1092,P5118,5.0,1,2025-07-26,['Bought']
CUST1092,P5129,7.0,2,2026-04-16,"['Bought', 'Reviewed']"
CUST1092,P5133,8.0,2,2026-05-02,"['Added_to_Cart', 'Bought']"
CUST1093,P5005,5.0,1,2025-10-04,['Bought']
CUST1093,P5008,1.0,1,2026-07-22,['Browsed']
CUST1093,P5016,1.0,1,2026-07-02,['Browsed']
CUST1093,P5028,1.0,1,2026-03-23,['Browsed']
CUST1093,P5031,3.0,1,2026-07-09,['Added_to_Cart']
CUST1093,P5040,15.0,7,2026-04-09,"['Bought', 'Returned', 'Reviewed']"
CUST1093,P5051,11.0,4,2026-08-17,"['Bought', 'Reviewed', 'Support_Contact']"
CUST1093,P5063,1.0,1,2026-07-30,['Browsed']
CUST1093,P5066,5.0,1,2025-07-16,['Bought']
CUST1093,P5073,7.0,2,2026-04-26,"['Bought', 'Wishlisted']"
CUST1093,P5082,2.0,5,2026-08-20,"['Design_Converted', 'Returned', 'Reviewed', 'Support_Contact']"
CUST1093,P5100,1.0,1,2026-04-09,['Browsed']
CUST1093,P5132,2.0,1,2026-03-17,['Wishlisted']
CUST1093,P5136,3.0,1,2026-05-24,['Added_to_Cart']
CUST1094,P5019,1.0,1,2025-09-15,['Browsed']
CUST1094,P5032,5.0,1,2025-10-24,['Bought']
CUST1094,P5043,3.0,1,2026-04-11,['Added_to_Cart']
CUST1094,P5050,5.0,1,2025-05-31,['Bought']
CUST1094,P5060,1.0,1,2026-08-16,['Browsed']
CUST1094,P5078,3.0,1,2026-04-08,['Added_to_Cart']
CUST1094,P5086,5.0,1,2026-04-07,['Bought']
CUST1094,P5092,1.0,1,2025-10-22,['Browsed']
CUST1094,P5099,1.0,1,2025-12-30,['Browsed']
CUST1094,P5104,2.0,1,2026-06-11,['Wishlisted']
CUST1094,P5105,1.0,1,2026-04-25,['Browsed']
CUST1094,P5115,5.0,1,2025-09-23,['Bought']
CUST1094,P5119,3.0,2,2026-08-19,"['Design_Converted', 'Reviewed']"
CUST1094,P5136,3.0,1,2026-06-06,['Added_to_Cart']
CUST1095,P5008,1.0,1,2026-01-14,['Browsed']
CUST1095,P5021,8.0,2,2026-08-21,"['Bought', 'Reviewed']"
CUST1095,P5025,11.0,4,2026-08-22,"['Added_to_Cart', 'Bought', 'Returned']"
CUST1095,P5036,8.0,2,2026-06-13,"['Bought', 'Reviewed']"
CUST1095,P5052,1.0,1,2025-10-11,['Browsed']
CUST1095,P5096,3.0,1,2026-03-17,['Added_to_Cart']
CUST1095,P5098,1.0,1,2026-04-02,['Browsed']
CUST1095,P5099,6.0,2,2026-04-30,"['Bought', 'Browsed']"
CUST1095,P5106,1.0,1,2026-06-05,['Browsed']
CUST1095,P5109,5.0,1,2025-11-15,['Bought']
CUST1095,P5117,2.0,1,2025-10-31,['Wishlisted']
CUST1095,P5119,1.0,1,2026-08-18,['Browsed']
CUST1096,P5010,3.0,1,2026-06-24,['Added_to_Cart']
CUST1096,P5026,3.0,2,2026-04-18,"['Bought', 'Returned']"
CUST1096,P5034,1.0,1,2025-12-23,['Browsed']
CUST1096,P5036,3.0,1,2026-07-05,['Added_to_Cart']
CUST1096,P5084,5.0,1,2025-09-17,['Bought']
CUST1096,P5089,6.0,2,2026-01-03,"['Bought', 'Reviewed']"
CUST1096,P5117,2.0,1,2025-11-18,['Wishlisted']
CUST1096,P5122,1.0,1,2026-01-02,['Browsed']
CUST1096,P5131,3.0,1,2026-06-15,['Added_to_Cart']
CUST1097,P5012,5.0,2,2026-05-22,"['Added_to_Cart', 'Wishlisted']"
CUST1097,P5014,2.0,1,2026-07-18,['Wishlisted']
CUST1097,P5016,1.0,1,2025-11-15,['Browsed']
CUST1097,P5051,0.0,1,2026-04-12,['Design_Converted']
CUST1097,P5054,3.0,1,2026-03-01,['Added_to_Cart']
CUST1097,P5060,5.0,2,2026-05-21,"['Added_to_Cart', 'Wishlisted']"
CUST1097,P5061,2.0,1,2025-11-11,['Wishlisted']
CUST1097,P5090,1.0,1,2025-12-31,['Browsed']
CUST1097,P5093,5.0,1,2026-07-05,['Bought']
CUST1097,P5136,3.0,1,2026-03-25,['Added_to_Cart']
CUST1098,P5016,1.0,1,2026-03-26,['Browsed']
CUST1098,P5033,5.0,2,2026-07-02,"['Bought', 'Support_Contact']"
CUST1098,P5036,3.0,1,2026-04-06,['Added_to_Cart']
CUST1098,P5040,1.0,1,2026-05-06,['Browsed']
CUST1098,P5044,1.0,1,2025-12-02,['Browsed']
CUST1098,P5072,1.0,1,2026-03-22,['Browsed']
CUST1098,P5077,5.0,1,2026-05-21,['Bought']
CUST1098,P5083,3.0,1,2026-06-25,['Added_to_Cart']
CUST1098,P5084,1.0,1,2026-03-26,['Browsed']
CUST1098,P5110,1.0,1,2025-11-04,['Browsed']
CUST1098,P5116,3.0,1,2026-07-15,['Added_to_Cart']
CUST1099,P5004,3.0,1,2026-03-26,['Added_to_Cart']
CUST1099,P5007,3.0,1,2026-05-31,['Added_to_Cart']
CUST1099,P5013,5.0,1,2026-06-28,['Bought']
CUST1099,P5015,3.0,1,2026-03-05,['Added_to_Cart']
CUST1099,P5026,1.0,1,2025-11-29,['Browsed']
CUST1099,P5035,1.0,1,2025-09-01,['Browsed']
CUST1099,P5039,1.0,1,2025-10-08,['Browsed']
CUST1099,P5073,7.0,4,2026-08-14,"['Bought', 'Reviewed', 'Support_Contact']"
CUST1099,P5083,1.0,1,2025-10-08,['Browsed']
CUST1099,P5089,2.0,1,2025-10-30,['Wishlisted']
CUST1099,P5097,1.0,1,2025-10-30,['Browsed']
CUST1099,P5134,3.0,2,2026-05-18,"['Browsed', 'Wishlisted']"
CUST1099,P5138,5.0,1,2026-01-18,['Bought']
CUST1100,P5007,2.0,1,2026-07-04,['Wishlisted']
CUST1100,P5009,1.0,1,2026-03-21,['Browsed']
CUST1100,P5021,4.0,2,2026-02-24,"['Added_to_Cart', 'Browsed']"
CUST1100,P5029,11.0,3,2026-06-05,"['Bought', 'Reviewed', 'Wishlisted']"
CUST1100,P5040,9.0,2,2026-08-19,"['Bought', 'Reviewed']"
CUST1100,P5042,1.0,1,2026-02-02,['Browsed']
CUST1100,P5045,1.0,1,2025-10-09,['Browsed']
CUST1100,P5046,7.0,2,2025-10-02,"['Bought', 'Reviewed']"
CUST1100,P5055,1.0,1,2026-01-14,['Browsed']
CUST1100,P5057,2.0,1,2026-06-19,['Wishlisted']
CUST1100,P5060,5.0,1,2026-06-22,['Bought']
CUST1100,P5062,1.0,1,2025-10-03,['Browsed']
CUST1100,P5064,1.0,1,2025-12-25,['Browsed']
CUST1100,P5067,1.0,1,2026-04-14,['Browsed']
CUST1100,P5086,14.0,3,2026-05-13,"['Bought', 'Reviewed']"
CUST1100,P5087,1.0,1,2026-05-20,['Browsed']
CUST1100,P5113,1.0,1,2025-09-29,['Browsed']
CUST1100,P5115,3.0,1,2026-02-15,['Added_to_Cart']
CUST1100,P5127,1.0,1,2026-05-07,['Browsed']
CUST1101,P5003,1.0,1,2026-08-17,['Browsed']
CUST1101,P5016,1.0,1,2026-03-12,['Browsed']
CUST1101,P5023,10.0,5,2026-06-10,"['Bought', 'Returned', 'Reviewed']"
CUST1101,P5026,3.0,1,2026-05-09,['Added_to_Cart']
CUST1101,P5042,8.0,2,2026-08-22,"['Bought', 'Reviewed']"
CUST1101,P5055,1.0,1,2025-10-04,['Browsed']
CUST1101,P5075,1.0,1,2026-05-06,['Browsed']
CUST1101,P5115,2.0,1,2026-04-07,['Wishlisted']
CUST1101,P5120,1.0,1,2026-07-15,['Browsed']
CUST1101,P5126,1.0,1,2025-11-21,['Browsed']
CUST1101,P5129,1.0,1,2026-03-06,['Browsed']
CUST1101,P5136,2.0,1,2025-12-05,['Wishlisted']
CUST1102,P5018,1.0,1,2026-05-14,['Browsed']
CUST1102,P5036,1.0,1,2025-09-18,['Browsed']
CUST1102,P5037,5.0,1,2026-01-24,['Bought']
CUST1102,P5046,5.0,1,2025-10-18,['Bought']
CUST1102,P5058,3.0,4,2026-06-23,"['Bought', 'Returned', 'Reviewed']"
CUST1102,P5062,2.0,1,2026-06-24,['Wishlisted']
CUST1102,P5086,5.0,1,2025-07-30,['Bought']
CUST1102,P5109,1.0,1,2026-05-02,['Browsed']
CUST1102,P5113,3.0,1,2026-06-30,['Added_to_Cart']
CUST1102,P5118,3.0,1,2026-05-25,['Added_to_Cart']
CUST1102,P5119,3.0,1,2026-06-01,['Added_to_Cart']
CUST1102,P5134,2.0,1,2025-12-23,['Wishlisted']
CUST1103,P5002,1.0,1,2025-10-17,['Browsed']
CUST1103,P5005,1.0,1,2026-07-31,['Browsed']
CUST1103,P5011,3.0,1,2026-06-28,['Added_to_Cart']
CUST1103,P5016,5.0,1,2025-11-01,['Bought']
CUST1103,P5022,3.0,2,2025-12-16,"['Bought', 'Returned']"
CUST1103,P5024,1.0,1,2026-04-01,['Browsed']
CUST1103,P5029,1.0,1,2025-09-26,['Browsed']
CUST1103,P5030,3.0,1,2026-06-12,['Added_to_Cart']
CUST1103,P5041,3.0,1,2026-02-25,['Added_to_Cart']
CUST1103,P5051,6.0,2,2026-08-04,"['Bought', 'Browsed']"
CUST1103,P5063,3.0,2,2026-07-14,"['Bought', 'Returned']"
CUST1103,P5068,2.0,1,2026-06-28,['Wishlisted']
CUST1103,P5118,3.0,2,2025-08-24,"['Bought', 'Returned']"
CUST1104,P5014,1.0,1,2025-12-25,['Browsed']
CUST1104,P5026,3.0,1,2026-07-03,['Added_to_Cart']
CUST1104,P5037,2.0,1,2025-11-04,['Wishlisted']
CUST1104,P5039,1.0,1,2026-06-08,['Browsed']
CUST1104,P5047,1.0,1,2025-09-20,['Browsed']
CUST1104,P5058,2.0,1,2025-10-30,['Wishlisted']
CUST1104,P5078,1.0,1,2025-09-10,['Browsed']
CUST1104,P5080,3.0,1,2026-08-11,['Added_to_Cart']
CUST1104,P5099,2.0,1,2026-05-20,['Wishlisted']
CUST1104,P5107,1.0,1,2026-01-05,['Browsed']
CUST1104,P5124,3.0,1,2026-05-29,['Added_to_Cart']
CUST1104,P5130,1.0,1,2025-12-16,['Browsed']
CUST1105,P5007,5.0,1,2026-03-03,['Bought']
CUST1105,P5021,1.0,1,2025-12-21,['Browsed']
CUST1105,P5031,2.0,1,2026-08-17,['Wishlisted']
CUST1105,P5044,1.0,1,2026-05-11,['Browsed']
CUST1105,P5059,1.0,1,2026-05-05,['Browsed']
CUST1105,P5063,6.0,4,2026-08-23,"['Bought', 'Returned', 'Reviewed', 'Support_Contact']"
CUST1105,P5076,1.0,1,2026-07-22,['Browsed']
CUST1105,P5077,1.0,1,2026-07-15,['Browsed']
CUST1105,P5104,2.0,1,2026-01-07,['Wishlisted']
CUST1105,P5108,5.0,1,2025-07-03,['Bought']
CUST1105,P5122,3.0,1,2026-04-10,['Added_to_Cart']
CUST1106,P5008,5.0,2,2025-06-29,"['Bought', 'Support_Contact']"
CUST1106,P5009,2.0,1,2026-03-03,['Wishlisted']
CUST1106,P5022,1.0,1,2026-04-09,['Browsed']
CUST1106,P5055,9.0,3,2026-05-11,"['Added_to_Cart', 'Bought', 'Reviewed']"
CUST1106,P5057,2.0,1,2025-12-13,['Wishlisted']
CUST1106,P5074,7.0,2,2026-08-20,"['Bought', 'Reviewed']"
CUST1106,P5097,1.0,1,2026-01-09,['Browsed']
CUST1106,P5100,1.0,1,2026-05-10,['Browsed']
CUST1106,P5101,1.0,1,2025-09-16,['Browsed']
CUST1106,P5109,1.0,1,2025-09-16,['Browsed']
CUST1106,P5121,5.0,2,2026-08-17,"['Bought', 'Reviewed']"
CUST1106,P5127,2.0,1,2026-07-04,['Wishlisted']
CUST1106,P5133,3.0,1,2026-02-12,['Added_to_Cart']
CUST1106,P5134,1.0,1,2025-12-29,['Browsed']
CUST1107,P5003,1.0,1,2026-06-03,['Browsed']
CUST1107,P5012,2.0,2,2026-01-28,['Browsed']
CUST1107,P5018,1.0,1,2025-12-20,['Browsed']
CUST1107,P5019,3.0,1,2026-08-01,['Added_to_Cart']
CUST1107,P5026,3.0,1,2026-05-08,['Added_to_Cart']
CUST1107,P5033,1.0,1,2025-10-27,['Browsed']
CUST1107,P5036,2.0,1,2025-12-29,['Wishlisted']
CUST1107,P5045,2.0,1,2026-06-26,['Wishlisted']
CUST1107,P5052,1.0,1,2026-03-10,['Browsed']
CUST1107,P5070,5.0,2,2026-07-13,"['Bought', 'Support_Contact']"
CUST1107,P5083,1.0,1,2026-05-15,['Browsed']
CUST1107,P5090,1.0,1,2026-08-19,['Browsed']
CUST1107,P5097,1.0,1,2025-11-18,['Browsed']
CUST1107,P5098,0.0,1,2026-03-12,['Design_Converted']
CUST1107,P5099,5.0,1,2025-11-23,['Bought']
CUST1107,P5110,1.0,1,2026-01-19,['Browsed']
CUST1107,P5115,3.0,3,2025-11-21,"['Bought', 'Returned', 'Support_Contact']"
CUST1107,P5118,5.0,1,2025-10-04,['Bought']
CUST1107,P5128,1.0,1,2026-05-02,['Browsed']
CUST1107,P5131,1.0,1,2026-01-03,['Browsed']
CUST1107,P5132,3.0,1,2026-04-08,['Added_to_Cart']
CUST1107,P5136,3.0,1,2026-02-14,['Added_to_Cart']
CUST1108,P5022,5.0,1,2026-07-19,['Bought']
CUST1108,P5035,8.0,2,2026-08-18,"['Bought', 'Reviewed']"
CUST1108,P5038,1.0,1,2026-02-02,['Browsed']
CUST1108,P5056,2.0,1,2025-12-08,['Wishlisted']
CUST1108,P5063,2.0,1,2026-03-08,['Wishlisted']
CUST1108,P5072,5.0,1,2025-07-08,['Bought']
CUST1108,P5080,1.0,1,2025-09-23,['Browsed']
CUST1108,P5082,1.0,1,2026-07-02,['Browsed']
CUST1108,P5094,1.0,1,2026-01-24,['Browsed']
CUST1108,P5118,1.0,1,2025-09-22,['Browsed']
CUST1108,P5119,5.0,1,2025-12-08,['Bought']
CUST1108,P5135,1.0,1,2026-04-16,['Browsed']
CUST1108,P5138,3.0,3,2026-05-09,"['Bought', 'Returned', 'Support_Contact']"
CUST1109,P5003,3.0,1,2026-05-01,['Added_to_Cart']
CUST1109,P5037,9.0,2,2025-10-22,"['Bought', 'Reviewed']"
CUST1109,P5042,1.0,1,2026-06-30,['Browsed']
CUST1109,P5048,2.0,1,2025-12-25,['Wishlisted']
CUST1109,P5071,1.0,1,2026-05-18,['Browsed']
CUST1109,P5077,3.0,1,2026-04-29,['Added_to_Cart']
CUST1109,P5088,1.0,1,2026-05-07,['Browsed']
CUST1109,P5114,5.0,1,2026-04-14,['Bought']
CUST1110,P5001,5.0,1,2026-02-23,['Bought']
CUST1110,P5009,2.0,1,2025-11-28,['Wishlisted']
CUST1110,P5014,1.0,1,2025-12-04,['Browsed']
CUST1110,P5018,5.0,1,2025-04-24,['Bought']
CUST1110,P5030,5.0,1,2025-10-14,['Bought']
CUST1110,P5054,5.0,1,2025-04-20,['Bought']
CUST1110,P5057,1.0,1,2025-09-30,['Browsed']
CUST1110,P5063,1.0,1,2026-08-04,['Browsed']
CUST1110,P5072,1.0,1,2025-12-22,['Browsed']
CUST1110,P5079,3.0,2,2026-07-29,"['Browsed', 'Wishlisted']"
CUST1110,P5083,3.0,1,2026-02-21,['Added_to_Cart']
CUST1110,P5084,1.0,1,2026-01-01,['Browsed']
CUST1110,P5095,5.0,1,2025-11-23,['Bought']
CUST1110,P5105,1.0,1,2026-08-14,['Browsed']
CUST1110,P5107,2.0,1,2026-07-30,['Wishlisted']
CUST1110,P5132,7.0,2,2026-03-04,"['Bought', 'Reviewed']"
CUST1111,P5003,1.0,1,2026-06-20,['Browsed']
CUST1111,P5014,1.0,1,2026-03-02,['Browsed']
CUST1111,P5018,1.0,1,2025-12-26,['Browsed']
CUST1111,P5024,1.0,1,2025-11-24,['Browsed']
CUST1111,P5030,1.0,1,2025-09-27,['Browsed']
CUST1111,P5035,2.0,1,2026-02-24,['Wishlisted']
CUST1111,P5040,-2.0,3,2026-03-25,"['Design_Converted', 'Returned', 'Support_Contact']"
CUST1111,P5053,7.0,2,2026-08-13,"['Bought', 'Wishlisted']"
CUST1111,P5068,1.0,1,2025-12-23,['Browsed']
CUST1111,P5070,1.0,1,2026-07-19,['Browsed']
CUST1111,P5082,3.0,3,2026-08-23,"['Design_Converted', 'Reviewed', 'Support_Contact']"
CUST1111,P5083,3.0,2,2026-07-09,"['Browsed', 'Wishlisted']"
CUST1111,P5093,3.0,1,2026-03-19,['Added_to_Cart']
CUST1111,P5095,1.0,1,2026-08-22,['Browsed']
CUST1111,P5099,1.0,1,2026-03-11,['Browsed']
CUST1111,P5122,1.0,1,2026-03-08,['Browsed']
CUST1111,P5137,3.0,1,2026-05-13,['Added_to_Cart']
CUST1112,P5023,5.0,2,2025-10-13,"['Bought', 'Support_Contact']"
CUST1112,P5025,1.0,1,2026-01-28,['Browsed']
CUST1112,P5028,1.0,1,2025-08-30,['Browsed']
CUST1112,P5035,3.0,1,2026-07-31,['Added_to_Cart']
CUST1112,P5058,1.0,1,2026-06-26,['Browsed']
CUST1112,P5082,2.0,1,2026-03-17,['Wishlisted']
CUST1112,P5093,5.0,1,2025-06-10,['Bought']
CUST1112,P5100,3.0,1,2026-05-02,['Added_to_Cart']
CUST1113,P5002,3.0,1,2026-04-04,['Added_to_Cart']
CUST1113,P5015,1.0,1,2025-09-01,['Browsed']
CUST1113,P5043,3.0,1,2026-07-02,['Added_to_Cart']
CUST1113,P5048,1.0,1,2026-03-05,['Browsed']
CUST1113,P5050,1.0,1,2026-01-05,['Browsed']
CUST1113,P5054,3.0,1,2026-06-27,['Added_to_Cart']
CUST1113,P5099,1.0,1,2026-05-07,['Browsed']
CUST1113,P5114,5.0,1,2025-12-14,['Bought']
CUST1113,P5117,1.0,1,2026-04-22,['Browsed']
CUST1113,P5128,5.0,1,2025-04-18,['Bought']
CUST1113,P5130,1.0,1,2025-08-28,['Browsed']
CUST1114,P5019,1.0,1,2025-11-21,['Browsed']
CUST1114,P5044,3.0,1,2026-08-14,['Added_to_Cart']
CUST1114,P5058,5.0,1,2026-02-13,['Bought']
CUST1114,P5081,5.0,2,2026-07-18,"['Added_to_Cart', 'Wishlisted']"
CUST1114,P5085,1.0,1,2026-07-23,['Browsed']
CUST1114,P5089,1.0,1,2025-09-21,['Browsed']
CUST1114,P5098,1.0,1,2026-03-18,['Browsed']
CUST1114,P5101,7.0,2,2025-12-25,"['Bought', 'Reviewed']"
CUST1114,P5102,1.0,1,2025-11-23,['Browsed']
CUST1114,P5112,2.0,1,2026-06-15,['Wishlisted']
CUST1114,P5114,1.0,1,2026-05-23,['Browsed']
CUST1114,P5120,2.0,1,2026-03-21,['Wishlisted']
CUST1114,P5126,1.0,1,2025-10-05,['Browsed']
CUST1114,P5135,1.0,1,2026-05-13,['Browsed']
CUST1115,P5013,1.0,1,2025-11-09,['Browsed']
CUST1115,P5018,6.0,2,2026-04-13,"['Bought', 'Browsed']"
CUST1115,P5040,5.0,1,2026-02-01,['Bought']
CUST1115,P5045,1.0,1,2026-08-20,['Browsed']
CUST1115,P5048,1.0,1,2025-10-18,['Browsed']
CUST1115,P5074,1.0,1,2026-08-11,['Browsed']
CUST1115,P5075,1.0,1,2026-03-10,['Browsed']
CUST1115,P5085,3.0,1,2026-07-03,['Added_to_Cart']
CUST1115,P5092,1.0,1,2026-01-22,['Browsed']
CUST1115,P5113,1.0,1,2025-11-26,['Browsed']
CUST1115,P5115,8.0,2,2026-06-30,"['Bought', 'Reviewed']"
CUST1115,P5118,1.0,1,2026-07-05,['Browsed']
CUST1115,P5126,5.0,1,2025-12-23,['Bought']
CUST1115,P5134,2.0,1,2026-01-14,['Wishlisted']
CUST1115,P5135,2.0,1,2025-11-30,['Wishlisted']
CUST1116,P5004,3.0,1,2026-04-26,['Added_to_Cart']
CUST1116,P5005,7.0,2,2025-12-31,"['Bought', 'Wishlisted']"
CUST1116,P5011,1.0,1,2026-01-27,['Browsed']
CUST1116,P5029,3.0,1,2026-06-13,['Added_to_Cart']
CUST1116,P5032,5.0,1,2026-02-07,['Bought']
CUST1116,P5044,1.0,1,2025-09-29,['Browsed']
CUST1116,P5063,2.0,1,2026-01-09,['Wishlisted']
CUST1116,P5082,1.0,1,2026-06-07,['Browsed']
CUST1116,P5088,3.0,1,2026-05-17,['Added_to_Cart']
CUST1116,P5100,1.0,1,2025-12-29,['Browsed']
CUST1116,P5114,3.0,1,2026-02-09,['Added_to_Cart']
CUST1116,P5116,3.0,1,2026-07-08,['Added_to_Cart']
CUST1116,P5124,1.0,1,2026-07-13,['Browsed']
CUST1117,P5018,1.0,1,2026-04-26,['Browsed']
CUST1117,P5019,5.0,1,2025-09-11,['Bought']
CUST1117,P5050,5.0,1,2025-07-17,['Bought']
CUST1117,P5091,1.0,1,2025-11-21,['Browsed']
CUST1117,P5131,5.0,1,2026-05-02,['Bought']
CUST1118,P5001,1.0,1,2025-09-21,['Browsed']
CUST1118,P5019,3.0,1,2026-05-02,['Added_to_Cart']
CUST1118,P5021,2.0,1,2026-01-19,['Wishlisted']
CUST1118,P5037,3.0,1,2026-03-01,['Added_to_Cart']
CUST1118,P5045,2.0,2,2026-04-15,['Browsed']
CUST1118,P5051,1.0,1,2025-11-05,['Browsed']
CUST1118,P5053,1.0,1,2025-12-16,['Browsed']
CUST1118,P5055,1.0,1,2025-12-05,['Browsed']
CUST1118,P5059,1.0,1,2025-10-25,['Browsed']
CUST1118,P5060,7.0,2,2026-08-17,"['Bought', 'Reviewed']"
CUST1118,P5076,1.0,1,2025-12-29,['Browsed']
CUST1118,P5081,2.0,1,2026-06-13,['Wishlisted']
CUST1118,P5083,5.0,1,2025-11-17,['Bought']
CUST1118,P5089,3.0,1,2026-05-01,['Added_to_Cart']
CUST1118,P5092,2.0,1,2026-04-22,['Wishlisted']
CUST1118,P5093,6.0,3,2026-03-22,"['Bought', 'Returned', 'Reviewed']"
CUST1118,P5106,5.0,2,2025-12-02,"['Bought', 'Reviewed']"
CUST1118,P5132,5.0,1,2025-08-10,['Bought']
CUST1118,P5137,5.0,1,2025-11-09,['Bought']
CUST1118,P5138,3.0,1,2026-05-12,['Added_to_Cart']
CUST1119,P5011,3.0,1,2026-05-04,['Added_to_Cart']
CUST1119,P5012,1.0,1,2026-08-22,['Browsed']
CUST1119,P5039,1.0,1,2026-08-18,['Browsed']
CUST1119,P5041,1.0,1,2026-05-13,['Browsed']
CUST1119,P5043,3.0,1,2026-04-03,['Added_to_Cart']
CUST1119,P5054,1.0,1,2026-08-11,['Browsed']
CUST1119,P5062,7.0,2,2026-04-13,"['Bought', 'Wishlisted']"
CUST1119,P5081,2.0,1,2026-04-17,['Wishlisted']
CUST1119,P5100,5.0,2,2025-04-30,"['Bought', 'Support_Contact']"
CUST1119,P5115,3.0,1,2026-05-24,['Added_to_Cart']
CUST1119,P5117,1.0,1,2025-12-22,['Browsed']
CUST1119,P5131,5.0,1,2026-01-03,['Bought']
CUST1119,P5133,3.0,1,2026-02-17,['Added_to_Cart']
CUST1119,P5134,1.0,1,2026-04-12,['Browsed']
CUST1120,P5004,3.0,1,2026-02-14,['Added_to_Cart']
CUST1120,P5016,3.0,2,2026-02-01,"['Bought', 'Returned']"
CUST1120,P5023,1.0,1,2025-09-18,['Browsed']
CUST1120,P5039,2.0,2,2026-04-08,['Browsed']
CUST1120,P5051,4.0,2,2026-02-08,"['Added_to_Cart', 'Browsed']"
CUST1120,P5052,3.0,1,2026-07-21,['Added_to_Cart']
CUST1120,P5056,4.0,2,2026-05-06,"['Added_to_Cart', 'Browsed']"
CUST1120,P5093,5.0,1,2025-06-02,['Bought']
CUST1120,P5105,3.0,1,2026-07-15,['Added_to_Cart']
CUST1120,P5123,8.0,2,2026-07-21,"['Added_to_Cart', 'Bought']"
CUST1120,P5138,1.0,1,2026-02-04,['Browsed']
CUST1121,P5011,5.0,2,2025-11-18,"['Bought', 'Support_Contact']"
CUST1121,P5045,3.0,1,2026-04-11,['Added_to_Cart']
CUST1121,P5050,1.0,1,2026-08-20,['Browsed']
CUST1121,P5074,2.0,1,2026-02-07,['Wishlisted']
CUST1121,P5084,0.0,1,2026-02-18,['Design_Converted']
CUST1121,P5086,1.0,1,2026-05-20,['Browsed']
CUST1121,P5092,5.0,1,2025-04-22,['Bought']
CUST1121,P5094,5.0,1,2025-10-04,['Bought']
CUST1121,P5103,2.0,1,2026-03-23,['Wishlisted']
CUST1121,P5108,8.0,2,2025-10-29,"['Bought', 'Reviewed']"
CUST1121,P5114,1.0,1,2025-10-18,['Browsed']
CUST1121,P5118,3.0,1,2026-07-31,['Added_to_Cart']
CUST1121,P5120,1.0,1,2025-09-10,['Browsed']
CUST1121,P5137,3.0,1,2026-03-29,['Added_to_Cart']
CUST1121,P5138,3.0,1,2026-04-13,['Added_to_Cart']
CUST1122,P5011,9.0,2,2025-12-05,"['Bought', 'Reviewed']"
CUST1122,P5025,3.0,1,2026-03-08,['Added_to_Cart']
CUST1122,P5035,3.0,5,2026-08-20,"['Design_Converted', 'Returned', 'Reviewed']"
CUST1122,P5036,1.0,1,2026-06-02,['Browsed']
CUST1122,P5063,1.0,1,2025-08-24,['Browsed']
CUST1122,P5068,5.0,1,2025-07-15,['Bought']
CUST1122,P5073,2.0,1,2026-05-21,['Wishlisted']
CUST1122,P5074,2.0,1,2026-01-19,['Wishlisted']
CUST1122,P5080,2.0,2,2026-08-22,"['Design_Converted', 'Reviewed']"
CUST1122,P5081,2.0,1,2026-08-09,['Wishlisted']
CUST1122,P5084,1.0,1,2026-03-22,['Browsed']
CUST1122,P5121,3.0,1,2026-05-27,['Added_to_Cart']
CUST1122,P5129,1.0,1,2026-06-21,['Browsed']
CUST1123,P5020,9.0,2,2025-12-31,"['Bought', 'Reviewed']"
CUST1123,P5036,14.0,5,2026-07-15,"['Bought', 'Reviewed']"
CUST1123,P5041,1.0,1,2025-10-21,['Browsed']
CUST1123,P5058,5.0,1,2026-05-02,['Bought']
CUST1123,P5072,5.0,1,2026-07-06,['Bought']
CUST1123,P5074,1.0,1,2026-04-15,['Browsed']
CUST1123,P5085,1.0,1,2026-07-10,['Browsed']
CUST1123,P5086,9.0,4,2026-01-30,"['Bought', 'Reviewed', 'Support_Contact']"
CUST1123,P5106,2.0,1,2025-11-29,['Wishlisted']
CUST1123,P5112,1.0,1,2026-01-08,['Browsed']
CUST1123,P5120,10.0,2,2025-10-25,['Bought']
CUST1123,P5126,1.0,1,2026-03-10,['Browsed']
CUST1123,P5127,5.0,1,2026-06-23,['Bought']
CUST1124,P5026,3.0,1,2026-03-06,['Added_to_Cart']
CUST1124,P5055,5.0,1,2025-09-07,['Bought']
CUST1124,P5065,2.0,1,2025-11-19,['Wishlisted']
CUST1124,P5114,1.0,1,2026-07-22,['Browsed']
CUST1124,P5128,1.0,1,2026-08-16,['Browsed']
CUST1125,P5009,1.0,1,2025-10-25,['Browsed']
CUST1125,P5021,1.0,1,2026-02-13,['Browsed']
CUST1125,P5033,1.0,1,2025-09-02,['Browsed']
CUST1125,P5044,1.0,1,2025-12-09,['Browsed']
CUST1125,P5048,5.0,1,2025-07-21,['Bought']
CUST1125,P5057,4.0,2,2026-08-17,"['Added_to_Cart', 'Browsed']"
CUST1125,P5069,3.0,1,2026-05-22,['Added_to_Cart']
CUST1125,P5078,3.0,1,2026-06-19,['Added_to_Cart']
CUST1125,P5084,2.0,1,2026-05-30,['Wishlisted']
CUST1125,P5091,13.0,10,2026-01-29,"['Bought', 'Returned', 'Reviewed']"
CUST1125,P5132,2.0,1,2025-11-15,['Wishlisted']
CUST1126,P5027,5.0,1,2026-05-02,['Bought']
CUST1126,P5040,1.0,1,2026-05-19,['Browsed']
CUST1126,P5050,1.0,1,2025-12-16,['Browsed']
CUST1126,P5081,2.0,1,2026-06-09,['Wishlisted']
CUST1126,P5085,1.0,1,2026-06-20,['Browsed']
CUST1126,P5108,5.0,2,2025-08-20,"['Bought', 'Support_Contact']"
CUST1126,P5119,5.0,1,2025-11-24,['Bought']
CUST1126,P5128,1.0,1,2026-03-06,['Browsed']
CUST1127,P5001,3.0,1,2026-05-13,['Added_to_Cart']
CUST1127,P5007,5.0,1,2025-06-15,['Bought']
CUST1127,P5012,3.0,1,2026-04-27,['Added_to_Cart']
CUST1127,P5015,3.0,1,2026-07-21,['Added_to_Cart']
CUST1127,P5041,1.0,1,2025-09-27,['Browsed']
CUST1127,P5058,5.0,1,2025-09-04,['Bought']
CUST1127,P5062,1.0,1,2025-10-12,['Browsed']
CUST1127,P5069,3.0,1,2026-07-31,['Added_to_Cart']
CUST1127,P5070,3.0,1,2026-05-07,['Added_to_Cart']
CUST1127,P5081,1.0,1,2025-11-14,['Browsed']
CUST1127,P5101,1.0,1,2026-07-17,['Browsed']
CUST1127,P5104,5.0,1,2025-04-28,['Bought']
CUST1127,P5127,1.0,1,2026-02-28,['Browsed']
CUST1127,P5135,1.0,1,2025-10-09,['Browsed']
CUST1128,P5002,2.0,1,2026-05-15,['Wishlisted']
CUST1128,P5030,1.0,1,2026-03-14,['Browsed']
CUST1128,P5033,1.0,1,2026-02-27,['Browsed']
CUST1128,P5050,5.0,1,2026-03-18,['Bought']
CUST1128,P5055,1.0,1,2026-02-04,['Browsed']
CUST1128,P5063,2.0,1,2026-08-01,['Wishlisted']
CUST1128,P5086,1.0,1,2026-01-11,['Browsed']
CUST1128,P5092,3.0,1,2026-05-14,['Added_to_Cart']
CUST1128,P5106,1.0,4,2026-01-17,"['Bought', 'Returned', 'Support_Contact']"
CUST1128,P5110,5.0,1,2025-06-11,['Bought']
CUST1128,P5116,1.0,1,2025-11-21,['Browsed']
CUST1128,P5123,2.0,1,2026-08-09,['Wishlisted']
CUST1128,P5134,1.0,1,2025-10-16,['Browsed']
CUST1128,P5136,2.0,1,2026-02-14,['Wishlisted']
CUST1129,P5019,9.0,4,2026-01-24,"['Bought', 'Reviewed', 'Support_Contact']"
CUST1129,P5026,3.0,1,2026-04-30,['Added_to_Cart']
CUST1129,P5039,3.0,1,2026-08-02,['Added_to_Cart']
CUST1129,P5071,1.0,1,2026-03-31,['Browsed']
CUST1129,P5073,3.0,1,2026-08-16,['Added_to_Cart']
CUST1129,P5075,2.0,1,2026-05-09,['Wishlisted']
CUST1129,P5093,1.0,1,2026-05-07,['Browsed']
CUST1129,P5108,2.0,1,2026-04-09,['Wishlisted']
CUST1129,P5111,1.0,1,2026-08-04,['Browsed']
CUST1129,P5126,3.0,1,2026-06-05,['Added_to_Cart']
CUST1129,P5129,2.0,1,2026-05-20,['Wishlisted']
CUST1130,P5007,1.0,1,2026-03-04,['Browsed']
CUST1130,P5009,5.0,1,2026-01-08,['Bought']
CUST1130,P5035,3.0,1,2026-06-18,['Added_to_Cart']
CUST1130,P5054,1.0,1,2026-03-07,['Browsed']
CUST1130,P5068,1.0,1,2026-08-21,['Browsed']
CUST1130,P5074,2.0,2,2026-05-17,['Browsed']
CUST1130,P5124,5.0,1,2026-03-28,['Bought']
CUST1130,P5125,2.0,1,2025-12-20,['Wishlisted']
CUST1130,P5134,2.0,1,2026-01-28,['Wishlisted']
CUST1130,P5135,3.0,1,2026-05-21,['Added_to_Cart']
CUST1131,P5004,1.0,1,2025-10-29,['Browsed']
CUST1131,P5020,1.0,1,2026-07-16,['Browsed']
CUST1131,P5032,7.0,2,2026-04-08,"['Bought', 'Reviewed']"
CUST1131,P5050,1.0,1,2025-10-26,['Browsed']
CUST1131,P5071,5.0,1,2026-05-25,['Bought']
CUST1131,P5084,1.0,1,2026-08-11,['Browsed']
CUST1131,P5105,5.0,1,2025-11-20,['Bought']
CUST1131,P5107,5.0,1,2025-09-15,['Bought']
CUST1132,P5014,2.0,1,2025-12-30,['Wishlisted']
CUST1132,P5017,1.0,1,2026-04-13,['Browsed']
CUST1132,P5022,1.0,1,2025-10-10,['Browsed']
CUST1132,P5025,3.0,1,2026-08-03,['Added_to_Cart']
CUST1132,P5036,3.0,2,2026-08-17,"['Design_Converted', 'Reviewed']"
CUST1132,P5039,1.0,1,2026-08-15,['Browsed']
CUST1132,P5063,1.0,1,2026-03-01,['Browsed']
CUST1132,P5077,0.0,1,2026-08-12,['Design_Converted']
CUST1132,P5085,1.0,1,2026-05-23,['Browsed']
CUST1132,P5097,2.0,1,2026-08-03,['Wishlisted']
CUST1132,P5108,3.0,1,2026-02-23,['Added_to_Cart']
CUST1133,P5002,2.0,1,2026-06-17,['Wishlisted']
CUST1133,P5026,2.0,1,2026-04-06,['Wishlisted']
CUST1133,P5029,1.0,1,2026-06-12,['Browsed']
CUST1133,P5031,2.0,1,2026-01-03,['Wishlisted']
CUST1133,P5055,1.0,1,2026-03-19,['Browsed']
CUST1133,P5065,1.0,1,2026-01-10,['Browsed']
CUST1133,P5066,1.0,1,2026-05-27,['Browsed']
CUST1133,P5095,1.0,1,2025-12-31,['Browsed']
CUST1133,P5118,1.0,3,2026-05-15,"['Bought', 'Returned']"
CUST1133,P5126,1.0,1,2025-10-17,['Browsed']
CUST1133,P5132,5.0,1,2025-09-24,['Bought']
CUST1134,P5016,2.0,1,2025-12-15,['Wishlisted']
CUST1134,P5024,1.0,1,2025-10-10,['Browsed']
CUST1134,P5027,3.0,1,2026-07-17,['Added_to_Cart']
CUST1134,P5028,5.0,1,2026-06-28,['Bought']
CUST1134,P5029,2.0,1,2026-05-09,['Wishlisted']
CUST1134,P5058,1.0,1,2026-02-08,['Browsed']
CUST1134,P5059,1.0,1,2026-02-07,['Browsed']
CUST1134,P5061,6.0,3,2026-04-06,"['Bought', 'Browsed', 'Support_Contact']"
CUST1134,P5064,3.0,1,2026-07-23,['Added_to_Cart']
CUST1134,P5080,3.0,1,2026-05-14,['Added_to_Cart']
CUST1134,P5130,1.0,1,2025-10-12,['Browsed']
CUST1134,P5132,3.0,1,2026-03-15,['Added_to_Cart']
CUST1135,P5002,1.0,1,2026-05-25,['Browsed']
CUST1135,P5050,1.0,1,2026-02-27,['Browsed']
CUST1135,P5083,5.0,1,2025-10-01,['Bought']
CUST1135,P5090,1.0,1,2026-06-11,['Browsed']
CUST1135,P5093,2.0,1,2026-01-22,['Wishlisted']
CUST1135,P5094,5.0,1,2026-04-30,['Bought']
CUST1135,P5101,5.0,1,2025-07-30,['Bought']
CUST1135,P5106,3.0,1,2026-03-14,['Added_to_Cart']
CUST1135,P5107,1.0,1,2025-12-11,['Browsed']
CUST1135,P5111,1.0,1,2026-07-05,['Browsed']
CUST1135,P5129,1.0,1,2026-03-20,['Browsed']
CUST1135,P5130,11.0,4,2026-06-09,"['Bought', 'Browsed', 'Reviewed']"
CUST1136,P5002,1.0,1,2026-07-27,['Browsed']
CUST1136,P5007,1.0,1,2026-06-03,['Browsed']
CUST1136,P5018,1.0,1,2026-05-01,['Browsed']
CUST1136,P5031,1.0,1,2026-08-22,['Browsed']
CUST1136,P5038,1.0,1,2025-11-27,['Browsed']
CUST1136,P5058,2.0,1,2025-11-22,['Wishlisted']
CUST1136,P5064,1.0,1,2026-07-11,['Browsed']
CUST1136,P5066,3.0,1,2026-04-23,['Added_to_Cart']
CUST1136,P5075,2.0,1,2026-07-01,['Wishlisted']
CUST1136,P5077,5.0,1,2026-04-06,['Bought']
CUST1136,P5103,1.0,1,2026-02-16,['Browsed']
CUST1136,P5108,5.0,1,2026-04-01,['Bought']
CUST1136,P5115,5.0,1,2026-06-17,['Bought']
CUST1136,P5129,1.0,1,2026-07-09,['Browsed']
CUST1136,P5136,1.0,1,2025-12-22,['Browsed']
CUST1136,P5137,5.0,4,2026-03-10,"['Bought', 'Returned', 'Reviewed', 'Support_Contact']"
CUST1137,P5034,12.0,4,2026-01-01,"['Bought', 'Reviewed']"
CUST1137,P5035,5.0,1,2025-05-22,['Bought']
CUST1137,P5058,1.0,1,2026-04-15,['Browsed']
CUST1137,P5059,1.0,1,2025-10-17,['Browsed']
CUST1137,P5065,3.0,1,2026-06-08,['Added_to_Cart']
CUST1137,P5074,2.0,1,2026-05-29,['Wishlisted']
CUST1137,P5104,5.0,1,2025-07-27,['Bought']
CUST1137,P5111,5.0,1,2025-05-11,['Bought']
CUST1137,P5138,1.0,1,2025-10-03,['Browsed']
CUST1138,P5007,5.0,1,2025-12-03,['Bought']
CUST1138,P5009,3.0,1,2026-05-23,['Added_to_Cart']
CUST1138,P5024,3.0,1,2026-04-22,['Added_to_Cart']
CUST1138,P5035,1.0,1,2025-10-26,['Browsed']
CUST1138,P5055,6.0,2,2025-10-23,"['Bought', 'Browsed']"
CUST1138,P5071,1.0,1,2026-07-05,['Browsed']
CUST1138,P5076,1.0,1,2025-10-02,['Browsed']
CUST1138,P5077,3.0,2,2025-05-27,"['Bought', 'Returned']"
CUST1138,P5082,1.0,1,2026-05-20,['Browsed']
CUST1138,P5104,8.0,2,2026-08-14,"['Bought', 'Reviewed']"
CUST1138,P5112,3.0,1,2026-03-07,['Added_to_Cart']
CUST1138,P5115,5.0,1,2025-09-02,['Bought']
CUST1139,P5035,1.0,1,2025-12-01,['Browsed']
CUST1139,P5054,1.0,1,2026-03-20,['Browsed']
CUST1139,P5066,7.0,2,2026-02-21,"['Bought', 'Wishlisted']"
CUST1139,P5090,1.0,1,2025-10-29,['Browsed']
CUST1139,P5098,2.0,1,2025-12-27,['Wishlisted']
CUST1139,P5112,1.0,1,2026-01-02,['Browsed']
CUST1139,P5113,3.0,1,2026-04-09,['Added_to_Cart']
CUST1139,P5120,1.0,1,2026-07-21,['Browsed']
CUST1139,P5123,1.0,1,2026-06-15,['Browsed']
CUST1139,P5124,1.0,1,2025-12-20,['Browsed']
CUST1139,P5134,2.0,1,2026-04-15,['Wishlisted']
CUST1140,P5004,4.0,2,2026-08-12,"['Added_to_Cart', 'Browsed']"
CUST1140,P5013,1.0,1,2025-12-18,['Browsed']
CUST1140,P5042,2.0,1,2026-07-22,['Wishlisted']
CUST1140,P5052,5.0,1,2026-03-27,['Bought']
CUST1140,P5072,3.0,1,2026-04-25,['Added_to_Cart']
CUST1140,P5082,5.0,1,2025-12-08,['Bought']
CUST1140,P5102,1.0,1,2026-07-18,['Browsed']
CUST1140,P5107,5.0,1,2026-05-24,['Bought']
CUST1140,P5128,3.0,1,2026-05-19,['Added_to_Cart']
CUST1141,P5029,2.0,1,2025-12-03,['Wishlisted']
CUST1141,P5038,3.0,2,2025-10-02,"['Bought', 'Returned']"
CUST1141,P5047,5.0,1,2025-07-01,['Bought']
CUST1141,P5060,6.0,2,2026-01-05,"['Bought', 'Browsed']"
CUST1141,P5068,1.0,1,2026-04-20,['Browsed']
CUST1141,P5078,5.0,1,2025-10-07,['Bought']
CUST1141,P5081,5.0,1,2026-06-26,['Bought']
CUST1141,P5104,1.0,1,2025-09-10,['Browsed']
CUST1142,P5018,2.0,1,2026-03-27,['Wishlisted']
CUST1142,P5020,1.0,1,2026-02-27,['Browsed']
CUST1142,P5038,5.0,1,2025-11-20,['Bought']
CUST1142,P5056,1.0,1,2025-08-29,['Browsed']
CUST1142,P5059,5.0,1,2025-08-19,['Bought']
CUST1142,P5070,5.0,1,2025-05-08,['Bought']
CUST1142,P5073,5.0,1,2026-04-16,['Bought']
CUST1142,P5088,5.0,1,2025-05-26,['Bought']
CUST1142,P5114,1.0,1,2026-03-29,['Browsed']
CUST1142,P5116,2.0,1,2026-04-19,['Wishlisted']
CUST1142,P5117,5.0,1,2026-05-28,['Bought']
CUST1142,P5118,5.0,1,2025-10-17,['Bought']
CUST1142,P5125,3.0,2,2025-08-20,"['Bought', 'Returned']"
CUST1143,P5002,2.0,1,2026-08-17,['Wishlisted']
CUST1143,P5032,5.0,1,2025-05-13,['Bought']
CUST1143,P5079,1.0,1,2026-07-11,['Browsed']
CUST1143,P5088,2.0,1,2026-04-12,['Wishlisted']
CUST1143,P5092,3.0,1,2026-02-05,['Added_to_Cart']
CUST1143,P5103,3.0,1,2026-06-23,['Added_to_Cart']
CUST1143,P5122,1.0,1,2026-05-30,['Browsed']
CUST1143,P5123,6.0,2,2026-04-08,"['Bought', 'Browsed']"
CUST1143,P5128,2.0,1,2026-06-02,['Wishlisted']
CUST1144,P5024,3.0,1,2026-03-17,['Added_to_Cart']
CUST1144,P5025,3.0,1,2026-05-31,['Added_to_Cart']
CUST1144,P5027,6.0,2,2026-02-02,"['Bought', 'Reviewed']"
CUST1144,P5041,1.0,1,2025-10-17,['Browsed']
CUST1144,P5047,1.0,1,2026-01-03,['Browsed']
CUST1144,P5063,5.0,1,2025-05-13,['Bought']
CUST1144,P5073,5.0,1,2026-01-03,['Bought']
CUST1144,P5077,1.0,1,2026-04-12,['Browsed']
CUST1144,P5079,1.0,1,2026-01-14,['Browsed']
CUST1144,P5102,1.0,1,2025-10-31,['Browsed']
CUST1144,P5108,2.0,1,2025-11-10,['Wishlisted']
CUST1144,P5110,2.0,1,2025-11-04,['Wishlisted']
CUST1144,P5125,5.0,1,2025-05-20,['Bought']
CUST1144,P5134,6.0,2,2026-08-15,"['Bought', 'Reviewed']"
CUST1144,P5138,5.0,1,2025-05-19,['Bought']
CUST1145,P5020,1.0,1,2025-10-21,['Browsed']
CUST1145,P5035,8.0,3,2025-11-27,"['Bought', 'Reviewed']"
CUST1145,P5056,3.0,1,2026-02-23,['Added_to_Cart']
CUST1145,P5063,2.0,1,2026-06-11,['Wishlisted']
CUST1145,P5068,1.0,1,2026-08-06,['Browsed']
CUST1145,P5086,3.0,1,2026-08-17,['Added_to_Cart']
CUST1145,P5091,3.0,3,2026-01-08,"['Bought', 'Returned', 'Support_Contact']"
CUST1145,P5094,2.0,1,2025-12-02,['Wishlisted']
CUST1145,P5105,5.0,2,2026-07-01,"['Added_to_Cart', 'Wishlisted']"
CUST1145,P5138,1.0,1,2026-03-26,['Browsed']
CUST1146,P5024,1.0,1,2026-07-16,['Browsed']
CUST1146,P5043,3.0,1,2026-06-10,['Added_to_Cart']
CUST1146,P5046,1.0,1,2025-11-15,['Browsed']
CUST1146,P5058,2.0,1,2026-04-25,['Wishlisted']
CUST1146,P5060,5.0,1,2025-12-30,['Bought']
CUST1146,P5062,5.0,2,2026-01-12,"['Bought', 'Support_Contact']"
CUST1146,P5099,2.0,1,2026-08-09,['Wishlisted']
CUST1146,P5108,5.0,1,2025-05-26,['Bought']
CUST1146,P5120,5.0,1,2026-02-28,['Bought']
CUST1146,P5122,3.0,1,2026-06-24,['Added_to_Cart']
CUST1146,P5124,2.0,1,2026-07-25,['Wishlisted']
CUST1146,P5127,1.0,1,2026-05-08,['Browsed']
CUST1146,P5133,1.0,1,2025-12-27,['Browsed']
CUST1147,P5002,1.0,1,2026-08-03,['Browsed']
CUST1147,P5012,1.0,1,2025-08-27,['Browsed']
CUST1147,P5030,1.0,1,2025-12-24,['Browsed']
CUST1147,P5033,5.0,1,2025-12-01,['Bought']
CUST1147,P5041,5.0,1,2025-06-16,['Bought']
CUST1147,P5081,5.0,2,2026-05-18,"['Bought', 'Support_Contact']"
CUST1147,P5084,3.0,1,2026-07-14,['Added_to_Cart']
CUST1147,P5088,2.0,1,2025-11-30,['Wishlisted']
CUST1147,P5099,5.0,1,2025-09-04,['Bought']
CUST1147,P5113,5.0,1,2025-12-07,['Bought']
CUST1147,P5114,3.0,1,2026-08-02,['Added_to_Cart']
CUST1147,P5132,1.0,1,2026-04-29,['Browsed']
CUST1148,P5006,5.0,1,2026-03-16,['Bought']
CUST1148,P5008,1.0,1,2026-01-02,['Browsed']
CUST1148,P5010,5.0,1,2026-02-14,['Bought']
CUST1148,P5024,5.0,1,2026-05-29,['Bought']
CUST1148,P5025,3.0,1,2026-07-29,['Added_to_Cart']
CUST1148,P5031,2.0,2,2026-06-30,['Browsed']
CUST1148,P5038,5.0,1,2025-08-05,['Bought']
CUST1148,P5045,3.0,1,2026-04-02,['Added_to_Cart']
CUST1148,P5048,3.0,1,2026-05-12,['Added_to_Cart']
CUST1148,P5049,5.0,1,2025-11-20,['Bought']
CUST1148,P5050,3.0,1,2026-04-26,['Added_to_Cart']
CUST1148,P5051,1.0,1,2025-12-13,['Browsed']
CUST1148,P5098,2.0,1,2026-03-06,['Wishlisted']
CUST1148,P5111,1.0,1,2026-03-16,['Browsed']
CUST1148,P5119,1.0,1,2026-05-31,['Browsed']
CUST1149,P5021,3.0,1,2026-06-08,['Added_to_Cart']
CUST1149,P5031,1.0,1,2025-12-08,['Browsed']
CUST1149,P5039,3.0,1,2026-05-11,['Added_to_Cart']
CUST1149,P5044,2.0,1,2026-01-28,['Wishlisted']
CUST1149,P5063,2.0,1,2026-04-14,['Wishlisted']
CUST1149,P5101,3.0,1,2026-06-24,['Added_to_Cart']
CUST1149,P5128,4.0,4,2026-08-14,"['Bought', 'Returned', 'Reviewed']"
CUST1149,P5130,8.0,3,2026-02-06,"['Bought', 'Reviewed', 'Support_Contact']"
CUST1150,P5007,1.0,1,2026-08-09,['Browsed']
CUST1150,P5009,3.0,1,2026-03-16,['Added_to_Cart']
CUST1150,P5021,1.0,1,2026-02-17,['Browsed']
CUST1150,P5026,1.0,1,2025-10-14,['Browsed']
CUST1150,P5027,1.0,1,2026-05-26,['Browsed']
CUST1150,P5028,5.0,1,2026-01-02,['Bought']
CUST1150,P5049,5.0,1,2026-05-04,['Bought']
CUST1150,P5056,5.0,1,2026-05-09,['Bought']
CUST1151,P5005,3.0,1,2026-03-28,['Added_to_Cart']
CUST1151,P5023,1.0,1,2026-07-04,['Browsed']
CUST1151,P5053,1.0,1,2025-08-24,['Browsed']
CUST1151,P5075,3.0,2,2026-08-05,"['Bought', 'Returned']"
CUST1151,P5105,1.0,1,2025-10-09,['Browsed']
CUST1151,P5114,1.0,1,2026-06-22,['Browsed']
CUST1151,P5127,1.0,1,2026-07-09,['Browsed']
CUST1152,P5014,1.0,1,2026-08-12,['Browsed']
CUST1152,P5052,7.0,2,2026-05-25,"['Bought', 'Wishlisted']"
CUST1152,P5067,1.0,1,2025-11-07,['Browsed']
CUST1152,P5093,3.0,1,2026-08-01,['Added_to_Cart']
CUST1152,P5107,1.0,1,2025-12-22,['Browsed']
CUST1152,P5108,1.0,1,2025-10-16,['Browsed']
CUST1152,P5126,1.0,1,2026-04-05,['Browsed']
CUST1152,P5130,5.0,1,2026-06-21,['Bought']
CUST1152,P5132,1.0,1,2026-07-18,['Browsed']
CUST1153,P5016,5.0,1,2025-09-12,['Bought']
CUST1153,P5034,2.0,1,2026-07-01,['Wishlisted']
CUST1153,P5037,5.0,1,2025-12-20,['Bought']
CUST1153,P5051,3.0,1,2026-03-16,['Added_to_Cart']
CUST1153,P5057,3.0,2,2025-05-21,"['Bought', 'Returned']"
CUST1153,P5063,1.0,1,2025-09-29,['Browsed']
CUST1153,P5068,3.0,1,2026-05-09,['Added_to_Cart']
CUST1153,P5126,3.0,1,2026-04-10,['Added_to_Cart']
CUST1154,P5001,3.0,2,2026-03-12,"['Bought', 'Returned']"
CUST1154,P5002,3.0,1,2026-04-20,['Added_to_Cart']
CUST1154,P5054,1.0,1,2026-08-13,['Browsed']
CUST1154,P5060,1.0,1,2026-06-22,['Browsed']
CUST1154,P5064,1.0,1,2026-07-04,['Browsed']
CUST1154,P5076,10.0,5,2026-03-02,"['Bought', 'Reviewed', 'Support_Contact']"
CUST1154,P5084,2.0,1,2026-01-06,['Wishlisted']
CUST1154,P5089,7.0,2,2026-01-07,"['Bought', 'Wishlisted']"
CUST1154,P5107,1.0,1,2025-09-08,['Browsed']
CUST1154,P5109,2.0,1,2025-11-20,['Wishlisted']
CUST1154,P5115,8.0,2,2026-06-25,"['Added_to_Cart', 'Bought']"
CUST1154,P5136,1.0,1,2025-12-24,['Browsed']
CUST1155,P5001,15.0,5,2026-08-22,"['Bought', 'Reviewed', 'Support_Contact']"
CUST1155,P5029,1.0,1,2026-08-15,['Browsed']
CUST1155,P5032,1.0,1,2026-06-28,['Browsed']
CUST1155,P5044,3.0,1,2026-06-02,['Added_to_Cart']
CUST1155,P5055,2.0,1,2026-02-21,['Wishlisted']
CUST1155,P5060,3.0,1,2026-06-26,['Added_to_Cart']
CUST1155,P5077,3.0,1,2026-05-05,['Added_to_Cart']
CUST1155,P5081,10.0,2,2026-03-21,['Bought']
CUST1155,P5084,-2.0,2,2026-04-16,"['Design_Converted', 'Returned']"
CUST1155,P5094,3.0,1,2026-05-08,['Added_to_Cart']
CUST1155,P5101,1.0,1,2026-04-20,['Browsed']
CUST1155,P5106,7.0,4,2026-08-22,"['Bought', 'Reviewed', 'Support_Contact']"
CUST1155,P5117,1.0,1,2026-07-02,['Browsed']
CUST1155,P5119,3.0,2,2026-02-02,"['Browsed', 'Wishlisted']"
CUST1155,P5122,3.0,1,2026-02-08,['Added_to_Cart']
CUST1155,P5126,5.0,1,2025-07-23,['Bought']
CUST1155,P5130,1.0,1,2026-03-11,['Browsed']
CUST1155,P5136,1.0,1,2026-05-07,['Browsed']
CUST1156,P5003,2.0,1,2026-06-24,['Wishlisted']
CUST1156,P5006,1.0,1,2026-02-12,['Browsed']
CUST1156,P5021,5.0,1,2025-06-04,['Bought']
CUST1156,P5037,5.0,1,2026-04-18,['Bought']
CUST1156,P5065,1.0,1,2026-05-07,['Browsed']
CUST1156,P5069,3.0,1,2026-08-10,['Added_to_Cart']
CUST1156,P5074,1.0,1,2026-07-14,['Browsed']
CUST1156,P5093,5.0,1,2025-09-26,['Bought']
CUST1156,P5120,5.0,1,2025-08-22,['Bought']
CUST1156,P5121,1.0,1,2025-09-18,['Browsed']
CUST1156,P5122,1.0,1,2026-07-04,['Browsed']
CUST1156,P5124,5.0,1,2026-03-02,['Bought']
CUST1157,P5016,1.0,1,2025-08-25,['Browsed']
CUST1157,P5055,1.0,1,2026-08-18,['Browsed']
CUST1157,P5059,5.0,1,2026-06-09,['Bought']
CUST1157,P5083,8.0,2,2026-07-18,"['Added_to_Cart', 'Bought']"
CUST1157,P5086,1.0,1,2026-04-17,['Browsed']
CUST1157,P5092,1.0,1,2025-09-28,['Browsed']
CUST1157,P5101,5.0,1,2025-12-31,['Bought']
CUST1157,P5126,1.0,1,2025-09-09,['Browsed']
CUST1157,P5134,1.0,1,2026-08-01,['Browsed']
CUST1158,P5046,1.0,1,2026-07-25,['Browsed']
CUST1158,P5047,2.0,1,2026-05-20,['Wishlisted']
CUST1158,P5053,5.0,1,2025-08-09,['Bought']
CUST1158,P5055,5.0,1,2026-06-17,['Bought']
CUST1158,P5056,1.0,1,2026-03-28,['Browsed']
CUST1158,P5109,3.0,2,2026-04-21,"['Bought', 'Returned']"
CUST1158,P5121,3.0,1,2026-06-18,['Added_to_Cart']
CUST1158,P5126,3.0,1,2026-03-26,['Added_to_Cart']
CUST1158,P5129,3.0,1,2026-08-20,['Added_to_Cart']
CUST1158,P5137,3.0,2,2025-11-24,"['Bought', 'Returned']"
CUST1159,P5007,3.0,1,2026-07-04,['Added_to_Cart']
CUST1159,P5009,5.0,1,2026-06-07,['Bought']
CUST1159,P5010,3.0,1,2026-06-06,['Added_to_Cart']
CUST1159,P5035,2.0,1,2026-03-31,['Wishlisted']
CUST1159,P5036,3.0,1,2026-08-06,['Added_to_Cart']
CUST1159,P5057,1.0,1,2026-04-26,['Browsed']
CUST1159,P5058,2.0,1,2026-08-17,['Wishlisted']
CUST1159,P5060,2.0,1,2026-01-09,['Wishlisted']
CUST1159,P5063,1.0,1,2026-06-04,['Browsed']
CUST1159,P5076,1.0,1,2025-09-08,['Browsed']
CUST1159,P5079,5.0,1,2025-06-23,['Bought']
CUST1159,P5097,7.0,2,2026-05-08,"['Bought', 'Wishlisted']"
CUST1159,P5099,1.0,1,2026-03-18,['Browsed']
CUST1159,P5100,5.0,1,2026-04-27,['Bought']
CUST1159,P5106,5.0,1,2025-09-24,['Bought']
CUST1159,P5116,1.0,1,2026-02-28,['Browsed']
CUST1159,P5125,1.0,1,2026-07-16,['Browsed']
CUST1160,P5011,4.0,4,2026-06-05,"['Bought', 'Returned', 'Reviewed', 'Support_Contact']"
CUST1160,P5035,3.0,1,2026-07-02,['Added_to_Cart']
CUST1160,P5044,3.0,1,2026-05-06,['Added_to_Cart']
CUST1160,P5051,1.0,1,2025-10-01,['Browsed']
CUST1160,P5069,3.0,1,2026-05-29,['Added_to_Cart']
CUST1160,P5073,1.0,1,2025-10-14,['Browsed']
CUST1160,P5077,8.0,3,2025-10-09,"['Bought', 'Reviewed', 'Support_Contact']"
CUST1160,P5078,1.0,1,2026-03-25,['Browsed']
CUST1160,P5099,5.0,1,2025-04-14,['Bought']
CUST1160,P5109,3.0,1,2026-03-04,['Added_to_Cart']
CUST1160,P5112,1.0,1,2026-01-22,['Browsed']
CUST1160,P5120,2.0,1,2026-01-20,['Wishlisted']
CUST1161,P5025,1.0,1,2026-01-28,['Browsed']
CUST1161,P5037,1.0,1,2026-06-16,['Browsed']
CUST1161,P5042,2.0,1,2026-06-25,['Wishlisted']
CUST1161,P5051,1.0,1,2026-06-30,['Browsed']
CUST1161,P5060,5.0,1,2026-05-21,['Bought']
CUST1161,P5062,11.0,3,2026-02-11,"['Bought', 'Reviewed']"
CUST1161,P5072,0.0,1,2026-04-15,['Design_Converted']
CUST1161,P5078,3.0,1,2026-08-05,['Added_to_Cart']
CUST1161,P5080,1.0,1,2026-05-23,['Browsed']
CUST1161,P5106,1.0,1,2026-06-08,['Browsed']
CUST1161,P5115,1.0,1,2025-12-18,['Browsed']
CUST1162,P5017,5.0,2,2026-07-30,"['Bought', 'Support_Contact']"
CUST1162,P5027,5.0,1,2026-04-01,['Bought']
CUST1162,P5040,2.0,1,2026-06-21,['Wishlisted']
CUST1162,P5060,1.0,1,2026-02-10,['Browsed']
CUST1162,P5082,3.0,1,2026-03-24,['Added_to_Cart']
CUST1162,P5085,12.0,4,2026-08-16,"['Bought', 'Reviewed']"
CUST1162,P5114,1.0,1,2026-07-09,['Browsed']
CUST1162,P5134,1.0,1,2026-04-14,['Browsed']
CUST1163,P5009,3.0,2,2025-11-01,"['Bought', 'Returned']"
CUST1163,P5031,4.0,2,2026-02-26,"['Added_to_Cart', 'Browsed']"
CUST1163,P5058,2.0,1,2026-06-16,['Wishlisted']
CUST1163,P5065,6.0,3,2026-08-19,"['Bought', 'Reviewed']"
CUST1163,P5078,5.0,3,2026-05-28,"['Bought', 'Support_Contact']"
CUST1163,P5087,5.0,1,2026-03-09,['Bought']
CUST1163,P5088,1.0,1,2026-01-17,['Browsed']
CUST1163,P5092,3.0,2,2026-05-31,"['Browsed', 'Wishlisted']"
CUST1163,P5100,5.0,1,2026-06-16,['Bought']
CUST1163,P5102,2.0,1,2025-12-21,['Wishlisted']
CUST1163,P5135,6.0,3,2025-10-24,"['Bought', 'Returned', 'Reviewed']"
CUST1163,P5137,4.0,3,2026-08-17,"['Design_Converted', 'Reviewed', 'Wishlisted']"
CUST1164,P5001,1.0,1,2025-09-03,['Browsed']
CUST1164,P5013,1.0,1,2026-01-02,['Browsed']
CUST1164,P5015,3.0,1,2026-02-05,['Added_to_Cart']
CUST1164,P5016,6.0,2,2025-11-08,"['Bought', 'Browsed']"
CUST1164,P5026,1.0,1,2026-06-10,['Browsed']
CUST1164,P5029,3.0,1,2026-02-14,['Added_to_Cart']
CUST1164,P5040,1.0,1,2026-05-22,['Browsed']
CUST1164,P5087,1.0,1,2026-04-29,['Browsed']
CUST1164,P5095,5.0,2,2025-10-26,"['Bought', 'Reviewed']"
CUST1164,P5099,3.0,1,2026-04-03,['Added_to_Cart']
CUST1164,P5107,1.0,1,2026-05-14,['Browsed']
CUST1164,P5108,3.0,1,2026-06-05,['Added_to_Cart']
CUST1164,P5114,5.0,1,2025-09-06,['Bought']
CUST1164,P5129,6.0,2,2026-07-30,['Added_to_Cart']
CUST1164,P5137,1.0,1,2026-03-05,['Browsed']
CUST1165,P5002,3.0,1,2026-06-17,['Added_to_Cart']
CUST1165,P5021,5.0,1,2025-08-02,['Bought']
CUST1165,P5023,2.0,1,2026-06-04,['Wishlisted']
CUST1165,P5033,5.0,1,2026-07-24,['Bought']
CUST1165,P5037,1.0,1,2026-01-22,['Browsed']
CUST1165,P5042,5.0,4,2026-08-23,"['Bought', 'Returned', 'Reviewed']"
CUST1165,P5044,5.0,1,2025-06-02,['Bought']
CUST1165,P5050,1.0,1,2026-01-22,['Browsed']
CUST1165,P5052,2.0,1,2026-02-02,['Wishlisted']
CUST1165,P5083,1.0,1,2025-08-24,['Browsed']
CUST1165,P5092,1.0,1,2025-09-18,['Browsed']
CUST1165,P5093,3.0,1,2026-07-25,['Added_to_Cart']
CUST1165,P5096,1.0,1,2025-10-06,['Browsed']
CUST1165,P5102,1.0,1,2025-12-28,['Browsed']
CUST1165,P5122,9.0,2,2026-01-01,"['Bought', 'Reviewed']"
CUST1165,P5138,7.0,2,2026-07-20,"['Bought', 'Reviewed']"
CUST1166,P5016,3.0,1,2026-05-03,['Added_to_Cart']
CUST1166,P5043,1.0,1,2026-06-09,['Browsed']
CUST1166,P5063,5.0,1,2026-03-19,['Bought']
CUST1166,P5079,1.0,1,2026-07-20,['Browsed']
CUST1166,P5081,3.0,1,2026-08-23,['Added_to_Cart']
CUST1166,P5082,6.0,2,2026-03-28,"['Bought', 'Browsed']"
CUST1166,P5111,3.0,1,2026-02-27,['Added_to_Cart']
CUST1166,P5121,5.0,2,2026-01-15,"['Bought', 'Reviewed']"
CUST1166,P5135,3.0,1,2026-03-05,['Added_to_Cart']
CUST1167,P5006,2.0,1,2026-04-08,['Wishlisted']
CUST1167,P5041,3.0,1,2026-03-09,['Added_to_Cart']
CUST1167,P5053,2.0,1,2025-11-13,['Wishlisted']
CUST1167,P5076,2.0,1,2026-04-15,['Wishlisted']
CUST1167,P5077,1.0,1,2025-10-03,['Browsed']
CUST1167,P5086,1.0,1,2026-03-12,['Browsed']
CUST1167,P5088,1.0,1,2026-08-01,['Browsed']
CUST1167,P5096,2.0,1,2025-11-13,['Wishlisted']
CUST1167,P5103,5.0,1,2025-11-11,['Bought']
CUST1167,P5135,1.0,1,2026-07-16,['Browsed']
CUST1168,P5013,1.0,1,2026-08-15,['Browsed']
CUST1168,P5015,0.0,1,2026-04-06,['Design_Converted']
CUST1168,P5027,3.0,1,2026-03-22,['Added_to_Cart']
CUST1168,P5067,11.0,4,2026-03-24,"['Bought', 'Browsed', 'Reviewed']"
CUST1168,P5071,1.0,1,2026-06-30,['Browsed']
CUST1168,P5074,3.0,4,2026-08-19,"['Bought', 'Returned', 'Reviewed']"
CUST1168,P5075,8.0,3,2026-06-29,"['Bought', 'Reviewed', 'Support_Contact']"
CUST1168,P5083,5.0,1,2025-04-15,['Bought']
CUST1168,P5111,9.0,3,2025-11-08,"['Bought', 'Reviewed', 'Support_Contact']"
CUST1168,P5112,12.0,3,2026-08-17,"['Bought', 'Reviewed']"
CUST1168,P5115,1.0,1,2026-03-11,['Browsed']
CUST1168,P5117,1.0,1,2025-10-25,['Browsed']
CUST1169,P5012,2.0,1,2026-08-18,['Wishlisted']
CUST1169,P5025,1.0,1,2025-10-19,['Browsed']
CUST1169,P5027,3.0,1,2026-05-01,['Added_to_Cart']
CUST1169,P5031,2.0,1,2025-11-08,['Wishlisted']
CUST1169,P5075,3.0,1,2026-06-14,['Added_to_Cart']
CUST1169,P5082,1.0,1,2026-01-28,['Browsed']
CUST1169,P5090,1.0,1,2026-03-21,['Browsed']
CUST1169,P5092,3.0,3,2025-07-16,"['Bought', 'Returned', 'Support_Contact']"
CUST1169,P5096,5.0,1,2025-12-24,['Bought']
CUST1169,P5105,1.0,1,2026-07-07,['Browsed']
CUST1169,P5110,8.0,2,2026-08-22,"['Added_to_Cart', 'Bought']"
CUST1169,P5113,5.0,1,2026-07-20,['Bought']
CUST1169,P5117,3.0,1,2026-06-08,['Added_to_Cart']
CUST1169,P5125,3.0,1,2026-06-15,['Added_to_Cart']
CUST1170,P5015,8.0,4,2026-08-21,"['Bought', 'Reviewed', 'Support_Contact']"
CUST1170,P5028,9.0,2,2026-07-28,"['Bought', 'Reviewed']"
CUST1170,P5054,1.0,1,2026-02-12,['Browsed']
CUST1170,P5068,3.0,1,2026-02-05,['Added_to_Cart']
CUST1170,P5069,5.0,1,2025-09-17,['Bought']
CUST1170,P5098,1.0,1,2026-04-02,['Browsed']
CUST1170,P5099,2.0,1,2026-02-20,['Wishlisted']
CUST1170,P5104,1.0,1,2026-06-26,['Browsed']
CUST1170,P5106,1.0,1,2026-04-28,['Browsed']
CUST1170,P5114,3.0,4,2025-12-28,"['Bought', 'Returned', 'Reviewed', 'Support_Contact']"
CUST1170,P5128,3.0,1,2026-07-04,['Added_to_Cart']
CUST1171,P5003,1.0,1,2025-11-14,['Browsed']
CUST1171,P5055,2.0,1,2026-06-18,['Wishlisted']
CUST1171,P5064,5.0,2,2025-06-07,"['Bought', 'Support_Contact']"
CUST1171,P5079,3.0,1,2026-06-27,['Added_to_Cart']
CUST1171,P5096,3.0,1,2026-06-15,['Added_to_Cart']
CUST1171,P5100,3.0,2,2025-09-20,"['Bought', 'Returned']"
CUST1171,P5111,5.0,1,2025-12-10,['Bought']
CUST1171,P5133,12.0,5,2026-08-23,"['Bought', 'Returned', 'Reviewed']"
CUST1171,P5136,0.0,2,2026-08-18,"['Design_Converted', 'Reviewed']"
CUST1172,P5012,3.0,1,2026-05-11,['Added_to_Cart']
CUST1172,P5026,1.0,1,2026-04-01,['Browsed']
CUST1172,P5030,3.0,1,2026-07-19,['Added_to_Cart']
CUST1172,P5057,1.0,1,2026-08-20,['Browsed']
CUST1172,P5068,2.0,1,2026-03-21,['Wishlisted']
CUST1172,P5069,2.0,1,2026-07-01,['Wishlisted']
CUST1172,P5074,5.0,1,2025-06-16,['Bought']
CUST1172,P5079,5.0,1,2026-05-09,['Bought']
CUST1172,P5080,2.0,1,2026-04-26,['Wishlisted']
CUST1172,P5114,5.0,2,2025-12-06,"['Bought', 'Support_Contact']"
CUST1172,P5127,5.0,3,2026-08-15,"['Bought', 'Reviewed', 'Support_Contact']"
CUST1173,P5035,1.0,1,2026-06-17,['Browsed']
CUST1173,P5042,5.0,1,2025-07-15,['Bought']
CUST1173,P5054,1.0,1,2026-06-04,['Browsed']
CUST1173,P5060,1.0,1,2026-08-06,['Browsed']
CUST1173,P5062,5.0,1,2025-09-02,['Bought']
CUST1173,P5077,0.0,1,2026-05-21,['Design_Converted']
CUST1173,P5078,1.0,1,2026-01-02,['Browsed']
CUST1173,P5080,2.0,1,2026-05-09,['Wishlisted']
CUST1173,P5095,5.0,1,2025-04-18,['Bought']
CUST1173,P5122,5.0,2,2025-12-16,"['Bought', 'Support_Contact']"
CUST1173,P5124,5.0,1,2025-11-25,['Bought']
CUST1173,P5136,8.0,3,2026-08-17,"['Bought', 'Reviewed', 'Support_Contact']"
CUST1174,P5007,5.0,1,2025-04-11,['Bought']
CUST1174,P5024,2.0,1,2025-11-21,['Wishlisted']
CUST1174,P5035,3.0,1,2026-08-09,['Added_to_Cart']
CUST1174,P5044,1.0,1,2025-11-11,['Browsed']
CUST1174,P5053,1.0,1,2026-07-07,['Browsed']
CUST1174,P5062,1.0,1,2026-01-04,['Browsed']
CUST1174,P5099,5.0,1,2026-05-13,['Bought']
CUST1174,P5125,1.0,1,2025-10-25,['Browsed']
CUST1175,P5001,5.0,1,2025-04-20,['Bought']
CUST1175,P5027,5.0,1,2025-07-07,['Bought']
CUST1175,P5042,0.0,1,2026-03-05,['Design_Converted']
CUST1175,P5048,3.0,1,2026-03-18,['Added_to_Cart']
CUST1175,P5063,2.0,1,2026-01-12,['Wishlisted']
CUST1175,P5078,1.0,1,2026-05-30,['Browsed']
CUST1175,P5088,5.0,1,2026-02-19,['Bought']
CUST1175,P5111,1.0,1,2025-10-18,['Browsed']
CUST1175,P5135,3.0,1,2026-07-26,['Added_to_Cart']
CUST1176,P5002,1.0,1,2026-07-08,['Browsed']
CUST1176,P5004,1.0,1,2025-10-01,['Browsed']
CUST1176,P5034,2.0,1,2026-08-22,['Wishlisted']
CUST1176,P5047,1.0,1,2025-11-26,['Browsed']
CUST1176,P5061,1.0,1,2025-11-19,['Browsed']
CUST1176,P5114,2.0,1,2026-06-04,['Wishlisted']
CUST1176,P5126,1.0,1,2026-05-09,['Browsed']
CUST1177,P5004,7.0,2,2025-11-20,"['Bought', 'Reviewed']"
CUST1177,P5012,2.0,1,2025-11-17,['Wishlisted']
CUST1177,P5020,1.0,1,2026-01-20,['Browsed']
CUST1177,P5031,3.0,1,2026-03-31,['Added_to_Cart']
CUST1177,P5047,1.0,1,2026-05-31,['Browsed']
CUST1177,P5056,2.0,1,2026-07-24,['Wishlisted']
CUST1177,P5083,2.0,1,2026-04-06,['Wishlisted']
CUST1177,P5104,3.0,1,2026-07-21,['Added_to_Cart']
CUST1177,P5118,2.0,1,2026-07-02,['Wishlisted']
CUST1177,P5133,1.0,1,2025-12-30,['Browsed']
CUST1177,P5134,10.0,3,2026-08-20,"['Bought', 'Reviewed']"
CUST1178,P5034,1.0,1,2026-05-28,['Browsed']
CUST1178,P5038,3.0,1,2026-04-30,['Added_to_Cart']
CUST1178,P5042,1.0,1,2026-07-21,['Browsed']
CUST1178,P5068,3.0,1,2026-07-17,['Added_to_Cart']
CUST1178,P5070,2.0,1,2026-01-15,['Wishlisted']
CUST1178,P5077,1.0,1,2025-11-23,['Browsed']
CUST1178,P5083,1.0,1,2025-10-22,['Browsed']
CUST1178,P5092,1.0,1,2025-12-31,['Browsed']
CUST1178,P5093,1.0,1,2026-07-12,['Browsed']
CUST1178,P5106,6.0,2,2026-08-23,"['Bought', 'Reviewed']"
CUST1178,P5120,3.0,1,2026-05-09,['Added_to_Cart']
CUST1178,P5133,5.0,1,2026-02-28,['Bought']
CUST1179,P5001,1.0,1,2026-07-21,['Browsed']
CUST1179,P5014,1.0,1,2026-02-19,['Browsed']
CUST1179,P5024,3.0,1,2026-08-18,['Added_to_Cart']
CUST1179,P5034,11.0,4,2025-11-11,"['Bought', 'Reviewed']"
CUST1179,P5037,7.0,2,2026-07-05,"['Bought', 'Reviewed']"
CUST1179,P5038,1.0,1,2026-08-16,['Browsed']
CUST1179,P5042,1.0,1,2025-12-17,['Browsed']
CUST1179,P5045,5.0,2,2026-01-04,"['Bought', 'Support_Contact']"
CUST1179,P5047,5.0,1,2026-07-24,['Bought']
CUST1179,P5069,5.0,1,2026-03-28,['Bought']
CUST1179,P5070,1.0,1,2026-06-24,['Browsed']
CUST1179,P5073,2.0,1,2026-03-19,['Wishlisted']
CUST1179,P5078,5.0,2,2026-08-04,"['Bought', 'Reviewed']"
CUST1179,P5088,1.0,1,2026-05-24,['Browsed']
CUST1179,P5089,2.0,2,2026-03-29,['Browsed']
CUST1179,P5098,3.0,1,2026-02-26,['Added_to_Cart']
CUST1179,P5121,5.0,1,2026-03-07,['Bought']
CUST1179,P5122,3.0,1,2026-03-08,['Added_to_Cart']
CUST1180,P5006,1.0,1,2026-06-10,['Browsed']
CUST1180,P5016,1.0,1,2026-02-06,['Browsed']
CUST1180,P5034,1.0,1,2026-03-05,['Browsed']
CUST1180,P5058,1.0,1,2026-07-04,['Browsed']
CUST1180,P5080,3.0,1,2026-07-02,['Added_to_Cart']
CUST1180,P5081,6.0,2,2025-10-22,"['Bought', 'Reviewed']"
CUST1180,P5107,11.0,3,2025-10-20,"['Bought', 'Reviewed']"
CUST1180,P5120,1.0,1,2026-02-03,['Browsed']
CUST1180,P5138,1.0,1,2026-04-14,['Browsed']
CUST1181,P5026,1.0,1,2026-06-15,['Browsed']
CUST1181,P5097,3.0,1,2026-04-04,['Added_to_Cart']
CUST1181,P5100,1.0,1,2026-02-04,['Browsed']
CUST1181,P5115,3.0,2,2025-08-29,"['Bought', 'Returned']"
CUST1181,P5121,3.0,1,2026-06-22,['Added_to_Cart']
CUST1181,P5123,1.0,1,2026-07-11,['Browsed']
CUST1181,P5134,1.0,1,2025-10-01,['Browsed']
CUST1182,P5025,5.0,1,2025-04-13,['Bought']
CUST1182,P5030,5.0,1,2026-02-12,['Bought']
CUST1182,P5042,8.0,2,2025-12-08,"['Bought', 'Reviewed']"
CUST1182,P5054,1.0,1,2026-03-29,['Browsed']
CUST1182,P5056,1.0,1,2026-02-22,['Browsed']
CUST1182,P5058,2.0,1,2026-08-18,['Wishlisted']
CUST1182,P5064,3.0,1,2026-04-02,['Added_to_Cart']
CUST1182,P5067,9.0,6,2026-05-06,"['Bought', 'Returned', 'Reviewed', 'Support_Contact', 'Wishlisted']"
CUST1182,P5070,2.0,1,2026-02-02,['Wishlisted']
CUST1182,P5092,3.0,1,2026-08-12,['Added_to_Cart']
CUST1182,P5107,1.0,1,2025-09-05,['Browsed']
CUST1182,P5109,1.0,1,2025-09-17,['Browsed']
CUST1182,P5116,3.0,1,2026-05-16,['Added_to_Cart']
CUST1182,P5137,9.0,3,2026-04-07,"['Bought', 'Reviewed']"
CUST1183,P5023,5.0,1,2026-05-16,['Bought']
CUST1183,P5027,5.0,1,2025-09-30,['Bought']
CUST1183,P5029,1.0,1,2025-12-26,['Browsed']
CUST1183,P5036,1.0,1,2026-02-05,['Browsed']
CUST1183,P5041,3.0,3,2025-12-22,"['Bought', 'Returned', 'Reviewed']"
CUST1183,P5067,5.0,1,2025-07-03,['Bought']
CUST1183,P5078,6.0,3,2026-08-19,"['Bought', 'Reviewed', 'Support_Contact']"
CUST1183,P5081,5.0,1,2025-07-03,['Bought']
CUST1183,P5082,1.0,1,2026-04-01,['Browsed']
CUST1184,P5006,1.0,1,2025-10-14,['Browsed']
CUST1184,P5032,5.0,1,2026-02-25,['Bought']
CUST1184,P5036,1.0,1,2025-12-16,['Browsed']
CUST1184,P5045,3.0,1,2026-05-29,['Added_to_Cart']
CUST1184,P5052,5.0,2,2026-04-15,"['Bought', 'Design_Converted']"
CUST1184,P5079,2.0,1,2026-02-21,['Wishlisted']
CUST1184,P5086,1.0,1,2026-04-10,['Browsed']
CUST1184,P5088,2.0,1,2026-01-10,['Wishlisted']
CUST1184,P5095,3.0,1,2026-04-18,['Added_to_Cart']
CUST1184,P5101,5.0,1,2026-03-21,['Bought']
CUST1184,P5103,5.0,1,2025-11-23,['Bought']
CUST1184,P5107,1.0,1,2025-12-29,['Browsed']
CUST1184,P5119,2.0,1,2026-01-27,['Wishlisted']
CUST1184,P5133,7.0,2,2026-08-17,"['Bought', 'Wishlisted']"
CUST1184,P5134,1.0,1,2026-06-16,['Browsed']
CUST1185,P5014,1.0,1,2026-05-29,['Browsed']
CUST1185,P5028,1.0,1,2025-12-19,['Browsed']
CUST1185,P5036,1.0,1,2026-01-01,['Browsed']
CUST1185,P5039,1.0,1,2026-06-11,['Browsed']
CUST1185,P5048,3.0,1,2026-03-12,['Added_to_Cart']
CUST1185,P5055,3.0,1,2026-06-19,['Added_to_Cart']
CUST1185,P5061,2.0,1,2026-06-08,['Wishlisted']
CUST1185,P5065,1.0,1,2025-12-07,['Browsed']
CUST1185,P5083,1.0,1,2026-03-21,['Browsed']
CUST1185,P5101,7.0,2,2026-08-20,"['Bought', 'Reviewed']"
CUST1185,P5106,1.0,1,2026-05-25,['Browsed']
CUST1185,P5132,2.0,1,2026-04-14,['Wishlisted']
CUST1186,P5001,3.0,1,2026-08-09,['Added_to_Cart']
CUST1186,P5003,2.0,1,2026-05-15,['Wishlisted']
CUST1186,P5015,2.0,1,2025-11-07,['Wishlisted']
CUST1186,P5024,3.0,1,2026-05-18,['Added_to_Cart']
CUST1186,P5025,3.0,1,2026-04-19,['Added_to_Cart']
CUST1186,P5028,2.0,1,2026-06-01,['Wishlisted']
CUST1186,P5033,1.0,1,2026-01-27,['Browsed']
CUST1186,P5038,5.0,1,2025-04-17,['Bought']
CUST1186,P5047,1.0,1,2026-02-17,['Browsed']
CUST1186,P5057,1.0,1,2026-06-15,['Browsed']
CUST1186,P5064,5.0,1,2026-01-31,['Bought']
CUST1186,P5071,1.0,1,2026-05-31,['Browsed']
CUST1186,P5089,1.0,1,2026-05-27,['Browsed']
CUST1186,P5090,5.0,1,2025-06-26,['Bought']
CUST1186,P5109,3.0,1,2026-04-24,['Added_to_Cart']
CUST1186,P5112,3.0,1,2026-03-03,['Added_to_Cart']
CUST1186,P5115,4.0,2,2026-08-10,"['Added_to_Cart', 'Browsed']"
CUST1186,P5134,5.0,1,2026-04-09,['Bought']
CUST1186,P5135,2.0,1,2025-12-13,['Wishlisted']
CUST1187,P5002,1.0,1,2025-12-07,['Browsed']
CUST1187,P5009,1.0,1,2026-03-13,['Browsed']
CUST1187,P5011,0.0,1,2026-05-01,['Design_Converted']
CUST1187,P5025,1.0,1,2025-10-16,['Browsed']
CUST1187,P5066,5.0,1,2025-08-07,['Bought']
CUST1187,P5078,3.0,1,2026-08-03,['Added_to_Cart']
CUST1187,P5089,5.0,1,2026-01-12,['Bought']
CUST1187,P5094,2.0,1,2026-01-29,['Wishlisted']
CUST1187,P5095,1.0,1,2026-05-17,['Browsed']
CUST1187,P5135,1.0,1,2026-05-09,['Browsed']
CUST1188,P5006,1.0,1,2026-06-02,['Browsed']
CUST1188,P5013,3.0,1,2026-07-28,['Added_to_Cart']
CUST1188,P5014,1.0,1,2025-09-03,['Browsed']
CUST1188,P5022,2.0,1,2026-02-21,['Wishlisted']
CUST1188,P5032,1.0,1,2026-01-01,['Browsed']
CUST1188,P5038,3.0,1,2026-06-28,['Added_to_Cart']
CUST1188,P5054,1.0,1,2026-01-28,['Browsed']
CUST1188,P5063,3.0,1,2026-06-15,['Added_to_Cart']
CUST1188,P5071,2.0,1,2025-12-11,['Wishlisted']
CUST1188,P5090,5.0,1,2026-05-24,['Bought']
CUST1188,P5100,2.0,1,2026-02-24,['Wishlisted']
CUST1188,P5102,5.0,1,2026-06-06,['Bought']
CUST1188,P5115,1.0,1,2025-11-22,['Browsed']
CUST1188,P5120,1.0,1,2026-02-11,['Browsed']
CUST1188,P5133,5.0,2,2025-05-14,"['Bought', 'Support_Contact']"
CUST1188,P5138,1.0,1,2025-10-07,['Browsed']
CUST1189,P5005,0.0,1,2026-06-25,['Design_Converted']
CUST1189,P5006,2.0,1,2025-11-22,['Wishlisted']
CUST1189,P5025,1.0,1,2026-04-05,['Browsed']
CUST1189,P5026,2.0,1,2026-01-03,['Wishlisted']
CUST1189,P5030,4.0,2,2026-05-28,['Wishlisted']
CUST1189,P5033,5.0,3,2025-11-30,"['Bought', 'Returned', 'Reviewed']"
CUST1189,P5049,1.0,1,2026-08-06,['Browsed']
CUST1189,P5053,3.0,1,2026-06-20,['Added_to_Cart']
CUST1189,P5058,1.0,1,2026-02-03,['Browsed']
CUST1189,P5085,3.0,1,2026-04-01,['Added_to_Cart']
CUST1189,P5104,1.0,3,2026-01-07,"['Bought', 'Returned']"
CUST1189,P5108,3.0,1,2026-06-06,['Added_to_Cart']
CUST1189,P5115,7.0,5,2026-08-19,"['Bought', 'Returned', 'Reviewed']"
CUST1189,P5122,3.0,1,2026-05-12,['Added_to_Cart']
CUST1189,P5123,3.0,1,2026-03-26,['Added_to_Cart']
CUST1189,P5130,3.0,1,2026-04-28,['Added_to_Cart']
CUST1190,P5025,2.0,1,2025-11-30,['Wishlisted']
CUST1190,P5042,5.0,1,2025-05-22,['Bought']
CUST1190,P5045,5.0,1,2025-12-06,['Bought']
CUST1190,P5050,3.0,1,2026-03-13,['Added_to_Cart']
CUST1190,P5052,2.0,1,2026-04-04,['Wishlisted']
CUST1190,P5073,1.0,1,2026-04-08,['Browsed']
CUST1190,P5074,2.0,2,2026-06-03,['Browsed']
CUST1190,P5083,1.0,1,2025-09-22,['Browsed']
CUST1190,P5086,1.0,1,2026-08-23,['Browsed']
CUST1190,P5100,2.0,1,2026-06-07,['Wishlisted']
CUST1190,P5109,3.0,2,2026-05-14,"['Bought', 'Returned']"
CUST1190,P5118,1.0,1,2026-05-18,['Browsed']
CUST1190,P5122,5.0,3,2026-01-20,"['Bought', 'Support_Contact']"
CUST1191,P5014,3.0,1,2026-04-16,['Added_to_Cart']
CUST1191,P5020,6.0,2,2026-07-08,"['Bought', 'Browsed']"
CUST1191,P5062,3.0,1,2026-08-07,['Added_to_Cart']
CUST1191,P5107,2.0,1,2026-03-16,['Wishlisted']
CUST1191,P5123,6.0,2,2026-06-27,"['Bought', 'Browsed']"
CUST1191,P5134,2.0,1,2026-08-23,['Wishlisted']
CUST1191,P5137,3.0,1,2026-04-04,['Added_to_Cart']
CUST1192,P5005,1.0,1,2025-11-05,['Browsed']
CUST1192,P5013,3.0,1,2026-04-10,['Added_to_Cart']
CUST1192,P5033,5.0,1,2025-06-12,['Bought']
CUST1192,P5050,1.0,1,2026-08-20,['Browsed']
CUST1192,P5052,3.0,1,2026-08-14,['Added_to_Cart']
CUST1192,P5053,1.0,1,2025-12-09,['Browsed']
CUST1192,P5067,1.0,1,2026-07-18,['Browsed']
CUST1192,P5070,3.0,1,2026-05-25,['Added_to_Cart']
CUST1192,P5071,3.0,1,2026-07-05,['Added_to_Cart']
CUST1192,P5084,3.0,1,2026-04-30,['Added_to_Cart']
CUST1192,P5097,3.0,1,2026-03-30,['Added_to_Cart']
CUST1192,P5116,3.0,3,2026-06-07,['Browsed']
CUST1192,P5127,1.0,1,2025-11-21,['Browsed']
CUST1192,P5129,4.0,2,2026-04-22,"['Added_to_Cart', 'Browsed']"
CUST1193,P5012,3.0,1,2026-07-31,['Added_to_Cart']
CUST1193,P5015,1.0,1,2025-11-02,['Browsed']
CUST1193,P5022,1.0,1,2025-10-24,['Browsed']
CUST1193,P5023,1.0,1,2026-03-12,['Browsed']
CUST1193,P5028,2.0,1,2026-08-14,['Wishlisted']
CUST1193,P5050,0.0,1,2026-07-24,['Design_Converted']
CUST1193,P5057,7.0,3,2025-11-13,"['Bought', 'Returned', 'Reviewed']"
CUST1193,P5085,1.0,1,2026-02-16,['Browsed']
CUST1193,P5110,8.0,2,2026-04-18,"['Added_to_Cart', 'Bought']"
CUST1193,P5121,3.0,1,2026-04-22,['Added_to_Cart']
CUST1193,P5125,1.0,1,2026-04-01,['Browsed']
CUST1194,P5002,2.0,1,2026-02-25,['Wishlisted']
CUST1194,P5003,3.0,1,2026-03-06,['Added_to_Cart']
CUST1194,P5023,2.0,1,2026-04-10,['Wishlisted']
CUST1194,P5028,1.0,1,2026-05-08,['Browsed']
CUST1194,P5046,1.0,1,2026-06-13,['Browsed']
CUST1194,P5059,1.0,1,2026-02-24,['Browsed']
CUST1194,P5086,4.0,2,2026-05-02,"['Added_to_Cart', 'Browsed']"
CUST1194,P5089,3.0,1,2026-04-05,['Added_to_Cart']
CUST1194,P5094,3.0,1,2026-02-23,['Added_to_Cart']
CUST1194,P5100,1.0,1,2025-11-22,['Browsed']
CUST1194,P5116,1.0,1,2025-09-04,['Browsed']
CUST1194,P5138,3.0,1,2026-02-09,['Added_to_Cart']
CUST1195,P5003,4.0,2,2026-04-01,"['Added_to_Cart', 'Browsed']"
CUST1195,P5018,3.0,1,2026-02-27,['Added_to_Cart']
CUST1195,P5026,3.0,1,2026-03-05,['Added_to_Cart']
CUST1195,P5029,2.0,1,2026-05-12,['Wishlisted']
CUST1195,P5058,2.0,1,2026-02-05,['Wishlisted']
CUST1195,P5060,3.0,1,2026-02-23,['Added_to_Cart']
CUST1195,P5083,9.0,2,2026-08-18,"['Bought', 'Reviewed']"
CUST1195,P5087,6.0,2,2026-05-13,"['Bought', 'Browsed']"
CUST1195,P5096,2.0,1,2025-11-19,['Wishlisted']
CUST1195,P5137,2.0,1,2025-11-09,['Wishlisted']
CUST1196,P5027,5.0,1,2026-05-05,['Bought']
CUST1196,P5030,6.0,2,2026-07-02,"['Bought', 'Reviewed']"
CUST1196,P5032,1.0,1,2026-05-15,['Browsed']
CUST1196,P5044,3.0,1,2026-07-15,['Added_to_Cart']
CUST1196,P5047,3.0,1,2026-06-25,['Added_to_Cart']
CUST1196,P5066,1.0,1,2025-09-23,['Browsed']
CUST1196,P5073,2.0,1,2025-12-28,['Wishlisted']
CUST1196,P5078,1.0,1,2026-01-22,['Browsed']
CUST1196,P5083,-2.0,2,2026-06-22,"['Design_Converted', 'Returned']"
CUST1196,P5090,5.0,1,2025-05-27,['Bought']
CUST1196,P5097,1.0,1,2025-12-01,['Browsed']
CUST1197,P5013,1.0,1,2025-12-05,['Browsed']
CUST1197,P5052,3.0,1,2026-05-10,['Added_to_Cart']
CUST1197,P5065,5.0,1,2026-01-11,['Bought']
CUST1197,P5076,1.0,1,2026-06-11,['Browsed']
CUST1197,P5091,1.0,1,2025-09-28,['Browsed']
CUST1197,P5113,1.0,1,2025-11-13,['Browsed']
CUST1197,P5121,5.0,3,2026-04-26,"['Added_to_Cart', 'Browsed']"
CUST1197,P5127,1.0,1,2026-01-28,['Browsed']
CUST1197,P5131,3.0,1,2026-02-27,['Added_to_Cart']
CUST1198,P5020,5.0,1,2025-07-06,['Bought']
CUST1198,P5043,3.0,1,2026-06-09,['Added_to_Cart']
CUST1198,P5049,1.0,1,2026-02-12,['Browsed']
CUST1198,P5056,2.0,1,2025-11-06,['Wishlisted']
CUST1198,P5057,5.0,1,2025-09-16,['Bought']
CUST1198,P5119,3.0,4,2026-05-25,"['Bought', 'Returned', 'Reviewed', 'Support_Contact']"
CUST1198,P5128,5.0,1,2026-07-10,['Bought']
CUST1199,P5006,5.0,1,2026-05-12,['Bought']
CUST1199,P5008,1.0,1,2026-07-01,['Browsed']
CUST1199,P5035,3.0,2,2026-04-13,"['Added_to_Cart', 'Design_Converted']"
CUST1199,P5042,1.0,1,2025-10-01,['Browsed']
CUST1199,P5052,2.0,1,2026-01-08,['Wishlisted']
CUST1199,P5078,1.0,1,2026-03-16,['Browsed']
CUST1199,P5093,2.0,1,2026-05-05,['Wishlisted']
CUST1199,P5102,5.0,1,2026-03-28,['Bought']
CUST1199,P5105,2.0,1,2026-04-19,['Wishlisted']
CUST1199,P5109,3.0,1,2026-03-18,['Added_to_Cart']
CUST1199,P5114,3.0,1,2026-04-24,['Added_to_Cart']
CUST1199,P5118,5.0,1,2025-09-06,['Bought']
CUST1199,P5120,1.0,1,2025-09-14,['Browsed']
CUST1199,P5124,1.0,1,2026-04-27,['Browsed']
CUST1199,P5129,1.0,1,2026-04-04,['Browsed']
CUST1199,P5134,5.0,1,2025-04-15,['Bought']
CUST1200,P5007,3.0,1,2026-03-02,['Added_to_Cart']
CUST1200,P5009,4.0,2,2026-08-11,"['Added_to_Cart', 'Browsed']"
CUST1200,P5014,3.0,1,2026-03-10,['Added_to_Cart']
CUST1200,P5027,1.0,1,2026-06-03,['Browsed']
CUST1200,P5037,2.0,1,2026-06-27,['Wishlisted']
CUST1200,P5043,1.0,1,2026-06-14,['Browsed']
CUST1200,P5050,3.0,1,2026-07-22,['Added_to_Cart']
CUST1200,P5073,1.0,1,2025-11-24,['Browsed']
CUST1200,P5075,1.0,1,2025-08-29,['Browsed']
CUST1200,P5109,1.0,1,2026-06-10,['Browsed']
CUST1200,P5111,1.0,1,2026-02-18,['Browsed']
CUST1200,P5134,1.0,1,2026-07-23,['Browsed']
CUST1201,P5005,1.0,1,2026-06-13,['Browsed']
CUST1201,P5009,1.0,1,2026-01-09,['Browsed']
CUST1201,P5022,3.0,1,2026-08-19,['Added_to_Cart']
CUST1201,P5025,2.0,1,2026-05-02,['Wishlisted']
CUST1201,P5035,1.0,1,2025-11-11,['Browsed']
CUST1201,P5044,2.0,1,2026-06-06,['Wishlisted']
CUST1201,P5048,1.0,1,2025-12-16,['Browsed']
CUST1201,P5058,1.0,1,2025-09-19,['Browsed']
CUST1201,P5075,3.0,1,2026-03-05,['Added_to_Cart']
CUST1201,P5077,2.0,1,2026-01-18,['Wishlisted']
CUST1201,P5092,5.0,2,2025-05-23,"['Bought', 'Support_Contact']"
CUST1201,P5098,1.0,1,2026-08-10,['Browsed']
CUST1201,P5105,2.0,1,2026-07-17,['Wishlisted']
CUST1201,P5117,5.0,1,2025-06-20,['Bought']
CUST1201,P5121,1.0,1,2026-05-30,['Browsed']
CUST1201,P5137,1.0,1,2025-09-02,['Browsed']
CUST1202,P5002,1.0,1,2025-08-30,['Browsed']
CUST1202,P5028,3.0,1,2026-03-29,['Added_to_Cart']
CUST1202,P5061,1.0,1,2026-05-30,['Browsed']
CUST1202,P5064,9.0,4,2025-11-28,"['Bought', 'Reviewed', 'Support_Contact']"
CUST1202,P5080,3.0,1,2026-04-03,['Added_to_Cart']
CUST1202,P5091,6.0,2,2026-08-14,"['Bought', 'Reviewed']"
CUST1202,P5095,5.0,1,2026-03-17,['Bought']
CUST1202,P5097,3.0,1,2026-02-15,['Added_to_Cart']
CUST1202,P5120,1.0,1,2025-11-16,['Browsed']
CUST1203,P5047,5.0,1,2025-12-29,['Bought']
CUST1203,P5048,1.0,5,2025-11-14,"['Bought', 'Returned', 'Support_Contact']"
CUST1203,P5054,1.0,1,2026-07-22,['Browsed']
CUST1203,P5067,10.0,7,2026-08-22,"['Bought', 'Returned', 'Reviewed', 'Support_Contact']"
CUST1203,P5091,2.0,1,2026-08-20,['Wishlisted']
CUST1203,P5103,1.0,1,2025-10-08,['Browsed']
CUST1203,P5122,1.0,1,2025-11-22,['Browsed']
CUST1203,P5126,3.0,1,2026-02-21,['Added_to_Cart']
CUST1203,P5134,1.0,1,2026-05-21,['Browsed']
CUST1204,P5010,5.0,1,2025-12-23,['Bought']
CUST1204,P5014,1.0,1,2026-06-02,['Browsed']
CUST1204,P5018,2.0,1,2026-06-18,['Wishlisted']
CUST1204,P5022,1.0,1,2026-08-19,['Browsed']
CUST1204,P5042,5.0,1,2026-04-02,['Bought']
CUST1204,P5049,2.0,1,2026-08-17,['Wishlisted']
CUST1204,P5092,5.0,1,2025-08-05,['Bought']
CUST1204,P5097,5.0,1,2025-07-10,['Bought']
CUST1204,P5119,1.0,1,2026-08-22,['Browsed']
CUST1204,P5127,5.0,2,2026-03-08,"['Bought', 'Support_Contact']"
CUST1204,P5132,5.0,1,2026-07-20,['Bought']
CUST1205,P5008,8.0,3,2026-03-30,"['Added_to_Cart', 'Bought', 'Support_Contact']"
CUST1205,P5016,1.0,1,2026-03-27,['Browsed']
CUST1205,P5017,1.0,1,2026-06-05,['Browsed']
CUST1205,P5035,1.0,1,2026-01-29,['Browsed']
CUST1205,P5070,1.0,1,2025-09-05,['Browsed']
CUST1205,P5102,1.0,1,2026-02-03,['Browsed']
CUST1205,P5116,3.0,2,2025-06-02,"['Bought', 'Returned']"
CUST1205,P5119,1.0,1,2026-01-30,['Browsed']
CUST1205,P5122,4.0,2,2026-05-20,['Wishlisted']
CUST1206,P5002,3.0,1,2026-06-22,['Added_to_Cart']
CUST1206,P5030,1.0,1,2025-10-05,['Browsed']
CUST1206,P5033,5.0,1,2025-08-14,['Bought']
CUST1206,P5047,3.0,1,2026-05-08,['Added_to_Cart']
CUST1206,P5051,5.0,1,2026-02-11,['Bought']
CUST1206,P5069,3.0,2,2025-06-11,"['Bought', 'Returned']"
CUST1206,P5080,5.0,1,2026-01-20,['Bought']
CUST1206,P5088,1.0,1,2026-01-15,['Browsed']
CUST1206,P5136,1.0,1,2025-10-07,['Browsed']
CUST1207,P5004,5.0,1,2025-11-04,['Bought']
CUST1207,P5011,0.0,1,2026-04-20,['Design_Converted']
CUST1207,P5025,3.0,1,2026-07-01,['Added_to_Cart']
CUST1207,P5028,3.0,1,2026-04-27,['Added_to_Cart']
CUST1207,P5042,1.0,1,2026-04-06,['Browsed']
CUST1207,P5049,2.0,1,2025-12-05,['Wishlisted']
CUST1207,P5063,3.0,1,2026-07-07,['Added_to_Cart']
CUST1207,P5092,3.0,1,2026-03-02,['Added_to_Cart']
CUST1207,P5093,5.0,1,2026-01-01,['Bought']
CUST1207,P5097,1.0,1,2026-04-14,['Browsed']
CUST1207,P5116,1.0,1,2026-02-06,['Browsed']
CUST1208,P5027,1.0,1,2026-01-12,['Browsed']
CUST1208,P5032,1.0,1,2026-04-09,['Browsed']
CUST1208,P5044,3.0,1,2026-05-01,['Added_to_Cart']
CUST1208,P5045,1.0,1,2026-03-06,['Browsed']
CUST1208,P5049,1.0,1,2025-09-02,['Browsed']
CUST1208,P5055,3.0,1,2026-04-28,['Added_to_Cart']
CUST1208,P5070,3.0,1,2026-04-06,['Added_to_Cart']
CUST1208,P5081,5.0,1,2026-02-20,['Bought']
CUST1208,P5084,1.0,1,2026-08-17,['Browsed']
CUST1208,P5087,2.0,1,2026-06-21,['Wishlisted']
CUST1208,P5096,5.0,1,2025-12-23,['Bought']
CUST1208,P5103,1.0,1,2025-08-31,['Browsed']
CUST1208,P5107,3.0,2,2025-08-28,"['Bought', 'Returned']"
CUST1208,P5135,1.0,1,2026-06-02,['Browsed']
CUST1208,P5138,1.0,1,2026-04-05,['Browsed']
CUST1209,P5002,3.0,1,2026-06-07,['Added_to_Cart']
CUST1209,P5006,3.0,1,2026-06-23,['Added_to_Cart']
CUST1209,P5021,1.0,1,2025-09-30,['Browsed']
CUST1209,P5023,1.0,1,2026-04-28,['Browsed']
CUST1209,P5024,1.0,1,2025-11-10,['Browsed']
CUST1209,P5034,2.0,1,2025-11-27,['Wishlisted']
CUST1209,P5037,1.0,1,2026-07-31,['Browsed']
CUST1209,P5052,1.0,1,2025-11-17,['Browsed']
CUST1209,P5078,3.0,1,2026-06-09,['Added_to_Cart']
CUST1209,P5095,1.0,1,2026-02-21,['Browsed']
CUST1209,P5099,5.0,1,2026-04-25,['Bought']
CUST1209,P5101,1.0,1,2026-03-01,['Browsed']
CUST1209,P5102,5.0,1,2026-01-11,['Bought']
CUST1209,P5132,1.0,1,2026-05-13,['Browsed']
CUST1210,P5006,1.0,1,2025-10-15,['Browsed']
CUST1210,P5008,2.0,1,2026-01-31,['Wishlisted']
CUST1210,P5024,1.0,1,2026-01-13,['Browsed']
CUST1210,P5027,5.0,1,2025-10-17,['Bought']
CUST1210,P5037,8.0,3,2026-06-10,"['Bought', 'Returned']"
CUST1210,P5064,1.0,1,2025-11-06,['Browsed']
CUST1210,P5069,2.0,1,2026-03-26,['Wishlisted']
CUST1210,P5100,2.0,2,2026-08-06,['Browsed']
CUST1210,P5109,1.0,1,2026-08-16,['Browsed']
CUST1210,P5110,5.0,1,2025-09-03,['Bought']
CUST1210,P5112,3.0,1,2026-03-09,['Added_to_Cart']
CUST1210,P5118,3.0,2,2026-06-29,"['Browsed', 'Wishlisted']"
CUST1210,P5125,1.0,1,2026-01-08,['Browsed']
CUST1210,P5131,5.0,1,2025-04-24,['Bought']
CUST1210,P5133,1.0,1,2025-10-22,['Browsed']
CUST1210,P5137,3.0,1,2026-02-26,['Added_to_Cart']
CUST1211,P5003,1.0,1,2025-08-31,['Browsed']
CUST1211,P5015,2.0,1,2026-01-29,['Wishlisted']
CUST1211,P5038,5.0,2,2026-05-13,"['Bought', 'Support_Contact']"
CUST1211,P5042,3.0,2,2026-08-03,"['Bought', 'Returned']"
CUST1211,P5059,3.0,1,2026-05-31,['Added_to_Cart']
CUST1211,P5086,5.0,1,2025-07-04,['Bought']
CUST1211,P5096,2.0,1,2026-05-21,['Wishlisted']
CUST1211,P5125,1.0,1,2026-05-25,['Browsed']
CUST1212,P5010,3.0,1,2026-08-08,['Added_to_Cart']
CUST1212,P5014,1.0,2,2026-05-13,"['Browsed', 'Design_Converted']"
CUST1212,P5018,6.0,2,2026-05-15,"['Bought', 'Browsed']"
CUST1212,P5070,1.0,1,2026-03-03,['Browsed']
CUST1212,P5077,5.0,3,2025-06-03,"['Bought', 'Support_Contact']"
CUST1212,P5079,3.0,1,2026-08-23,['Added_to_Cart']
CUST1212,P5084,3.0,1,2026-02-07,['Added_to_Cart']
CUST1212,P5086,2.0,1,2026-05-12,['Wishlisted']
CUST1212,P5089,1.0,1,2026-05-22,['Browsed']
CUST1212,P5093,2.0,2,2026-06-25,['Browsed']
CUST1212,P5095,1.0,1,2026-05-05,['Browsed']
CUST1212,P5100,2.0,1,2026-01-28,['Wishlisted']
CUST1212,P5136,1.0,1,2025-11-14,['Browsed']
CUST1213,P5002,3.0,1,2026-07-25,['Added_to_Cart']
CUST1213,P5007,1.0,1,2026-03-22,['Browsed']
CUST1213,P5012,2.0,1,2026-01-14,['Wishlisted']
CUST1213,P5023,1.0,1,2026-01-16,['Browsed']
CUST1213,P5029,3.0,1,2026-07-20,['Added_to_Cart']
CUST1213,P5061,5.0,1,2025-12-06,['Bought']
CUST1213,P5066,2.0,1,2026-02-22,['Wishlisted']
CUST1213,P5070,3.0,1,2026-02-26,['Added_to_Cart']
CUST1213,P5078,5.0,1,2025-08-19,['Bought']
CUST1213,P5087,3.0,1,2026-04-06,['Added_to_Cart']
CUST1213,P5098,3.0,1,2026-08-09,['Added_to_Cart']
CUST1214,P5010,3.0,1,2026-05-28,['Added_to_Cart']
CUST1214,P5011,1.0,1,2025-10-05,['Browsed']
CUST1214,P5015,2.0,1,2025-12-11,['Wishlisted']
CUST1214,P5016,1.0,1,2026-06-26,['Browsed']
CUST1214,P5026,1.0,1,2026-02-24,['Browsed']
CUST1214,P5039,12.0,3,2026-07-19,"['Added_to_Cart', 'Bought', 'Reviewed']"
CUST1214,P5051,1.0,1,2026-01-21,['Browsed']
CUST1214,P5065,1.0,1,2026-02-19,['Browsed']
CUST1214,P5070,5.0,1,2025-09-02,['Bought']
CUST1214,P5092,3.0,1,2026-07-30,['Added_to_Cart']
CUST1214,P5108,1.0,1,2026-03-21,['Browsed']
CUST1214,P5111,2.0,1,2026-04-19,['Wishlisted']
CUST1214,P5112,1.0,1,2026-05-19,['Browsed']
CUST1214,P5114,2.0,1,2025-11-18,['Wishlisted']
CUST1214,P5128,3.0,1,2026-07-26,['Added_to_Cart']
CUST1215,P5013,2.0,1,2026-07-03,['Wishlisted']
CUST1215,P5016,5.0,2,2025-06-25,"['Bought', 'Support_Contact']"
CUST1215,P5017,5.0,1,2025-08-24,['Bought']
CUST1215,P5018,1.0,1,2026-04-10,['Browsed']
CUST1215,P5019,3.0,1,2026-07-06,['Added_to_Cart']
CUST1215,P5026,3.0,1,2026-06-20,['Added_to_Cart']
CUST1215,P5043,3.0,1,2026-06-08,['Added_to_Cart']
CUST1215,P5044,10.0,3,2026-03-10,"['Added_to_Cart', 'Bought', 'Wishlisted']"
CUST1215,P5046,0.0,1,2026-04-16,['Design_Converted']
CUST1215,P5059,2.0,1,2026-05-24,['Wishlisted']
CUST1215,P5070,1.0,1,2026-04-19,['Browsed']
CUST1215,P5116,1.0,1,2026-05-16,['Browsed']
CUST1215,P5120,1.0,1,2025-11-03,['Browsed']
CUST1215,P5134,1.0,1,2026-07-03,['Browsed']
CUST1216,P5002,1.0,1,2026-01-12,['Browsed']
CUST1216,P5015,3.0,1,2026-05-28,['Added_to_Cart']
CUST1216,P5018,1.0,1,2026-07-30,['Browsed']
CUST1216,P5035,2.0,1,2026-07-20,['Wishlisted']
CUST1216,P5042,5.0,1,2026-07-04,['Bought']
CUST1216,P5053,1.0,1,2025-10-06,['Browsed']
CUST1216,P5059,5.0,1,2026-04-14,['Bought']
CUST1216,P5079,2.0,1,2025-11-09,['Wishlisted']
CUST1216,P5103,2.0,1,2025-12-20,['Wishlisted']
CUST1216,P5112,5.0,1,2026-02-14,['Bought']
CUST1216,P5128,2.0,1,2026-05-08,['Wishlisted']
CUST1216,P5133,3.0,1,2026-07-02,['Added_to_Cart']
CUST1217,P5004,3.0,1,2026-02-10,['Added_to_Cart']
CUST1217,P5005,2.0,1,2026-01-11,['Wishlisted']
CUST1217,P5022,1.0,1,2026-03-09,['Browsed']
CUST1217,P5027,3.0,1,2026-07-08,['Added_to_Cart']
CUST1217,P5038,2.0,1,2026-04-20,['Wishlisted']
CUST1217,P5039,3.0,1,2026-06-13,['Added_to_Cart']
CUST1217,P5053,5.0,1,2025-05-23,['Bought']
CUST1217,P5060,1.0,1,2025-10-20,['Browsed']
CUST1217,P5084,3.0,1,2026-08-24,['Added_to_Cart']
CUST1217,P5102,2.0,1,2026-07-01,['Wishlisted']
CUST1217,P5120,1.0,1,2026-02-28,['Browsed']
CUST1217,P5123,3.0,1,2026-08-01,['Added_to_Cart']
CUST1217,P5128,3.0,2,2026-04-17,"['Bought', 'Returned']"
CUST1218,P5002,0.0,1,2026-07-07,['Design_Converted']
CUST1218,P5008,1.0,1,2026-03-10,['Browsed']
CUST1218,P5010,3.0,1,2026-05-01,['Added_to_Cart']
CUST1218,P5028,1.0,1,2026-06-12,['Browsed']
CUST1218,P5044,5.0,1,2025-10-08,['Bought']
CUST1218,P5053,5.0,1,2025-11-21,['Bought']
CUST1218,P5056,5.0,1,2025-06-05,['Bought']
CUST1218,P5087,2.0,1,2026-03-28,['Wishlisted']
CUST1218,P5091,1.0,1,2025-12-08,['Browsed']
CUST1218,P5103,5.0,1,2025-08-17,['Bought']
CUST1218,P5133,1.0,1,2026-04-01,['Browsed']
CUST1219,P5005,5.0,1,2025-08-04,['Bought']
CUST1219,P5016,1.0,1,2026-01-25,['Browsed']
CUST1219,P5017,1.0,1,2025-10-24,['Browsed']
CUST1219,P5027,3.0,1,2026-02-07,['Added_to_Cart']
CUST1219,P5042,1.0,1,2026-05-12,['Browsed']
CUST1219,P5043,1.0,1,2026-02-03,['Browsed']
CUST1219,P5050,1.0,1,2026-04-12,['Browsed']
CUST1219,P5053,1.0,1,2025-12-17,['Browsed']
CUST1219,P5058,3.0,1,2026-08-15,['Added_to_Cart']
CUST1219,P5074,2.0,1,2026-05-20,['Wishlisted']
CUST1219,P5077,5.0,1,2025-07-24,['Bought']
CUST1219,P5085,1.0,3,2026-08-22,"['Design_Converted', 'Reviewed']"
CUST1219,P5099,2.0,1,2026-03-10,['Wishlisted']
CUST1219,P5117,7.0,2,2026-01-30,"['Bought', 'Reviewed']"
CUST1219,P5118,3.0,3,2026-04-23,"['Bought', 'Returned', 'Reviewed']"
CUST1219,P5120,1.0,1,2025-12-17,['Browsed']
CUST1219,P5123,3.0,1,2026-06-14,['Added_to_Cart']
CUST1219,P5134,1.0,1,2025-11-24,['Browsed']
CUST1220,P5001,3.0,1,2026-02-25,['Added_to_Cart']
CUST1220,P5018,1.0,1,2025-10-31,['Browsed']
CUST1220,P5037,1.0,1,2025-09-12,['Browsed']
CUST1220,P5067,5.0,1,2026-03-21,['Bought']
CUST1220,P5081,3.0,1,2026-06-14,['Added_to_Cart']
CUST1220,P5083,3.0,1,2026-07-31,['Added_to_Cart']
CUST1220,P5087,3.0,1,2026-03-15,['Added_to_Cart']
CUST1220,P5104,5.0,1,2026-01-23,['Bought']
CUST1220,P5129,1.0,1,2026-03-01,['Browsed']
CUST1220,P5132,3.0,1,2026-07-23,['Added_to_Cart']
CUST1221,P5015,3.0,1,2026-04-28,['Added_to_Cart']
CUST1221,P5022,3.0,2,2026-05-08,"['Browsed', 'Wishlisted']"
CUST1221,P5033,1.0,1,2025-10-14,['Browsed']
CUST1221,P5041,6.0,3,2025-11-20,"['Bought', 'Returned', 'Reviewed']"
CUST1221,P5048,2.0,1,2026-01-12,['Wishlisted']
CUST1221,P5055,1.0,1,2026-01-16,['Browsed']
CUST1221,P5060,5.0,1,2026-05-19,['Bought']
CUST1221,P5075,3.0,2,2025-05-30,"['Bought', 'Returned']"
CUST1221,P5097,3.0,1,2026-05-15,['Added_to_Cart']
CUST1221,P5129,2.0,1,2026-03-14,['Wishlisted']
CUST1222,P5015,3.0,1,2026-08-02,['Added_to_Cart']
CUST1222,P5020,3.0,2,2025-08-22,"['Bought', 'Returned']"
CUST1222,P5023,1.0,1,2025-09-28,['Browsed']
CUST1222,P5025,1.0,1,2026-02-04,['Browsed']
CUST1222,P5027,3.0,1,2026-08-19,['Added_to_Cart']
CUST1222,P5042,3.0,1,2026-05-21,['Added_to_Cart']
CUST1222,P5055,2.0,1,2026-03-20,['Wishlisted']
CUST1222,P5075,5.0,1,2025-09-06,['Bought']
CUST1222,P5076,1.0,1,2026-01-31,['Browsed']
CUST1222,P5081,7.0,5,2026-08-14,"['Bought', 'Returned', 'Reviewed']"
CUST1222,P5082,2.0,1,2026-04-27,['Wishlisted']
CUST1222,P5106,5.0,1,2026-06-23,['Bought']
CUST1222,P5116,5.0,1,2026-05-18,['Bought']
CUST1222,P5119,2.0,1,2026-06-01,['Wishlisted']
CUST1222,P5122,3.0,1,2026-02-09,['Added_to_Cart']
CUST1222,P5138,1.0,1,2025-12-17,['Browsed']
CUST1223,P5012,5.0,1,2026-05-07,['Bought']
CUST1223,P5033,1.0,1,2025-11-20,['Browsed']
CUST1223,P5056,5.0,1,2026-05-27,['Bought']
CUST1223,P5063,3.0,1,2026-06-02,['Added_to_Cart']
CUST1223,P5072,8.0,3,2026-07-13,"['Added_to_Cart', 'Bought', 'Reviewed']"
CUST1223,P5074,1.0,1,2026-04-01,['Browsed']
CUST1223,P5106,8.0,3,2025-12-17,"['Bought', 'Reviewed', 'Support_Contact']"
CUST1223,P5107,3.0,3,2026-07-23,"['Bought', 'Returned', 'Support_Contact']"
CUST1223,P5116,6.0,2,2026-03-14,"['Bought', 'Browsed']"
CUST1223,P5137,1.0,1,2026-07-17,['Browsed']
CUST1224,P5007,3.0,1,2026-04-15,['Added_to_Cart']
CUST1224,P5008,1.0,1,2026-02-13,['Browsed']
CUST1224,P5013,8.0,2,2026-07-02,"['Bought', 'Reviewed']"
CUST1224,P5017,9.0,2,2026-08-15,"['Bought', 'Reviewed']"
CUST1224,P5018,1.0,1,2026-05-03,['Browsed']
CUST1224,P5020,1.0,1,2025-11-19,['Browsed']
CUST1224,P5042,1.0,1,2026-08-16,['Browsed']
CUST1224,P5053,1.0,1,2025-11-17,['Browsed']
CUST1224,P5059,5.0,1,2025-06-29,['Bought']
CUST1224,P5073,5.0,1,2025-05-18,['Bought']
CUST1224,P5082,1.0,1,2025-09-03,['Browsed']
CUST1224,P5098,5.0,2,2026-05-13,"['Bought', 'Reviewed']"
CUST1224,P5116,2.0,1,2026-08-06,['Wishlisted']
CUST1224,P5122,1.0,1,2025-12-13,['Browsed']
CUST1225,P5023,5.0,2,2026-05-23,"['Bought', 'Reviewed']"
CUST1225,P5029,1.0,1,2026-07-11,['Browsed']
CUST1225,P5031,1.0,1,2026-01-25,['Browsed']
CUST1225,P5035,5.0,1,2025-07-25,['Bought']
CUST1225,P5064,5.0,1,2025-08-31,['Bought']
CUST1225,P5103,2.0,1,2025-12-21,['Wishlisted']
CUST1225,P5122,2.0,1,2026-07-14,['Wishlisted']
CUST1225,P5131,2.0,1,2026-01-30,['Wishlisted']
CUST1225,P5136,2.0,1,2026-04-13,['Wishlisted']
CUST1225,P5137,2.0,1,2026-01-26,['Wishlisted']
CUST1225,P5138,9.0,2,2026-08-17,"['Bought', 'Reviewed']"
CUST1226,P5001,7.0,2,2026-08-18,"['Bought', 'Reviewed']"
CUST1226,P5010,2.0,1,2026-02-06,['Wishlisted']
CUST1226,P5043,6.0,2,2026-04-19,"['Bought', 'Browsed']"
CUST1226,P5050,1.0,1,2026-05-25,['Browsed']
CUST1226,P5051,1.0,1,2026-01-26,['Browsed']
CUST1226,P5082,1.0,1,2025-09-12,['Browsed']
CUST1226,P5090,5.0,1,2025-05-09,['Bought']
CUST1226,P5106,5.0,1,2025-11-11,['Bought']
CUST1226,P5109,8.0,2,2026-07-23,"['Bought', 'Reviewed']"
CUST1226,P5119,3.0,1,2026-08-01,['Added_to_Cart']
CUST1226,P5124,1.0,1,2025-09-24,['Browsed']
CUST1226,P5125,5.0,2,2026-07-15,"['Added_to_Cart', 'Wishlisted']"
CUST1226,P5130,1.0,1,2026-06-15,['Browsed']
CUST1227,P5006,5.0,1,2026-02-05,['Bought']
CUST1227,P5021,5.0,1,2025-06-28,['Bought']
CUST1227,P5025,3.0,1,2026-04-23,['Added_to_Cart']
CUST1227,P5038,1.0,1,2025-12-27,['Browsed']
CUST1227,P5041,1.0,1,2025-10-28,['Browsed']
CUST1227,P5049,0.0,1,2026-08-02,['Design_Converted']
CUST1227,P5058,5.0,1,2025-06-21,['Bought']
CUST1227,P5059,2.0,1,2026-03-02,['Wishlisted']
CUST1227,P5072,1.0,1,2026-08-18,['Browsed']
CUST1227,P5094,3.0,1,2026-02-25,['Added_to_Cart']
CUST1227,P5096,6.0,2,2025-09-01,"['Bought', 'Browsed']"
CUST1227,P5103,1.0,1,2025-11-23,['Browsed']
CUST1227,P5123,5.0,1,2025-12-03,['Bought']
CUST1228,P5013,2.0,1,2026-05-22,['Wishlisted']
CUST1228,P5015,3.0,1,2026-03-18,['Added_to_Cart']
CUST1228,P5017,1.0,1,2026-02-16,['Browsed']
CUST1228,P5024,5.0,1,2025-12-25,['Bought']
CUST1228,P5041,3.0,1,2026-07-27,['Added_to_Cart']
CUST1228,P5042,1.0,1,2025-09-25,['Browsed']
CUST1228,P5093,1.0,1,2026-07-23,['Browsed']
CUST1228,P5115,3.0,1,2026-05-16,['Added_to_Cart']
CUST1228,P5117,5.0,1,2026-01-17,['Bought']
CUST1229,P5017,1.0,1,2026-07-12,['Browsed']
CUST1229,P5047,3.0,1,2026-05-03,['Added_to_Cart']
CUST1229,P5063,5.0,1,2025-12-13,['Bought']
CUST1229,P5095,1.0,1,2026-06-19,['Browsed']
CUST1229,P5106,5.0,1,2025-12-31,['Bought']
CUST1229,P5107,3.0,1,2026-03-08,['Added_to_Cart']
CUST1229,P5130,5.0,3,2025-12-17,"['Bought', 'Support_Contact']"
CUST1229,P5137,2.0,1,2026-01-16,['Wishlisted']
CUST1230,P5010,1.0,1,2025-10-20,['Browsed']
CUST1230,P5031,3.0,1,2026-05-10,['Added_to_Cart']
CUST1230,P5036,1.0,1,2026-01-17,['Browsed']
CUST1230,P5042,5.0,1,2025-06-14,['Bought']
CUST1230,P5061,1.0,1,2026-04-24,['Browsed']
CUST1230,P5102,5.0,1,2026-02-17,['Bought']
CUST1230,P5110,2.0,2,2025-11-25,['Browsed']
CUST1230,P5115,2.0,1,2026-05-14,['Wishlisted']
CUST1230,P5123,9.0,3,2026-08-22,"['Bought', 'Reviewed', 'Support_Contact']"
CUST1230,P5125,5.0,1,2025-10-20,['Bought']
CUST1230,P5129,2.0,1,2026-07-06,['Wishlisted']
CUST1230,P5138,1.0,1,2026-08-02,['Browsed']
CUST1231,P5003,1.0,1,2025-09-10,['Browsed']
CUST1231,P5007,5.0,1,2026-07-22,['Bought']
CUST1231,P5023,1.0,1,2026-06-25,['Browsed']
CUST1231,P5044,1.0,1,2026-06-04,['Browsed']
CUST1231,P5045,5.0,1,2025-08-21,['Bought']
CUST1231,P5047,5.0,1,2025-06-19,['Bought']
CUST1231,P5055,5.0,1,2025-06-05,['Bought']
CUST1231,P5065,3.0,1,2026-07-20,['Added_to_Cart']
CUST1231,P5072,3.0,2,2025-10-18,"['Bought', 'Returned']"
CUST1231,P5126,2.0,1,2026-02-13,['Wishlisted']
CUST1231,P5133,4.0,2,2026-07-15,"['Added_to_Cart', 'Browsed']"
CUST1231,P5138,3.0,1,2026-06-25,['Added_to_Cart']
CUST1232,P5068,2.0,1,2026-02-28,['Wishlisted']
CUST1232,P5083,9.0,3,2026-08-18,"['Bought', 'Reviewed', 'Support_Contact']"
CUST1232,P5120,1.0,1,2025-11-04,['Browsed']
CUST1233,P5002,3.0,1,2026-04-03,['Added_to_Cart']
CUST1233,P5006,1.0,1,2026-03-19,['Browsed']
CUST1233,P5018,5.0,1,2025-07-01,['Bought']
CUST1233,P5025,5.0,2,2026-08-02,"['Bought', 'Reviewed']"
CUST1233,P5027,5.0,1,2026-02-06,['Bought']
CUST1233,P5033,12.0,4,2026-08-22,"['Bought', 'Reviewed', 'Support_Contact']"
CUST1233,P5037,1.0,1,2025-09-21,['Browsed']
CUST1233,P5038,1.0,1,2026-07-08,['Browsed']
CUST1233,P5047,3.0,2,2025-12-28,"['Bought', 'Returned']"
CUST1233,P5048,3.0,1,2026-07-14,['Added_to_Cart']
CUST1233,P5106,1.0,1,2026-04-29,['Browsed']
CUST1233,P5112,1.0,1,2026-06-13,['Browsed']
CUST1233,P5125,11.0,3,2026-05-05,"['Bought', 'Reviewed']"
CUST1234,P5002,1.0,1,2026-05-03,['Browsed']
CUST1234,P5007,2.0,1,2025-11-29,['Wishlisted']
CUST1234,P5033,3.0,1,2026-08-07,['Added_to_Cart']
CUST1234,P5045,2.0,1,2026-07-10,['Wishlisted']
CUST1234,P5070,3.0,1,2026-03-16,['Added_to_Cart']
CUST1234,P5074,8.0,4,2026-08-20,"['Bought', 'Browsed', 'Returned', 'Reviewed']"
CUST1234,P5085,5.0,1,2026-07-10,['Bought']
CUST1234,P5086,3.0,1,2026-05-10,['Added_to_Cart']
CUST1234,P5091,2.0,1,2025-11-16,['Wishlisted']
CUST1234,P5098,3.0,1,2026-06-16,['Added_to_Cart']
CUST1234,P5110,3.0,1,2026-04-07,['Added_to_Cart']
CUST1234,P5113,14.0,7,2026-07-15,"['Bought', 'Reviewed', 'Support_Contact']"
CUST1234,P5125,3.0,1,2026-04-28,['Added_to_Cart']
CUST1235,P5001,3.0,1,2026-03-19,['Added_to_Cart']
CUST1235,P5005,3.0,1,2026-06-09,['Added_to_Cart']
CUST1235,P5009,1.0,1,2026-08-20,['Browsed']
CUST1235,P5011,3.0,1,2026-02-21,['Added_to_Cart']
CUST1235,P5016,1.0,1,2026-08-15,['Browsed']
CUST1235,P5059,3.0,1,2026-08-23,['Added_to_Cart']
CUST1235,P5066,11.0,3,2026-04-08,"['Bought', 'Reviewed']"
CUST1235,P5067,8.0,2,2026-08-17,"['Bought', 'Reviewed']"
CUST1235,P5075,1.0,1,2026-05-02,['Browsed']
CUST1235,P5080,1.0,1,2026-06-03,['Browsed']
CUST1235,P5082,3.0,1,2026-03-01,['Added_to_Cart']
CUST1235,P5090,1.0,1,2026-02-07,['Browsed']
CUST1235,P5098,5.0,2,2026-04-05,"['Bought', 'Support_Contact']"
CUST1235,P5103,5.0,1,2025-11-18,['Bought']
CUST1235,P5115,3.0,2,2026-07-30,"['Bought', 'Returned']"
CUST1235,P5129,2.0,1,2026-08-19,['Wishlisted']
CUST1235,P5130,3.0,1,2026-05-20,['Added_to_Cart']
CUST1235,P5131,3.0,1,2026-03-28,['Added_to_Cart']
CUST1236,P5013,1.0,1,2026-05-15,['Browsed']
CUST1236,P5034,2.0,1,2026-02-13,['Wishlisted']
CUST1236,P5035,1.0,1,2026-01-25,['Browsed']
CUST1236,P5045,5.0,3,2026-05-22,"['Bought', 'Support_Contact']"
CUST1236,P5066,5.0,1,2026-05-06,['Bought']
CUST1236,P5068,1.0,1,2026-05-21,['Browsed']
CUST1236,P5072,3.0,1,2026-03-01,['Added_to_Cart']
CUST1236,P5088,3.0,1,2026-03-18,['Added_to_Cart']
CUST1236,P5100,6.0,3,2025-11-17,"['Bought', 'Returned', 'Reviewed']"
CUST1236,P5123,3.0,1,2026-03-22,['Added_to_Cart']
CUST1236,P5124,5.0,1,2025-08-19,['Bought']
CUST1237,P5010,1.0,1,2026-05-04,['Browsed']
CUST1237,P5016,0.0,1,2026-07-16,['Design_Converted']
CUST1237,P5035,1.0,1,2026-07-10,['Browsed']
CUST1237,P5064,1.0,1,2026-02-03,['Browsed']
CUST1237,P5067,1.0,1,2025-08-28,['Browsed']
CUST1237,P5077,2.0,1,2026-06-16,['Wishlisted']
CUST1237,P5082,1.0,1,2025-12-28,['Browsed']
CUST1237,P5101,5.0,1,2026-02-16,['Bought']
CUST1237,P5107,3.0,1,2026-05-10,['Added_to_Cart']
CUST1237,P5115,9.0,2,2026-08-22,"['Bought', 'Reviewed']"
CUST1237,P5118,2.0,1,2026-02-20,['Wishlisted']
CUST1237,P5123,1.0,1,2025-09-18,['Browsed']
CUST1238,P5006,2.0,1,2026-06-22,['Wishlisted']
CUST1238,P5021,5.0,1,2025-12-25,['Bought']
CUST1238,P5052,6.0,3,2026-01-10,"['Bought', 'Returned', 'Reviewed']"
CUST1238,P5082,1.0,1,2026-03-14,['Browsed']
CUST1238,P5083,1.0,1,2026-02-26,['Browsed']
CUST1238,P5090,3.0,1,2026-05-29,['Added_to_Cart']
CUST1238,P5109,1.0,1,2026-06-02,['Browsed']
CUST1238,P5122,1.0,1,2026-06-02,['Browsed']
CUST1238,P5123,5.0,2,2026-02-25,"['Bought', 'Support_Contact']"
CUST1239,P5028,2.0,1,2026-08-05,['Wishlisted']
CUST1239,P5041,3.0,1,2026-06-26,['Added_to_Cart']
CUST1239,P5043,11.0,4,2026-08-18,"['Added_to_Cart', 'Bought', 'Reviewed']"
CUST1239,P5050,1.0,1,2025-12-03,['Browsed']
CUST1239,P5063,5.0,1,2025-08-29,['Bought']
CUST1239,P5085,5.0,1,2025-06-06,['Bought']
CUST1239,P5091,1.0,1,2026-07-10,['Browsed']
CUST1239,P5123,5.0,1,2025-08-17,['Bought']
CUST1239,P5124,3.0,1,2026-05-15,['Added_to_Cart']
CUST1239,P5133,3.0,1,2026-05-26,['Added_to_Cart']
CUST1239,P5136,3.0,1,2026-08-04,['Added_to_Cart']
CUST1240,P5002,3.0,1,2026-06-19,['Added_to_Cart']
CUST1240,P5014,5.0,1,2026-05-14,['Bought']
CUST1240,P5028,1.0,1,2026-06-27,['Browsed']
CUST1240,P5033,1.0,1,2025-11-13,['Browsed']
CUST1240,P5057,3.0,1,2026-06-25,['Added_to_Cart']
CUST1240,P5059,3.0,1,2026-05-29,['Added_to_Cart']
CUST1241,P5015,3.0,1,2026-06-30,['Added_to_Cart']
CUST1241,P5018,1.0,1,2026-02-20,['Browsed']
CUST1241,P5053,2.0,2,2026-06-03,['Browsed']
CUST1241,P5057,5.0,1,2025-10-20,['Bought']
CUST1241,P5062,2.0,1,2025-12-26,['Wishlisted']
CUST1241,P5065,1.0,1,2026-06-09,['Browsed']
CUST1241,P5067,2.0,1,2026-04-22,['Wishlisted']
CUST1241,P5069,1.0,1,2026-01-29,['Browsed']
CUST1241,P5109,1.0,1,2026-07-02,['Browsed']
CUST1241,P5121,3.0,3,2025-11-09,"['Bought', 'Returned', 'Support_Contact']"
CUST1241,P5123,5.0,2,2026-01-12,"['Bought', 'Support_Contact']"
CUST1241,P5130,1.0,1,2026-02-26,['Browsed']
CUST1241,P5138,2.0,1,2025-12-01,['Wishlisted']
CUST1242,P5012,2.0,1,2026-05-15,['Wishlisted']
CUST1242,P5031,1.0,1,2026-05-22,['Browsed']
CUST1242,P5036,1.0,1,2026-08-12,['Browsed']
CUST1242,P5039,3.0,1,2026-04-07,['Added_to_Cart']
CUST1242,P5050,1.0,1,2026-04-06,['Browsed']
CUST1242,P5131,1.0,1,2026-03-18,['Browsed']
CUST1243,P5014,1.0,1,2026-04-21,['Browsed']
CUST1243,P5027,1.0,1,2025-12-19,['Browsed']
CUST1243,P5029,1.0,1,2025-11-06,['Browsed']
CUST1243,P5044,2.0,1,2026-06-22,['Wishlisted']
CUST1243,P5048,5.0,1,2026-07-08,['Bought']
CUST1243,P5082,1.0,1,2026-06-18,['Browsed']
CUST1243,P5083,5.0,1,2025-05-13,['Bought']
CUST1243,P5086,3.0,1,2026-06-18,['Added_to_Cart']
CUST1243,P5098,2.0,1,2025-11-26,['Wishlisted']
CUST1243,P5112,14.0,4,2025-10-24,"['Bought', 'Reviewed']"
CUST1243,P5113,1.0,1,2025-12-17,['Browsed']
CUST1244,P5001,3.0,1,2026-04-14,['Added_to_Cart']
CUST1244,P5028,1.0,1,2025-12-30,['Browsed']
CUST1244,P5063,5.0,1,2025-04-25,['Bought']
CUST1244,P5068,5.0,1,2026-03-25,['Bought']
CUST1244,P5082,1.0,1,2026-04-16,['Browsed']
CUST1244,P5105,2.0,1,2026-01-11,['Wishlisted']
CUST1244,P5107,3.0,2,2026-03-06,"['Bought', 'Returned']"
CUST1245,P5002,5.0,2,2026-06-19,"['Added_to_Cart', 'Wishlisted']"
CUST1245,P5007,5.0,1,2025-05-31,['Bought']
CUST1245,P5019,1.0,1,2025-11-17,['Browsed']
CUST1245,P5031,2.0,1,2026-07-24,['Wishlisted']
CUST1245,P5044,1.0,1,2025-10-01,['Browsed']
CUST1245,P5047,8.0,2,2026-08-07,"['Added_to_Cart', 'Bought']"
CUST1245,P5076,1.0,1,2026-08-13,['Browsed']
CUST1245,P5089,3.0,1,2026-04-17,['Added_to_Cart']
CUST1245,P5091,3.0,1,2026-05-14,['Added_to_Cart']
CUST1245,P5104,9.0,2,2026-08-23,"['Bought', 'Reviewed']"
CUST1245,P5114,1.0,1,2025-09-19,['Browsed']
CUST1245,P5117,3.0,1,2026-04-25,['Added_to_Cart']
CUST1245,P5128,1.0,1,2026-01-18,['Browsed']
CUST1246,P5005,1.0,1,2026-03-22,['Browsed']
CUST1246,P5018,1.0,1,2026-01-17,['Browsed']
CUST1246,P5023,1.0,1,2026-07-08,['Browsed']
CUST1246,P5028,3.0,1,2026-08-15,['Added_to_Cart']
CUST1246,P5030,7.0,2,2025-12-23,"['Bought', 'Reviewed']"
CUST1246,P5032,2.0,1,2025-11-07,['Wishlisted']
CUST1246,P5041,1.0,1,2026-08-02,['Browsed']
CUST1246,P5077,3.0,1,2026-08-03,['Added_to_Cart']
CUST1246,P5094,1.0,1,2026-03-11,['Browsed']
CUST1246,P5104,1.0,1,2025-11-02,['Browsed']
CUST1246,P5109,5.0,1,2026-07-16,['Bought']
CUST1246,P5127,7.0,2,2025-11-18,"['Bought', 'Reviewed']"
CUST1247,P5020,1.0,1,2026-07-25,['Browsed']
CUST1247,P5025,5.0,1,2026-01-03,['Bought']
CUST1247,P5031,5.0,3,2025-12-27,"['Bought', 'Returned', 'Reviewed']"
CUST1247,P5045,3.0,1,2026-03-07,['Added_to_Cart']
CUST1247,P5052,1.0,1,2025-10-07,['Browsed']
CUST1247,P5068,2.0,1,2026-02-01,['Wishlisted']
CUST1247,P5095,1.0,1,2026-05-02,['Browsed']
CUST1247,P5096,1.0,1,2025-12-20,['Browsed']
CUST1247,P5109,1.0,1,2025-12-29,['Browsed']
CUST1247,P5112,1.0,1,2026-06-08,['Browsed']
CUST1247,P5121,6.0,4,2026-06-07,"['Bought', 'Returned', 'Reviewed']"
CUST1247,P5135,5.0,1,2026-06-11,['Bought']
CUST1248,P5009,3.0,2,2026-08-16,"['Browsed', 'Wishlisted']"
CUST1248,P5015,6.0,2,2026-03-27,"['Bought', 'Browsed']"
CUST1248,P5017,5.0,1,2025-04-26,['Bought']
CUST1248,P5027,8.0,2,2026-03-15,"['Added_to_Cart', 'Bought']"
CUST1248,P5044,1.0,1,2025-12-30,['Browsed']
CUST1248,P5061,3.0,4,2026-08-17,"['Bought', 'Returned', 'Reviewed']"
CUST1248,P5078,5.0,3,2026-08-05,"['Bought', 'Design_Converted', 'Support_Contact']"
CUST1248,P5082,5.0,1,2025-05-15,['Bought']
CUST1248,P5084,1.0,3,2026-04-23,"['Bought', 'Returned']"
CUST1248,P5098,2.0,1,2026-03-09,['Wishlisted']
CUST1248,P5107,13.0,3,2026-08-17,"['Bought', 'Reviewed']"
CUST1248,P5121,3.0,1,2026-06-26,['Added_to_Cart']
CUST1249,P5005,3.0,1,2026-07-02,['Added_to_Cart']
CUST1249,P5019,1.0,1,2026-01-25,['Browsed']
CUST1249,P5043,5.0,1,2025-06-11,['Bought']
CUST1249,P5059,3.0,1,2026-02-12,['Added_to_Cart']
CUST1249,P5076,3.0,1,2026-05-27,['Added_to_Cart']
CUST1249,P5088,1.0,1,2025-11-29,['Browsed']
CUST1249,P5105,1.0,1,2026-01-30,['Browsed']
CUST1249,P5121,5.0,2,2026-07-13,"['Added_to_Cart', 'Wishlisted']"
CUST1249,P5127,3.0,1,2026-07-30,['Added_to_Cart']
CUST1250,P5004,3.0,1,2026-02-23,['Added_to_Cart']
CUST1250,P5013,2.0,1,2026-05-02,['Wishlisted']
CUST1250,P5044,5.0,1,2025-06-02,['Bought']
CUST1250,P5065,3.0,2,2026-05-14,"['Bought', 'Returned']"
CUST1250,P5075,5.0,1,2025-08-01,['Bought']
CUST1250,P5087,5.0,1,2025-10-13,['Bought']
CUST1250,P5104,5.0,1,2026-04-26,['Bought']
CUST1250,P5123,1.0,1,2025-11-14,['Browsed']
CUST1251,P5007,1.0,4,2026-08-09,"['Bought', 'Returned', 'Support_Contact']"
CUST1251,P5010,5.0,1,2025-11-27,['Bought']
CUST1251,P5031,5.0,2,2026-07-10,"['Added_to_Cart', 'Wishlisted']"
CUST1251,P5043,3.0,4,2026-05-30,"['Bought', 'Returned', 'Wishlisted']"
CUST1251,P5064,5.0,1,2026-02-08,['Bought']
CUST1251,P5068,3.0,3,2026-08-12,"['Design_Converted', 'Reviewed']"
CUST1251,P5077,1.0,1,2026-01-17,['Browsed']
CUST1251,P5088,5.0,1,2026-07-18,['Bought']
CUST1251,P5089,3.0,1,2026-07-02,['Added_to_Cart']
CUST1251,P5093,1.0,1,2026-04-27,['Browsed']
CUST1251,P5098,1.0,1,2026-04-27,['Browsed']
CUST1251,P5112,2.0,1,2025-12-03,['Wishlisted']
CUST1251,P5119,3.0,1,2026-04-15,['Added_to_Cart']
CUST1251,P5128,1.0,1,2025-12-14,['Browsed']
CUST1251,P5130,1.0,1,2026-01-18,['Browsed']
CUST1251,P5132,1.0,1,2025-12-16,['Browsed']
CUST1251,P5133,5.0,1,2025-08-10,['Bought']
CUST1251,P5134,5.0,1,2026-03-08,['Bought']
CUST1252,P5023,3.0,1,2026-04-09,['Added_to_Cart']
CUST1252,P5034,3.0,2,2026-06-29,"['Browsed', 'Wishlisted']"
CUST1252,P5039,3.0,2,2025-08-09,"['Bought', 'Returned']"
CUST1252,P5043,5.0,1,2025-07-07,['Bought']
CUST1252,P5047,5.0,1,2026-05-20,['Bought']
CUST1252,P5049,1.0,1,2026-06-30,['Browsed']
CUST1252,P5057,4.0,2,2026-07-06,"['Added_to_Cart', 'Browsed']"
CUST1252,P5083,1.0,1,2026-01-24,['Browsed']
CUST1252,P5099,6.0,2,2026-05-12,"['Bought', 'Reviewed']"
CUST1252,P5103,1.0,1,2026-03-21,['Browsed']
CUST1252,P5127,1.0,1,2026-08-23,['Browsed']
CUST1253,P5001,1.0,1,2026-06-04,['Browsed']
CUST1253,P5018,1.0,1,2026-06-07,['Browsed']
CUST1253,P5019,3.0,1,2026-08-11,['Added_to_Cart']
CUST1253,P5024,3.0,1,2026-07-10,['Added_to_Cart']
CUST1253,P5027,2.0,1,2026-07-23,['Wishlisted']
CUST1253,P5029,1.0,1,2026-05-31,['Browsed']
CUST1253,P5044,5.0,2,2026-07-04,"['Bought', 'Support_Contact']"
CUST1253,P5053,1.0,1,2025-09-08,['Browsed']
CUST1253,P5073,1.0,1,2026-01-12,['Browsed']
CUST1253,P5075,3.0,1,2026-03-19,['Added_to_Cart']
CUST1253,P5081,1.0,1,2026-04-14,['Browsed']
CUST1253,P5087,7.0,3,2025-11-10,"['Bought', 'Reviewed', 'Support_Contact']"
CUST1253,P5096,8.0,3,2026-06-27,"['Bought', 'Browsed', 'Reviewed']"
CUST1253,P5097,1.0,1,2026-02-01,['Browsed']
CUST1253,P5101,2.0,1,2026-01-06,['Wishlisted']
CUST1253,P5115,1.0,1,2026-03-26,['Browsed']
CUST1253,P5127,5.0,1,2025-07-28,['Bought']
CUST1253,P5129,2.0,1,2026-07-20,['Wishlisted']
CUST1253,P5135,3.0,1,2026-06-06,['Added_to_Cart']
CUST1254,P5007,1.0,1,2026-04-18,['Browsed']
CUST1254,P5024,11.0,5,2026-08-21,"['Added_to_Cart', 'Bought', 'Reviewed']"
CUST1254,P5054,3.0,1,2026-03-29,['Added_to_Cart']
CUST1254,P5059,5.0,1,2026-06-14,['Bought']
CUST1254,P5079,2.0,1,2026-02-15,['Wishlisted']
CUST1254,P5097,1.0,1,2025-11-06,['Browsed']
CUST1254,P5126,5.0,1,2026-05-25,['Bought']
CUST1254,P5128,5.0,1,2026-05-14,['Bought']
CUST1254,P5132,5.0,2,2025-07-15,"['Bought', 'Support_Contact']"
CUST1255,P5013,3.0,1,2026-06-25,['Added_to_Cart']
CUST1255,P5021,3.0,1,2026-05-31,['Added_to_Cart']
CUST1255,P5022,2.0,1,2026-04-23,['Wishlisted']
CUST1255,P5033,1.0,1,2026-05-14,['Browsed']
CUST1255,P5041,3.0,1,2026-03-12,['Added_to_Cart']
CUST1255,P5057,5.0,1,2026-04-29,['Bought']
CUST1255,P5081,2.0,2,2026-07-09,['Browsed']
CUST1255,P5091,1.0,1,2026-03-06,['Browsed']
CUST1255,P5092,1.0,1,2026-07-23,['Browsed']
CUST1255,P5098,3.0,1,2026-02-18,['Added_to_Cart']
CUST1255,P5104,2.0,1,2026-04-03,['Wishlisted']
CUST1255,P5106,1.0,1,2026-01-30,['Browsed']
CUST1255,P5123,5.0,1,2026-06-21,['Bought']
CUST1255,P5126,1.0,1,2026-02-07,['Browsed']
CUST1255,P5130,1.0,1,2025-11-19,['Browsed']
CUST1256,P5003,1.0,1,2026-04-16,['Browsed']
CUST1256,P5032,1.0,1,2025-10-29,['Browsed']
CUST1256,P5034,0.0,1,2026-02-14,['Design_Converted']
CUST1256,P5053,5.0,1,2026-06-26,['Bought']
CUST1256,P5057,7.0,2,2026-07-10,"['Bought', 'Reviewed']"
CUST1256,P5070,1.0,1,2025-12-31,['Browsed']
CUST1256,P5084,5.0,1,2025-11-06,['Bought']
CUST1256,P5086,1.0,1,2026-01-28,['Browsed']
CUST1256,P5098,1.0,1,2025-12-26,['Browsed']
CUST1256,P5100,3.0,1,2026-06-07,['Added_to_Cart']
CUST1256,P5110,3.0,1,2026-07-28,['Added_to_Cart']
CUST1256,P5118,4.0,2,2026-03-16,"['Added_to_Cart', 'Browsed']"
CUST1256,P5120,3.0,1,2026-05-11,['Added_to_Cart']
CUST1256,P5134,13.0,3,2026-02-02,"['Bought', 'Reviewed']"
CUST1257,P5006,6.0,2,2026-08-15,"['Bought', 'Reviewed']"
CUST1257,P5019,1.0,1,2026-03-02,['Browsed']
CUST1257,P5024,1.0,1,2026-05-06,['Browsed']
CUST1257,P5036,6.0,2,2025-12-06,"['Bought', 'Browsed']"
CUST1257,P5038,2.0,1,2026-06-17,['Wishlisted']
CUST1257,P5047,1.0,1,2026-05-15,['Browsed']
CUST1257,P5048,2.0,1,2026-04-24,['Wishlisted']
CUST1257,P5054,1.0,1,2026-02-15,['Browsed']
CUST1257,P5076,8.0,3,2026-08-20,"['Bought', 'Reviewed', 'Support_Contact']"
CUST1257,P5077,5.0,1,2025-12-29,['Bought']
CUST1257,P5092,1.0,1,2026-01-07,['Browsed']
CUST1257,P5096,3.0,3,2026-08-19,"['Bought', 'Returned', 'Reviewed']"
CUST1257,P5105,1.0,1,2025-12-18,['Browsed']
CUST1257,P5109,1.0,1,2026-04-07,['Browsed']
CUST1257,P5114,1.0,1,2026-08-16,['Browsed']
CUST1257,P5123,1.0,1,2026-07-22,['Browsed']
CUST1257,P5130,1.0,1,2025-09-14,['Browsed']
CUST1258,P5019,5.0,1,2025-05-20,['Bought']
CUST1258,P5026,3.0,1,2026-03-11,['Added_to_Cart']
CUST1258,P5042,1.0,1,2025-11-17,['Browsed']
CUST1258,P5053,1.0,1,2026-03-14,['Browsed']
CUST1258,P5054,2.0,1,2026-05-31,['Wishlisted']
CUST1258,P5059,1.0,1,2026-04-14,['Browsed']
CUST1258,P5079,3.0,1,2026-08-05,['Added_to_Cart']
CUST1258,P5083,1.0,1,2025-09-10,['Browsed']
CUST1258,P5084,1.0,1,2026-01-05,['Browsed']
CUST1258,P5086,1.0,1,2026-03-23,['Browsed']
CUST1258,P5087,5.0,2,2026-07-09,"['Bought', 'Support_Contact']"
CUST1258,P5103,1.0,1,2026-05-24,['Browsed']
CUST1258,P5109,5.0,1,2025-09-12,['Bought']
CUST1258,P5114,1.0,1,2025-11-09,['Browsed']
CUST1258,P5133,1.0,1,2025-09-27,['Browsed']
CUST1259,P5002,1.0,1,2026-01-03,['Browsed']
CUST1259,P5026,1.0,1,2026-05-11,['Browsed']
CUST1259,P5027,2.0,5,2026-08-16,"['Design_Converted', 'Returned', 'Reviewed', 'Support_Contact']"
CUST1259,P5033,3.0,1,2026-05-14,['Added_to_Cart']
CUST1259,P5038,3.0,2,2025-06-25,"['Bought', 'Returned']"
CUST1259,P5067,1.0,1,2026-01-14,['Browsed']
CUST1259,P5069,3.0,1,2026-03-18,['Added_to_Cart']
CUST1259,P5090,1.0,1,2025-10-26,['Browsed']
CUST1259,P5094,5.0,2,2026-01-14,"['Bought', 'Support_Contact']"
CUST1259,P5097,1.0,1,2025-12-04,['Browsed']
CUST1259,P5130,1.0,1,2026-01-25,['Browsed']
CUST1260,P5005,5.0,1,2025-10-08,['Bought']
CUST1260,P5007,5.0,1,2025-08-22,['Bought']
CUST1260,P5014,5.0,1,2025-06-06,['Bought']
CUST1260,P5020,4.0,2,2026-08-15,"['Design_Converted', 'Reviewed']"
CUST1260,P5053,8.0,2,2026-03-16,"['Bought', 'Reviewed']"
CUST1260,P5064,1.0,1,2025-11-07,['Browsed']
CUST1260,P5077,3.0,1,2026-03-17,['Added_to_Cart']
CUST1260,P5083,3.0,1,2026-05-12,['Added_to_Cart']
CUST1260,P5116,1.0,1,2025-12-24,['Browsed']
CUST1260,P5117,7.0,2,2026-08-20,"['Bought', 'Reviewed']"
CUST1260,P5128,5.0,1,2026-01-16,['Bought']
CUST1260,P5131,10.0,4,2026-01-22,"['Bought', 'Reviewed', 'Support_Contact']"
CUST1260,P5134,1.0,1,2026-01-30,['Browsed']
CUST1261,P5003,1.0,1,2026-02-02,['Browsed']
CUST1261,P5008,5.0,2,2026-03-11,"['Bought', 'Support_Contact']"
CUST1261,P5011,1.0,1,2026-02-21,['Browsed']
CUST1261,P5012,2.0,1,2026-01-05,['Wishlisted']
CUST1261,P5027,5.0,1,2025-09-24,['Bought']
CUST1261,P5043,1.0,1,2025-12-22,['Browsed']
CUST1261,P5045,1.0,1,2026-06-24,['Browsed']
CUST1261,P5068,1.0,1,2026-07-25,['Browsed']
CUST1261,P5080,1.0,1,2025-11-01,['Browsed']
CUST1261,P5081,4.0,2,2026-02-28,"['Added_to_Cart', 'Browsed']"
CUST1261,P5092,1.0,1,2026-06-20,['Browsed']
CUST1261,P5106,6.0,2,2025-09-23,"['Bought', 'Reviewed']"
CUST1261,P5121,5.0,3,2026-07-27,"['Added_to_Cart', 'Browsed']"
CUST1261,P5133,1.0,1,2026-05-25,['Browsed']
CUST1262,P5013,1.0,1,2025-11-01,['Browsed']
CUST1262,P5035,1.0,1,2026-07-04,['Browsed']
CUST1262,P5036,1.0,1,2026-08-18,['Browsed']
CUST1262,P5046,5.0,1,2025-11-01,['Bought']
CUST1262,P5057,3.0,1,2026-04-21,['Added_to_Cart']
CUST1262,P5060,5.0,1,2025-10-27,['Bought']
CUST1262,P5067,6.0,3,2026-06-23,"['Added_to_Cart', 'Bought', 'Returned']"
CUST1262,P5071,7.0,3,2026-05-11,"['Bought', 'Browsed', 'Reviewed']"
CUST1262,P5084,1.0,1,2026-03-04,['Browsed']
CUST1262,P5094,1.0,1,2026-01-26,['Browsed']
CUST1262,P5117,3.0,1,2026-04-01,['Added_to_Cart']
CUST1262,P5124,1.0,1,2026-03-04,['Browsed']
CUST1263,P5008,3.0,1,2026-06-10,['Added_to_Cart']
CUST1263,P5032,1.0,1,2025-10-19,['Browsed']
CUST1263,P5051,2.0,1,2026-05-01,['Wishlisted']
CUST1263,P5055,2.0,1,2025-11-23,['Wishlisted']
CUST1263,P5072,3.0,1,2026-06-29,['Added_to_Cart']
CUST1263,P5073,5.0,1,2025-12-30,['Bought']
CUST1263,P5103,9.0,3,2026-08-21,"['Bought', 'Reviewed']"
CUST1263,P5119,1.0,1,2026-01-11,['Browsed']
CUST1263,P5137,1.0,1,2025-08-29,['Browsed']
CUST1264,P5005,3.0,1,2026-02-05,['Added_to_Cart']
CUST1264,P5021,2.0,2,2026-06-28,['Browsed']
CUST1264,P5035,5.0,1,2026-04-30,['Bought']
CUST1264,P5059,5.0,1,2025-10-19,['Bought']
CUST1264,P5077,3.0,1,2026-06-20,['Added_to_Cart']
CUST1264,P5095,1.0,1,2026-07-19,['Browsed']
CUST1264,P5098,2.0,1,2026-05-30,['Wishlisted']
CUST1265,P5020,1.0,1,2025-12-12,['Browsed']
CUST1265,P5028,1.0,1,2025-09-13,['Browsed']
CUST1265,P5046,1.0,1,2025-08-25,['Browsed']
CUST1265,P5050,2.0,1,2026-01-19,['Wishlisted']
CUST1265,P5062,3.0,1,2026-06-21,['Added_to_Cart']
CUST1265,P5068,1.0,1,2026-07-17,['Browsed']
CUST1265,P5069,7.0,4,2026-07-16,"['Bought', 'Reviewed', 'Support_Contact']"
CUST1265,P5082,1.0,1,2026-04-08,['Browsed']
CUST1265,P5086,13.0,4,2026-01-22,"['Bought', 'Reviewed']"
CUST1265,P5092,3.0,1,2026-06-27,['Added_to_Cart']
CUST1265,P5098,1.0,1,2025-12-07,['Browsed']
CUST1265,P5102,3.0,1,2026-03-20,['Added_to_Cart']
CUST1265,P5107,2.0,1,2026-01-22,['Wishlisted']
CUST1265,P5112,2.0,1,2026-08-01,['Wishlisted']
CUST1265,P5115,1.0,1,2025-09-16,['Browsed']
CUST1265,P5136,3.0,1,2026-03-28,['Added_to_Cart']
CUST1266,P5016,2.0,1,2026-06-19,['Wishlisted']
CUST1266,P5020,1.0,1,2026-05-03,['Browsed']
CUST1266,P5027,1.0,1,2026-02-08,['Browsed']
CUST1266,P5032,2.0,1,2026-04-04,['Wishlisted']
CUST1266,P5043,1.0,1,2026-03-11,['Browsed']
CUST1266,P5088,3.0,2,2026-02-13,"['Bought', 'Returned']"
CUST1266,P5114,1.0,1,2025-11-14,['Browsed']
CUST1266,P5117,2.0,2,2026-07-30,['Browsed']
CUST1266,P5129,1.0,1,2026-05-29,['Browsed']
CUST1266,P5132,1.0,1,2026-07-01,['Browsed']
CUST1267,P5008,7.0,2,2026-03-28,"['Bought', 'Wishlisted']"
CUST1267,P5009,2.0,1,2026-03-22,['Wishlisted']
CUST1267,P5014,2.0,1,2026-06-05,['Wishlisted']
CUST1267,P5020,1.0,1,2026-05-10,['Browsed']
CUST1267,P5021,5.0,1,2025-08-23,['Bought']
CUST1267,P5023,0.0,1,2026-02-06,['Design_Converted']
CUST1267,P5037,3.0,1,2026-08-21,['Added_to_Cart']
CUST1267,P5042,11.0,3,2026-06-05,"['Bought', 'Reviewed']"
CUST1267,P5051,2.0,1,2026-05-14,['Wishlisted']
CUST1267,P5066,1.0,1,2025-12-28,['Browsed']
CUST1267,P5069,1.0,1,2026-07-09,['Browsed']
CUST1267,P5077,0.0,1,2026-04-21,['Design_Converted']
CUST1267,P5083,8.0,2,2026-08-03,"['Added_to_Cart', 'Bought']"
CUST1267,P5090,1.0,1,2026-01-19,['Browsed']
CUST1267,P5113,1.0,1,2025-10-22,['Browsed']
CUST1267,P5115,1.0,1,2026-03-26,['Browsed']
CUST1267,P5118,1.0,1,2026-01-12,['Browsed']
CUST1267,P5119,1.0,1,2025-11-02,['Browsed']
CUST1267,P5133,3.0,1,2026-03-19,['Added_to_Cart']
CUST1268,P5004,3.0,1,2026-08-16,['Added_to_Cart']
CUST1268,P5021,7.0,4,2026-06-17,"['Bought', 'Returned', 'Reviewed']"
CUST1268,P5036,1.0,1,2025-11-16,['Browsed']
CUST1268,P5039,1.0,1,2025-09-21,['Browsed']
CUST1268,P5043,2.0,1,2026-05-08,['Wishlisted']
CUST1268,P5076,1.0,1,2025-11-15,['Browsed']
CUST1268,P5077,5.0,1,2025-09-18,['Bought']
CUST1268,P5101,2.0,1,2025-11-17,['Wishlisted']
CUST1268,P5106,1.0,1,2026-06-26,['Browsed']
CUST1268,P5111,7.0,3,2026-08-23,"['Bought', 'Returned', 'Reviewed']"
CUST1268,P5137,5.0,2,2025-09-11,"['Bought', 'Support_Contact']"
CUST1268,P5138,1.0,1,2026-06-17,['Browsed']
CUST1269,P5002,1.0,1,2025-10-08,['Browsed']
CUST1269,P5004,5.0,1,2026-01-11,['Bought']
CUST1269,P5012,3.0,1,2026-06-08,['Added_to_Cart']
CUST1269,P5021,1.0,1,2026-07-08,['Browsed']
CUST1269,P5022,3.0,4,2025-10-01,"['Bought', 'Returned', 'Support_Contact']"
CUST1269,P5053,5.0,1,2025-05-10,['Bought']
CUST1269,P5059,5.0,2,2025-08-13,"['Bought', 'Support_Contact']"
CUST1269,P5070,1.0,1,2025-12-07,['Browsed']
CUST1269,P5077,5.0,1,2025-06-08,['Bought']
CUST1269,P5084,3.0,1,2026-05-13,['Added_to_Cart']
CUST1269,P5085,2.0,1,2026-04-12,['Wishlisted']
CUST1269,P5115,2.0,1,2026-04-13,['Wishlisted']
CUST1269,P5122,3.0,1,2026-02-14,['Added_to_Cart']
CUST1269,P5130,9.0,2,2026-04-20,"['Bought', 'Reviewed']"
CUST1269,P5134,1.0,1,2026-01-04,['Browsed']
CUST1270,P5007,1.0,1,2026-08-07,['Browsed']
CUST1270,P5028,2.0,1,2026-08-10,['Wishlisted']
CUST1270,P5052,5.0,1,2025-09-17,['Bought']
CUST1270,P5059,1.0,1,2026-02-27,['Browsed']
CUST1270,P5067,1.0,1,2026-07-18,['Browsed']
CUST1270,P5076,6.0,2,2026-07-20,['Added_to_Cart']
CUST1270,P5089,3.0,1,2026-06-24,['Added_to_Cart']
CUST1270,P5105,3.0,1,2026-03-02,['Added_to_Cart']
CUST1270,P5120,2.0,1,2026-06-10,['Wishlisted']
CUST1270,P5126,1.0,1,2026-08-21,['Browsed']
CUST1270,P5130,1.0,1,2025-10-20,['Browsed']
CUST1271,P5007,1.0,1,2025-11-06,['Browsed']
CUST1271,P5011,9.0,2,2025-10-30,"['Bought', 'Reviewed']"
CUST1271,P5017,3.0,1,2026-02-09,['Added_to_Cart']
CUST1271,P5023,1.0,4,2025-08-06,"['Bought', 'Returned', 'Support_Contact']"
CUST1271,P5035,2.0,1,2025-12-19,['Wishlisted']
CUST1271,P5038,1.0,1,2025-08-28,['Browsed']
CUST1271,P5039,2.0,1,2026-05-18,['Wishlisted']
CUST1271,P5041,5.0,1,2025-08-25,['Bought']
CUST1271,P5060,5.0,1,2026-02-08,['Bought']
CUST1271,P5068,3.0,1,2026-06-05,['Added_to_Cart']
CUST1271,P5077,1.0,1,2025-12-10,['Browsed']
CUST1271,P5081,3.0,1,2026-06-04,['Added_to_Cart']
CUST1271,P5119,3.0,2,2026-06-18,"['Bought', 'Returned']"
CUST1271,P5126,2.0,1,2025-12-05,['Wishlisted']
CUST1272,P5022,3.0,1,2026-03-20,['Added_to_Cart']
CUST1272,P5066,1.0,1,2025-12-06,['Browsed']
CUST1272,P5112,3.0,2,2026-03-03,"['Bought', 'Returned']"
CUST1272,P5134,1.0,1,2025-09-13,['Browsed']
CUST1272,P5135,1.0,1,2025-10-12,['Browsed']
CUST1272,P5136,2.0,1,2026-01-07,['Wishlisted']
CUST1273,P5007,5.0,1,2025-11-07,['Bought']
CUST1273,P5011,2.0,1,2025-12-06,['Wishlisted']
CUST1273,P5013,5.0,1,2026-05-02,['Bought']
CUST1273,P5018,3.0,2,2026-08-20,"['Design_Converted', 'Reviewed']"
CUST1273,P5019,3.0,1,2026-08-16,['Added_to_Cart']
CUST1273,P5033,5.0,1,2025-08-11,['Bought']
CUST1273,P5068,5.0,1,2025-08-18,['Bought']
CUST1273,P5069,2.0,1,2025-12-11,['Wishlisted']
CUST1273,P5102,5.0,4,2026-07-19,"['Bought', 'Returned', 'Reviewed']"
CUST1273,P5116,1.0,1,2026-06-28,['Browsed']
CUST1273,P5134,1.0,1,2026-01-10,['Browsed']
CUST1274,P5005,2.0,1,2026-07-31,['Wishlisted']
CUST1274,P5006,1.0,1,2026-03-05,['Browsed']
CUST1274,P5026,1.0,1,2025-10-10,['Browsed']
CUST1274,P5050,1.0,1,2026-08-14,['Browsed']
CUST1274,P5059,2.0,1,2025-11-17,['Wishlisted']
CUST1274,P5065,1.0,1,2026-04-03,['Browsed']
CUST1274,P5068,1.0,1,2026-07-03,['Browsed']
CUST1274,P5105,2.0,1,2026-04-19,['Wishlisted']
CUST1274,P5111,2.0,1,2026-01-12,['Wishlisted']
CUST1274,P5119,1.0,1,2026-08-20,['Browsed']
CUST1274,P5123,6.0,4,2026-08-23,"['Bought', 'Reviewed', 'Support_Contact']"
CUST1274,P5125,3.0,1,2026-07-30,['Added_to_Cart']
CUST1274,P5135,2.0,1,2026-08-03,['Wishlisted']
CUST1275,P5003,2.0,1,2026-06-05,['Wishlisted']
CUST1275,P5027,1.0,1,2026-04-04,['Browsed']
CUST1275,P5036,2.0,1,2026-01-16,['Wishlisted']
CUST1275,P5038,1.0,1,2025-10-05,['Browsed']
CUST1275,P5039,7.0,2,2025-10-06,"['Bought', 'Reviewed']"
CUST1275,P5051,1.0,1,2026-05-19,['Browsed']
CUST1275,P5077,1.0,1,2026-02-21,['Browsed']
CUST1275,P5079,5.0,1,2025-12-18,['Bought']
CUST1275,P5091,3.0,1,2026-03-12,['Added_to_Cart']
CUST1275,P5098,5.0,1,2026-05-22,['Bought']
CUST1275,P5103,1.0,1,2026-02-25,['Browsed']
CUST1275,P5109,1.0,1,2025-11-09,['Browsed']
CUST1275,P5130,2.0,1,2026-08-04,['Wishlisted']
CUST1275,P5137,1.0,1,2026-02-02,['Browsed']
CUST1275,P5138,1.0,1,2026-02-06,['Browsed']
CUST1276,P5018,1.0,1,2025-08-26,['Browsed']
CUST1276,P5031,1.0,1,2025-11-04,['Browsed']
CUST1276,P5039,5.0,1,2025-04-13,['Bought']
CUST1276,P5052,1.0,1,2026-03-13,['Browsed']
CUST1276,P5056,1.0,1,2026-07-18,['Browsed']
CUST1276,P5078,5.0,1,2026-01-19,['Bought']
CUST1276,P5080,5.0,1,2026-04-04,['Bought']
CUST1276,P5085,2.0,1,2026-08-11,['Wishlisted']
CUST1276,P5088,3.0,1,2026-03-25,['Added_to_Cart']
CUST1276,P5098,1.0,1,2026-06-03,['Browsed']
CUST1276,P5109,1.0,1,2026-04-04,['Browsed']
CUST1276,P5121,1.0,1,2025-09-06,['Browsed']
CUST1276,P5122,2.0,1,2026-02-24,['Wishlisted']
CUST1277,P5022,2.0,1,2026-04-22,['Wishlisted']
CUST1277,P5023,3.0,1,2026-05-17,['Added_to_Cart']
CUST1277,P5072,3.0,2,2026-08-09,"['Browsed', 'Wishlisted']"
CUST1277,P5076,1.0,1,2025-10-02,['Browsed']
CUST1277,P5101,3.0,1,2026-06-11,['Added_to_Cart']
CUST1277,P5112,1.0,1,2026-08-06,['Browsed']
CUST1277,P5133,2.0,1,2026-05-24,['Wishlisted']
CUST1277,P5137,5.0,1,2025-04-23,['Bought']
CUST1278,P5004,5.0,1,2026-04-06,['Bought']
CUST1278,P5005,5.0,1,2026-07-04,['Bought']
CUST1278,P5006,2.0,1,2026-02-24,['Wishlisted']
CUST1278,P5008,1.0,1,2026-01-03,['Browsed']
CUST1278,P5017,2.0,1,2026-05-17,['Wishlisted']
CUST1278,P5035,8.0,2,2026-08-18,"['Bought', 'Reviewed']"
CUST1278,P5043,1.0,1,2026-03-08,['Browsed']
CUST1278,P5049,1.0,1,2026-05-07,['Browsed']
CUST1278,P5051,2.0,1,2025-11-22,['Wishlisted']
CUST1278,P5062,3.0,1,2026-02-28,['Added_to_Cart']
CUST1278,P5079,1.0,1,2026-02-24,['Browsed']
CUST1278,P5080,3.0,1,2026-05-05,['Added_to_Cart']
CUST1278,P5085,2.0,1,2025-11-05,['Wishlisted']
CUST1278,P5091,3.0,1,2026-07-14,['Added_to_Cart']
CUST1278,P5099,3.0,1,2026-06-11,['Added_to_Cart']
CUST1278,P5121,1.0,1,2026-02-26,['Browsed']
CUST1278,P5136,2.0,1,2026-05-16,['Wishlisted']
CUST1279,P5025,5.0,1,2025-05-11,['Bought']
CUST1279,P5027,2.0,1,2025-12-04,['Wishlisted']
CUST1279,P5046,5.0,1,2026-01-08,['Bought']
CUST1279,P5053,0.0,1,2026-04-14,['Design_Converted']
CUST1279,P5084,1.0,1,2025-10-24,['Browsed']
CUST1279,P5092,5.0,1,2025-11-28,['Bought']
CUST1280,P5001,7.0,2,2025-11-03,"['Bought', 'Reviewed']"
CUST1280,P5022,5.0,2,2025-12-12,"['Bought', 'Reviewed']"
CUST1280,P5028,0.0,1,2026-04-10,['Design_Converted']
CUST1280,P5041,9.0,5,2026-08-17,"['Bought', 'Returned', 'Reviewed', 'Support_Contact']"
CUST1280,P5042,5.0,1,2026-01-01,['Bought']
CUST1280,P5048,1.0,1,2025-10-11,['Browsed']
CUST1280,P5059,1.0,1,2026-05-26,['Browsed']
CUST1280,P5066,3.0,1,2026-07-19,['Added_to_Cart']
CUST1280,P5067,1.0,1,2026-08-08,['Browsed']
CUST1280,P5069,1.0,1,2026-04-25,['Browsed']
CUST1280,P5078,1.0,1,2026-03-18,['Browsed']
CUST1280,P5080,9.0,2,2026-07-17,"['Bought', 'Reviewed']"
CUST1280,P5109,1.0,1,2026-01-19,['Browsed']
CUST1280,P5111,1.0,1,2025-12-26,['Browsed']
CUST1280,P5125,1.0,1,2026-03-10,['Browsed']
CUST1280,P5136,1.0,1,2025-09-11,['Browsed']
CUST1281,P5006,2.0,1,2026-06-26,['Wishlisted']
CUST1281,P5008,2.0,1,2026-01-20,['Wishlisted']
CUST1281,P5016,0.0,1,2026-03-08,['Design_Converted']
CUST1281,P5032,1.0,1,2026-02-01,['Browsed']
CUST1281,P5042,1.0,1,2026-05-17,['Browsed']
CUST1281,P5050,1.0,1,2026-04-12,['Browsed']
CUST1281,P5058,1.0,1,2026-05-01,['Browsed']
CUST1281,P5066,3.0,1,2026-04-11,['Added_to_Cart']
CUST1281,P5092,3.0,1,2026-03-06,['Added_to_Cart']
CUST1281,P5101,1.0,1,2025-09-12,['Browsed']
CUST1281,P5109,1.0,1,2026-03-27,['Browsed']
CUST1281,P5123,2.0,1,2025-12-09,['Wishlisted']
CUST1281,P5127,1.0,1,2025-12-08,['Browsed']
CUST1282,P5005,1.0,1,2025-11-03,['Browsed']
CUST1282,P5009,5.0,1,2025-10-09,['Bought']
CUST1282,P5033,3.0,1,2026-08-03,['Added_to_Cart']
CUST1282,P5034,1.0,1,2026-07-06,['Browsed']
CUST1282,P5037,1.0,1,2025-12-06,['Browsed']
CUST1282,P5043,2.0,1,2026-08-20,['Wishlisted']
CUST1282,P5048,3.0,1,2026-02-14,['Added_to_Cart']
CUST1282,P5078,5.0,1,2025-09-18,['Bought']
CUST1282,P5097,5.0,1,2026-07-24,['Bought']
CUST1282,P5099,2.0,1,2025-12-21,['Wishlisted']
CUST1282,P5129,1.0,1,2025-11-22,['Browsed']
CUST1283,P5019,1.0,1,2026-02-10,['Browsed']
CUST1283,P5021,1.0,1,2026-08-12,['Browsed']
CUST1283,P5026,1.0,1,2025-09-19,['Browsed']
CUST1283,P5028,8.0,2,2026-08-22,"['Added_to_Cart', 'Bought']"
CUST1283,P5032,5.0,1,2026-01-29,['Bought']
CUST1283,P5043,1.0,1,2026-07-21,['Browsed']
CUST1283,P5049,3.0,1,2026-06-14,['Added_to_Cart']
CUST1283,P5051,1.0,1,2026-05-05,['Browsed']
CUST1283,P5060,5.0,1,2026-05-05,['Bought']
CUST1283,P5071,1.0,1,2026-04-11,['Browsed']
CUST1283,P5077,0.0,1,2026-02-16,['Design_Converted']
CUST1283,P5084,3.0,1,2026-03-20,['Added_to_Cart']
CUST1283,P5105,8.0,2,2026-02-28,"['Added_to_Cart', 'Bought']"
CUST1283,P5114,1.0,1,2025-12-10,['Browsed']
CUST1283,P5129,1.0,1,2026-04-11,['Browsed']
CUST1283,P5137,2.0,1,2025-11-21,['Wishlisted']
CUST1283,P5138,1.0,1,2025-12-16,['Browsed']
CUST1284,P5022,3.0,1,2026-06-29,['Added_to_Cart']
CUST1284,P5024,-1.0,6,2026-02-10,"['Bought', 'Returned', 'Reviewed', 'Support_Contact']"
CUST1284,P5031,5.0,2,2025-11-20,"['Bought', 'Support_Contact']"
CUST1284,P5043,1.0,1,2025-09-19,['Browsed']
CUST1284,P5066,3.0,1,2026-05-27,['Added_to_Cart']
CUST1284,P5078,7.0,3,2026-08-14,"['Bought', 'Returned', 'Reviewed']"
CUST1284,P5079,5.0,1,2025-07-08,['Bought']
CUST1284,P5099,1.0,1,2025-11-19,['Browsed']
CUST1284,P5117,1.0,1,2026-04-22,['Browsed']
CUST1284,P5134,5.0,1,2026-06-07,['Bought']
CUST1285,P5021,5.0,1,2025-11-28,['Bought']
CUST1285,P5029,5.0,1,2025-12-08,['Bought']
CUST1285,P5036,5.0,1,2026-04-10,['Bought']
CUST1285,P5044,2.0,1,2026-01-13,['Wishlisted']
CUST1285,P5065,3.0,1,2026-03-23,['Added_to_Cart']
CUST1285,P5069,3.0,1,2026-05-23,['Added_to_Cart']
CUST1285,P5085,5.0,1,2025-08-21,['Bought']
CUST1285,P5090,2.0,1,2026-05-05,['Wishlisted']
CUST1285,P5105,1.0,1,2026-06-29,['Browsed']
CUST1285,P5113,5.0,1,2025-10-23,['Bought']
CUST1285,P5117,1.0,1,2025-11-14,['Browsed']
CUST1285,P5122,2.0,1,2026-04-23,['Wishlisted']
CUST1285,P5124,5.0,1,2025-07-24,['Bought']
CUST1285,P5138,1.0,1,2026-08-20,['Browsed']
CUST1286,P5002,2.0,1,2025-12-13,['Wishlisted']
CUST1286,P5009,3.0,1,2026-03-22,['Added_to_Cart']
CUST1286,P5018,5.0,1,2026-04-02,['Bought']
CUST1286,P5030,1.0,1,2026-05-19,['Browsed']
CUST1286,P5042,2.0,2,2026-03-26,['Browsed']
CUST1286,P5047,3.0,2,2026-04-01,"['Browsed', 'Wishlisted']"
CUST1286,P5072,3.0,1,2026-04-03,['Added_to_Cart']
CUST1286,P5085,2.0,1,2026-08-15,['Wishlisted']
CUST1286,P5086,5.0,2,2026-08-18,"['Bought', 'Reviewed']"
CUST1286,P5112,7.0,2,2026-07-20,"['Bought', 'Reviewed']"
CUST1286,P5123,1.0,1,2025-09-02,['Browsed']
CUST1287,P5001,5.0,1,2026-01-11,['Bought']
CUST1287,P5028,4.0,7,2026-08-23,"['Bought', 'Returned', 'Reviewed']"
CUST1287,P5032,5.0,1,2025-08-25,['Bought']
CUST1287,P5049,8.0,3,2026-04-27,"['Bought', 'Reviewed', 'Support_Contact']"
CUST1287,P5082,0.0,1,2026-07-30,['Design_Converted']
CUST1287,P5099,2.0,1,2026-03-26,['Wishlisted']
CUST1287,P5101,1.0,1,2026-08-20,['Browsed']
CUST1287,P5107,1.0,1,2025-10-28,['Browsed']
CUST1287,P5109,1.0,1,2026-07-20,['Browsed']
CUST1288,P5004,5.0,1,2026-03-27,['Bought']
CUST1288,P5012,5.0,1,2025-12-23,['Bought']
CUST1288,P5014,3.0,1,2026-08-05,['Added_to_Cart']
CUST1288,P5032,5.0,1,2026-05-29,['Bought']
CUST1288,P5035,1.0,1,2025-11-08,['Browsed']
CUST1288,P5036,5.0,1,2025-11-09,['Bought']
CUST1288,P5042,2.0,1,2026-06-18,['Wishlisted']
CUST1288,P5056,1.0,1,2026-02-07,['Browsed']
CUST1288,P5057,1.0,1,2025-10-19,['Browsed']
CUST1288,P5106,7.0,3,2026-03-27,"['Bought', 'Reviewed']"
CUST1288,P5108,1.0,1,2025-11-26,['Browsed']
CUST1288,P5110,5.0,2,2026-07-19,"['Bought', 'Support_Contact']"
CUST1288,P5112,1.0,1,2026-07-19,['Browsed']
CUST1288,P5116,1.0,1,2026-04-19,['Browsed']
CUST1288,P5118,1.0,1,2026-07-11,['Browsed']
CUST1288,P5136,5.0,1,2025-04-12,['Bought']
CUST1289,P5018,1.0,1,2025-12-02,['Browsed']
CUST1289,P5043,2.0,1,2025-12-04,['Wishlisted']
CUST1289,P5044,2.0,1,2026-01-18,['Wishlisted']
CUST1289,P5062,3.0,1,2026-03-05,['Added_to_Cart']
CUST1289,P5081,1.0,1,2025-12-16,['Browsed']
CUST1289,P5083,6.0,2,2026-06-12,"['Bought', 'Reviewed']"
CUST1289,P5086,5.0,1,2025-10-06,['Bought']
CUST1289,P5087,1.0,1,2026-02-15,['Browsed']
CUST1289,P5104,1.0,1,2025-09-05,['Browsed']
CUST1289,P5107,5.0,2,2026-06-02,"['Bought', 'Reviewed']"
CUST1289,P5108,8.0,2,2026-05-06,"['Added_to_Cart', 'Bought']"
CUST1289,P5127,3.0,1,2026-04-07,['Added_to_Cart']
CUST1290,P5007,1.0,1,2026-05-25,['Browsed']
CUST1290,P5024,13.0,4,2026-05-07,"['Bought', 'Reviewed', 'Support_Contact']"
CUST1290,P5025,1.0,1,2026-04-27,['Browsed']
CUST1290,P5047,3.0,1,2026-08-23,['Added_to_Cart']
CUST1290,P5054,9.0,8,2026-08-22,"['Bought', 'Returned', 'Reviewed', 'Support_Contact']"
CUST1290,P5068,5.0,1,2026-05-15,['Bought']
CUST1290,P5089,5.0,1,2026-02-05,['Bought']
CUST1290,P5101,1.0,1,2026-08-04,['Browsed']
CUST1290,P5110,2.0,1,2026-03-11,['Wishlisted']
CUST1290,P5113,7.0,4,2025-12-24,"['Bought', 'Returned', 'Reviewed']"
CUST1290,P5128,5.0,2,2026-08-02,"['Added_to_Cart', 'Wishlisted']"
CUST1291,P5033,1.0,1,2025-09-24,['Browsed']
CUST1291,P5037,1.0,1,2026-06-30,['Browsed']
CUST1291,P5052,1.0,1,2026-06-11,['Browsed']
CUST1291,P5055,1.0,1,2026-02-18,['Browsed']
CUST1291,P5061,2.0,1,2025-11-24,['Wishlisted']
CUST1291,P5094,0.0,1,2026-04-22,['Design_Converted']
CUST1291,P5096,5.0,2,2025-11-11,"['Bought', 'Support_Contact']"
CUST1291,P5105,2.0,1,2025-11-01,['Wishlisted']
CUST1291,P5107,1.0,1,2025-10-09,['Browsed']
CUST1291,P5111,5.0,2,2026-01-22,"['Bought', 'Support_Contact']"
CUST1291,P5112,5.0,1,2026-03-10,['Bought']
CUST1292,P5001,2.0,1,2026-02-08,['Wishlisted']
CUST1292,P5004,1.0,1,2025-11-22,['Browsed']
CUST1292,P5005,9.0,2,2026-08-23,"['Bought', 'Reviewed']"
CUST1292,P5013,5.0,1,2025-11-01,['Bought']
CUST1292,P5023,5.0,1,2025-09-07,['Bought']
CUST1292,P5026,3.0,1,2026-08-04,['Added_to_Cart']
CUST1292,P5028,3.0,2,2026-02-15,"['Bought', 'Returned']"
CUST1292,P5044,11.0,3,2026-08-19,"['Bought', 'Reviewed']"
CUST1292,P5067,3.0,1,2026-07-12,['Added_to_Cart']
CUST1292,P5068,3.0,1,2026-06-14,['Added_to_Cart']
CUST1292,P5072,3.0,1,2026-05-09,['Added_to_Cart']
CUST1292,P5077,4.0,2,2026-07-04,"['Added_to_Cart', 'Browsed']"
CUST1292,P5084,9.0,2,2026-06-15,"['Bought', 'Reviewed']"
CUST1292,P5115,3.0,1,2026-08-10,['Added_to_Cart']
CUST1292,P5117,1.0,1,2026-08-14,['Browsed']
CUST1292,P5128,5.0,1,2026-04-17,['Bought']
CUST1293,P5002,5.0,1,2026-07-16,['Bought']
CUST1293,P5007,2.0,1,2026-05-04,['Wishlisted']
CUST1293,P5024,3.0,1,2026-04-19,['Added_to_Cart']
CUST1293,P5053,1.0,1,2026-01-10,['Browsed']
CUST1293,P5063,10.0,4,2026-04-12,"['Bought', 'Reviewed', 'Support_Contact']"
CUST1293,P5072,1.0,1,2026-01-08,['Browsed']
CUST1293,P5073,5.0,1,2026-06-17,['Bought']
CUST1293,P5079,5.0,1,2026-07-03,['Bought']
CUST1293,P5083,1.0,1,2025-09-11,['Browsed']
CUST1293,P5106,2.0,1,2026-02-05,['Wishlisted']
CUST1293,P5131,2.0,1,2026-08-08,['Wishlisted']
CUST1294,P5012,3.0,1,2026-05-04,['Added_to_Cart']
CUST1294,P5020,3.0,1,2026-04-21,['Added_to_Cart']
CUST1294,P5027,1.0,1,2026-08-05,['Browsed']
CUST1294,P5035,1.0,1,2025-12-27,['Browsed']
CUST1294,P5038,2.0,4,2026-08-18,"['Design_Converted', 'Reviewed', 'Support_Contact']"
CUST1294,P5041,2.0,1,2026-03-01,['Wishlisted']
CUST1294,P5047,3.0,1,2026-04-29,['Added_to_Cart']
CUST1294,P5050,11.0,3,2026-08-18,"['Bought', 'Reviewed']"
CUST1294,P5057,2.0,1,2025-11-19,['Wishlisted']
CUST1294,P5069,3.0,1,2026-07-26,['Added_to_Cart']
CUST1294,P5074,2.0,1,2026-04-16,['Wishlisted']
CUST1294,P5080,5.0,1,2025-08-27,['Bought']
CUST1294,P5111,1.0,1,2026-03-25,['Browsed']
CUST1294,P5116,3.0,1,2026-08-20,['Added_to_Cart']
CUST1294,P5126,5.0,1,2026-06-15,['Bought']
CUST1294,P5132,5.0,1,2025-09-09,['Bought']
CUST1295,P5014,3.0,1,2026-02-17,['Added_to_Cart']
CUST1295,P5016,8.0,3,2026-08-18,"['Bought', 'Reviewed', 'Support_Contact']"
CUST1295,P5027,5.0,1,2026-06-14,['Bought']
CUST1295,P5036,3.0,1,2026-05-31,['Added_to_Cart']
CUST1295,P5070,1.0,1,2025-11-01,['Browsed']
CUST1295,P5084,1.0,1,2025-12-08,['Browsed']
CUST1295,P5088,1.0,1,2026-07-05,['Browsed']
CUST1295,P5090,2.0,1,2026-03-13,['Wishlisted']
CUST1295,P5095,1.0,1,2026-07-26,['Browsed']
CUST1295,P5101,3.0,2,2026-03-12,"['Browsed', 'Wishlisted']"
CUST1295,P5106,5.0,1,2026-05-30,['Bought']
CUST1295,P5113,5.0,1,2025-12-07,['Bought']
CUST1295,P5116,3.0,1,2026-07-11,['Added_to_Cart']
CUST1295,P5120,1.0,1,2026-07-31,['Browsed']
CUST1295,P5138,1.0,1,2026-03-26,['Browsed']
CUST1296,P5011,5.0,1,2026-01-19,['Bought']
CUST1296,P5035,3.0,1,2026-06-15,['Added_to_Cart']
CUST1296,P5037,1.0,1,2025-08-25,['Browsed']
CUST1296,P5042,2.0,1,2026-04-04,['Wishlisted']
CUST1296,P5050,2.0,1,2025-11-03,['Wishlisted']
CUST1296,P5068,5.0,1,2026-03-15,['Bought']
CUST1296,P5104,3.0,4,2026-05-15,"['Bought', 'Returned', 'Reviewed']"
CUST1296,P5108,5.0,1,2025-08-29,['Bought']
CUST1296,P5112,3.0,1,2026-02-26,['Added_to_Cart']
CUST1296,P5115,1.0,1,2025-08-25,['Browsed']
CUST1296,P5121,3.0,2,2026-07-14,"['Browsed', 'Wishlisted']"
CUST1296,P5125,2.0,1,2026-04-04,['Wishlisted']
CUST1296,P5128,5.0,1,2025-06-15,['Bought']
CUST1296,P5130,2.0,1,2026-03-17,['Wishlisted']
CUST1297,P5001,1.0,1,2026-05-18,['Browsed']
CUST1297,P5011,3.0,1,2026-07-02,['Added_to_Cart']
CUST1297,P5022,2.0,1,2025-12-22,['Wishlisted']
CUST1297,P5023,6.0,2,2026-06-22,['Added_to_Cart']
CUST1297,P5039,5.0,1,2025-10-03,['Bought']
CUST1297,P5042,10.0,4,2026-08-18,"['Bought', 'Returned', 'Reviewed']"
CUST1297,P5050,9.0,3,2026-04-14,"['Added_to_Cart', 'Bought', 'Reviewed']"
CUST1297,P5053,5.0,1,2026-07-05,['Bought']
CUST1297,P5062,2.0,1,2026-06-17,['Wishlisted']
CUST1297,P5083,3.0,2,2025-12-17,"['Bought', 'Returned']"
CUST1297,P5089,1.0,1,2026-07-02,['Browsed']
CUST1297,P5101,8.0,2,2026-08-16,"['Bought', 'Reviewed']"
CUST1297,P5111,1.0,1,2026-07-20,['Browsed']
CUST1297,P5116,2.0,1,2026-06-14,['Wishlisted']
CUST1297,P5124,1.0,1,2026-04-29,['Browsed']
CUST1298,P5007,5.0,1,2025-05-26,['Bought']
CUST1298,P5013,0.0,1,2026-03-25,['Design_Converted']
CUST1298,P5025,1.0,1,2026-03-22,['Browsed']
CUST1298,P5026,3.0,1,2026-08-03,['Added_to_Cart']
CUST1298,P5030,5.0,1,2025-07-26,['Bought']
CUST1298,P5033,5.0,1,2026-05-09,['Bought']
CUST1298,P5060,1.0,1,2025-09-28,['Browsed']
CUST1298,P5086,1.0,1,2026-02-02,['Browsed']
CUST1298,P5097,3.0,2,2026-03-23,"['Bought', 'Returned']"
CUST1298,P5101,2.0,1,2026-06-08,['Wishlisted']
CUST1298,P5116,10.0,4,2026-08-21,"['Bought', 'Reviewed', 'Support_Contact']"
CUST1298,P5122,5.0,1,2025-08-21,['Bought']
CUST1299,P5010,5.0,1,2026-02-04,['Bought']
CUST1299,P5011,5.0,1,2026-06-08,['Bought']
CUST1299,P5016,1.0,1,2025-10-29,['Browsed']
CUST1299,P5031,4.0,3,2026-07-20,"['Bought', 'Returned', 'Reviewed']"
CUST1299,P5046,5.0,1,2025-08-30,['Bought']
CUST1299,P5048,1.0,1,2026-06-30,['Browsed']
CUST1299,P5052,5.0,1,2025-10-12,['Bought']
CUST1299,P5056,1.0,1,2025-09-16,['Browsed']
CUST1299,P5072,1.0,1,2026-05-07,['Browsed']
CUST1299,P5078,3.0,1,2026-06-28,['Added_to_Cart']
CUST1299,P5083,3.0,1,2026-03-09,['Added_to_Cart']
CUST1299,P5086,1.0,1,2025-09-16,['Browsed']
CUST1299,P5093,1.0,1,2026-07-23,['Browsed']
CUST1299,P5099,1.0,1,2026-05-16,['Browsed']
CUST1300,P5005,5.0,1,2025-06-09,['Bought']
CUST1300,P5010,1.0,1,2026-03-24,['Browsed']
CUST1300,P5032,1.0,1,2026-08-04,['Browsed']
CUST1300,P5079,1.0,1,2026-02-01,['Browsed']
CUST1300,P5080,1.0,1,2026-06-26,['Browsed']
CUST1300,P5090,3.0,1,2026-05-08,['Added_to_Cart']
CUST1300,P5093,1.0,1,2026-02-19,['Browsed']
CUST1300,P5109,2.0,1,2026-05-12,['Wishlisted']
CUST1300,P5131,2.0,1,2026-07-18,['Wishlisted']
CUST1301,P5008,3.0,2,2025-07-12,"['Bought', 'Returned']"
CUST1301,P5009,5.0,1,2026-03-30,['Bought']
CUST1301,P5017,2.0,1,2026-04-09,['Wishlisted']
CUST1301,P5020,1.0,1,2026-06-21,['Browsed']
CUST1301,P5022,5.0,1,2026-01-31,['Bought']
CUST1301,P5032,1.0,1,2026-06-29,['Browsed']
CUST1301,P5034,1.0,1,2025-10-24,['Browsed']
CUST1301,P5058,1.0,1,2026-03-22,['Browsed']
CUST1301,P5098,2.0,1,2026-03-13,['Wishlisted']
CUST1301,P5132,1.0,1,2025-11-18,['Browsed']
CUST1302,P5009,5.0,1,2025-07-30,['Bought']
CUST1302,P5010,3.0,1,2026-08-14,['Added_to_Cart']
CUST1302,P5025,7.0,2,2026-05-04,"['Bought', 'Reviewed']"
CUST1302,P5061,5.0,1,2025-06-02,['Bought']
CUST1302,P5062,1.0,1,2025-11-10,['Browsed']
CUST1302,P5068,1.0,1,2026-03-05,['Browsed']
CUST1302,P5095,5.0,1,2025-07-24,['Bought']
CUST1302,P5099,9.0,2,2026-08-19,"['Bought', 'Reviewed']"
CUST1302,P5100,1.0,1,2025-09-11,['Browsed']
CUST1302,P5114,1.0,1,2026-01-16,['Browsed']
CUST1302,P5128,1.0,1,2025-09-19,['Browsed']
CUST1303,P5062,3.0,1,2026-06-25,['Added_to_Cart']
CUST1303,P5068,3.0,1,2026-07-22,['Added_to_Cart']
CUST1303,P5085,5.0,2,2025-10-08,"['Bought', 'Support_Contact']"
CUST1303,P5092,1.0,1,2026-07-08,['Browsed']
CUST1303,P5094,1.0,1,2026-05-12,['Browsed']
CUST1303,P5124,5.0,1,2025-04-15,['Bought']
CUST1303,P5126,1.0,1,2026-07-13,['Browsed']
CUST1304,P5006,5.0,1,2026-02-24,['Bought']
CUST1304,P5010,5.0,1,2026-07-21,['Bought']
CUST1304,P5023,3.0,1,2026-03-21,['Added_to_Cart']
CUST1304,P5048,1.0,1,2026-08-17,['Browsed']
CUST1304,P5050,5.0,1,2025-04-21,['Bought']
CUST1304,P5078,5.0,1,2026-01-19,['Bought']
CUST1304,P5079,5.0,2,2026-03-06,"['Bought', 'Support_Contact']"
CUST1304,P5095,3.0,1,2026-04-20,['Added_to_Cart']
CUST1304,P5101,1.0,1,2026-08-15,['Browsed']
CUST1304,P5137,3.0,1,2026-03-05,['Added_to_Cart']
CUST1305,P5008,8.0,2,2025-12-20,"['Bought', 'Reviewed']"
CUST1305,P5018,1.0,1,2026-05-21,['Browsed']
CUST1305,P5050,1.0,1,2026-01-16,['Browsed']
CUST1305,P5053,1.0,1,2025-11-26,['Browsed']
CUST1305,P5057,1.0,1,2026-07-08,['Browsed']
CUST1305,P5084,9.0,4,2026-08-21,"['Bought', 'Returned', 'Reviewed']"
CUST1305,P5094,1.0,1,2026-07-20,['Browsed']
CUST1305,P5101,3.0,1,2026-05-09,['Added_to_Cart']
CUST1305,P5109,2.0,1,2025-11-17,['Wishlisted']
CUST1305,P5112,2.0,1,2026-06-12,['Wishlisted']
CUST1305,P5115,1.0,1,2026-07-17,['Browsed']
CUST1305,P5119,7.0,2,2026-08-19,"['Bought', 'Reviewed']"
CUST1305,P5124,3.0,2,2026-07-31,"['Browsed', 'Wishlisted']"
CUST1305,P5134,3.0,1,2026-06-02,['Added_to_Cart']
CUST1305,P5138,2.0,1,2026-02-07,['Wishlisted']
